venda_id;data_venda;cliente_id;produto_id;funcionario_id;quantidade;preco_unitario;desconto_aplicado;valor_total;forma_pagamento
1;2026-08-15;653;41;1;1;45;0%;45;Pix
2;2026-06-19;1607;5;11;1;950;0%;950;Boleto
3;2026-04-16;1940;26;12;1;2200;0%;2200;Cartão de Débito
4;2026-03-31;1602;7;3;2;320;0%;640;Cartão de Crédito
5;2026-06-09;1160;18;10;1;280;0%;280;Cartão de Crédito
6;2026-09-03;800;5;18;1;950;0%;950;Cartão de Crédito
7;2026-04-01;399;30;5;1;160;0%;160;Pix
8;2026-02-24;2378;2;2;1;80;0%;80;Cartão de Crédito
9;2026-09-10;1246;40;15;1;600;10%;540;Boleto
10;2026-08-13;671;3;5;1;250;0%;250;Cartão de Crédito
11;2026-04-26;1977;16;10;1;520;0%;520;Boleto
12;2025-11-25;860;23;7;1;400;0%;400;Pix
13;2025-12-21;38;6;12;1;220;10%;198;Pix
14;2026-07-03;418;36;5;3;550;0%;1650;Cartão de Débito
15;2026-03-23;1750;6;6;1;220;0%;220;Cartão de Crédito
16;2025-10-10;394;9;12;1;150;5%;142,5;Cartão de Crédito
17;2026-05-12;736;18;2;1;280;0%;280;Boleto
18;2025-11-11;2112;44;11;1;55;0%;55;Cartão de Crédito
19;2026-07-12;1777;31;5;1;120;0%;120;Pix
20;2026-07-30;1655;3;8;2;250;0%;500;Cartão de Crédito
21;2025-09-29;487;22;8;2;850;0%;1700;Cartão de Crédito
22;2026-04-03;2002;10;10;1;50;0%;50;Pix
23;2026-08-30;2442;16;6;3;520;0%;1560;Pix
24;2026-08-12;1538;19;3;2;490;0%;980;Cartão de Crédito
25;2026-05-07;1566;14;9;1;350;0%;350;Cartão de Crédito
26;2026-08-01;1824;22;12;1;850;0%;850;Pix
27;2025-09-17;492;8;4;3;110;0%;330;Pix
28;2025-10-24;500;3;16;1;250;0%;250;Cartão de Crédito
29;2026-08-06;2088;31;8;3;120;0%;360;Boleto
30;2025-09-23;2404;6;16;2;220;5%;418;Pix
31;2026-01-30;388;36;6;2;550;0%;1100;Cartão de Crédito
32;2026-03-27;1984;14;14;1;350;5%;332,5;Boleto
33;2026-02-11;2341;17;5;1;650;0%;650;Cartão de Crédito
34;2025-11-01;1333;11;3;1;3800;5%;3610;Cartão de Crédito
35;2026-09-12;2202;25;6;1;310;0%;310;Cartão de Débito
36;2026-04-07;81;8;13;4;110;0%;440;Cartão de Crédito
37;2026-06-23;2198;2;17;1;80;0%;80;Pix
38;2026-05-20;262;9;17;1;150;5%;142,5;Cartão de Crédito
39;2026-07-08;2208;16;4;1;520;10%;468;Cartão de Crédito
40;2025-12-27;481;28;6;2;420;0%;840;Pix
41;2026-07-15;738;22;1;1;850;0%;850;Pix
42;2026-06-23;1832;32;11;1;480;0%;480;Cartão de Crédito
43;2025-11-13;161;20;5;1;190;0%;190;Cartão de Crédito
44;2026-07-03;845;7;6;1;320;0%;320;Cartão de Crédito
45;2025-10-26;2304;13;9;2;2900;5%;5510;Cartão de Crédito
46;2025-09-29;347;4;4;1;1400;5%;1330;Boleto
47;2026-05-29;1223;23;12;1;400;5%;380;Pix
48;2026-06-17;703;8;14;1;110;0%;110;Boleto
49;2026-08-14;1;22;8;3;850;0%;2550;Cartão de Crédito
50;2026-02-12;190;36;17;2;550;5%;1045;Pix
51;2026-02-09;2188;3;15;1;250;0%;250;Boleto
52;2025-11-22;2364;1;16;1;4500;0%;4500;Pix
53;2026-09-02;1282;5;17;1;950;0%;950;Pix
54;2026-03-11;2483;7;18;2;320;0%;640;Cartão de Crédito
55;2026-05-31;860;27;4;1;350;0%;350;Boleto
56;2026-08-17;184;19;8;2;490;0%;980;Cartão de Crédito
57;2025-09-30;771;8;5;1;110;10%;99;Cartão de Crédito
58;2026-02-12;882;22;5;3;850;0%;2550;Pix
59;2026-07-17;2262;16;7;1;520;0%;520;Pix
60;2026-07-11;1471;1;9;1;4500;0%;4500;Cartão de Crédito
61;2025-11-16;1729;41;3;3;45;5%;128,25;Cartão de Crédito
62;2026-06-20;1045;39;9;1;290;0%;290;Cartão de Débito
63;2026-03-26;669;33;13;4;1200;0%;4800;Cartão de Crédito
64;2026-05-03;342;10;9;2;50;0%;100;Pix
65;2026-08-24;1743;25;5;3;310;0%;930;Cartão de Crédito
66;2026-06-13;835;44;3;1;55;0%;55;Pix
67;2026-07-31;1104;27;7;3;350;0%;1050;Pix
68;2026-09-12;1525;9;17;1;150;5%;142,5;Boleto
69;2026-07-18;672;38;14;2;390;0%;780;Pix
70;2025-11-29;1296;23;14;2;400;0%;800;Pix
71;2026-03-25;107;11;8;3;3800;0%;11400;Cartão de Crédito
72;2025-10-21;1107;2;4;1;80;0%;80;Pix
73;2026-06-11;451;20;18;1;190;0%;190;Cartão de Crédito
74;2026-04-08;271;12;11;2;180;0%;360;Pix
75;2026-08-05;365;7;12;2;320;0%;640;Cartão de Crédito
76;2026-03-01;1120;18;5;1;280;0%;280;Pix
77;2026-01-05;1121;43;1;2;65;0%;130;Cartão de Crédito
78;2025-11-01;1545;9;8;2;150;0%;300;Cartão de Crédito
79;2026-03-24;431;42;4;1;35;5%;33,25;Pix
80;2025-12-10;2157;6;10;1;220;0%;220;Cartão de Crédito
81;2026-07-10;2006;26;4;1;2200;0%;2200;Cartão de Crédito
82;2026-06-09;1430;27;10;4;350;0%;1400;Pix
83;2026-06-21;1111;8;4;1;110;0%;110;Pix
84;2025-10-06;700;4;11;1;1400;0%;1400;Cartão de Crédito
85;2026-03-30;741;25;12;2;310;0%;620;Cartão de Crédito
86;2026-08-25;2178;16;18;1;520;0%;520;Cartão de Crédito
87;2026-07-13;1650;21;16;1;1600;0%;1600;Cartão de Crédito
88;2026-07-12;523;22;9;1;850;0%;850;Boleto
89;2025-09-16;2104;5;5;2;950;0%;1900;Pix
90;2026-08-14;518;20;5;1;190;5%;180,5;Pix
91;2026-03-24;2325;23;9;1;400;0%;400;Pix
92;2025-10-09;1517;12;8;3;180;10%;486;Boleto
93;2026-08-25;2494;2;14;1;80;0%;80;Cartão de Crédito
94;2026-09-08;1876;24;6;1;380;0%;380;Cartão de Crédito
95;2026-04-24;1450;1;15;2;4500;5%;8550;Cartão de Crédito
96;2026-05-27;1175;25;9;1;310;0%;310;Boleto
97;2026-04-19;2133;31;8;2;120;0%;240;Cartão de Crédito
98;2026-02-15;357;31;10;2;120;10%;216;Cartão de Crédito
99;2026-04-08;1281;29;3;1;380;0%;380;Cartão de Débito
100;2026-08-02;326;14;3;2;350;0%;700;Pix
101;2026-01-12;384;37;6;1;140;0%;140;Boleto
102;2026-07-03;236;36;3;1;550;0%;550;Cartão de Crédito
103;2026-02-05;2270;3;16;3;250;0%;750;Cartão de Débito
104;2025-09-17;1737;20;17;4;190;0%;760;Cartão de Crédito
105;2025-11-20;1965;11;16;1;3800;0%;3800;Pix
106;2026-06-02;2181;30;4;2;160;0%;320;Cartão de Crédito
107;2026-04-07;57;19;7;1;490;0%;490;Boleto
108;2025-09-15;1741;4;18;1;1400;0%;1400;Pix
109;2026-03-07;1001;3;17;1;250;0%;250;Pix
110;2026-08-28;2496;32;2;1;480;0%;480;Cartão de Crédito
111;2026-07-19;1838;44;6;1;55;0%;55;Cartão de Crédito
112;2026-08-23;2145;40;8;2;600;10%;1080;Pix
113;2025-12-10;308;3;12;1;250;0%;250;Pix
114;2025-11-19;2105;37;12;1;140;0%;140;Cartão de Crédito
115;2025-10-08;1732;15;16;1;750;0%;750;Cartão de Crédito
116;2026-03-25;699;23;12;1;400;0%;400;Pix
117;2025-11-08;1385;12;8;4;180;0%;720;Boleto
118;2026-06-15;483;42;10;1;35;0%;35;Cartão de Débito
119;2026-02-12;1979;36;10;1;550;0%;550;Cartão de Débito
120;2026-01-25;873;19;1;1;490;10%;441;Pix
121;2026-08-01;2330;25;13;1;310;0%;310;Pix
122;2026-01-01;1249;37;17;1;140;0%;140;Cartão de Crédito
123;2025-09-30;1897;36;16;4;550;0%;2200;Pix
124;2025-10-11;1458;6;1;1;220;0%;220;Cartão de Crédito
125;2026-07-24;1886;3;11;1;250;10%;225;Cartão de Débito
126;2026-02-11;1450;18;4;2;280;0%;560;Boleto
127;2025-09-14;1433;5;6;2;950;5%;1805;Boleto
128;2026-04-05;1453;26;1;3;2200;0%;6600;Cartão de Crédito
129;2025-11-02;1765;34;16;3;890;0%;2670;Cartão de Crédito
130;2025-12-22;348;31;17;1;120;10%;108;Cartão de Crédito
131;2026-06-02;630;12;14;1;180;10%;162;Boleto
132;2025-11-14;1997;15;1;2;750;0%;1500;Cartão de Crédito
133;2025-11-30;1025;34;8;1;890;5%;845,5;Cartão de Débito
134;2026-05-10;1620;19;12;5;490;0%;2450;Cartão de Débito
135;2026-02-12;1493;8;14;2;110;0%;220;Cartão de Crédito
136;2025-12-14;2198;21;9;4;1600;0%;6400;Pix
137;2025-11-06;1797;12;15;1;180;0%;180;Pix
138;2025-12-03;573;29;12;1;380;0%;380;Boleto
139;2026-04-22;24;19;12;1;490;5%;465,5;Cartão de Crédito
140;2026-09-10;813;1;4;1;4500;0%;4500;Pix
141;2025-12-18;1167;7;2;2;320;0%;640;Cartão de Crédito
142;2025-11-19;1617;20;14;1;190;0%;190;Cartão de Crédito
143;2026-02-28;130;11;6;3;3800;0%;11400;Pix
144;2026-08-19;816;22;16;1;850;5%;807,5;Cartão de Débito
145;2026-08-18;1089;39;4;1;290;0%;290;Cartão de Crédito
146;2026-04-15;2004;43;18;1;65;0%;65;Cartão de Crédito
147;2026-05-23;522;8;11;1;110;0%;110;Cartão de Crédito
148;2026-04-04;2056;5;13;1;950;0%;950;Pix
149;2025-11-18;450;11;4;1;3800;5%;3610;Cartão de Crédito
150;2025-09-22;517;6;5;2;220;0%;440;Cartão de Crédito
151;2026-03-07;2049;9;1;1;150;0%;150;Cartão de Crédito
152;2026-08-28;969;15;2;1;750;0%;750;Cartão de Crédito
153;2026-08-25;1402;25;14;1;310;0%;310;Pix
154;2026-07-14;33;3;14;1;250;5%;237,5;Cartão de Débito
155;2026-05-15;1186;9;10;1;150;5%;142,5;Pix
156;2026-05-18;339;7;14;1;320;0%;320;Cartão de Crédito
157;2026-01-16;625;12;17;1;180;0%;180;Pix
158;2025-12-16;1022;8;9;1;110;0%;110;Boleto
159;2025-11-09;1080;18;8;1;280;0%;280;Cartão de Crédito
160;2026-08-19;1758;8;7;1;110;0%;110;Cartão de Crédito
161;2026-05-12;423;10;17;1;50;0%;50;Cartão de Crédito
162;2026-07-21;743;36;7;1;550;0%;550;Pix
163;2026-07-11;610;17;8;2;650;0%;1300;Pix
164;2025-11-12;542;27;13;1;350;0%;350;Cartão de Crédito
165;2025-10-01;1122;12;7;1;180;0%;180;Pix
166;2025-11-25;1747;44;1;1;55;0%;55;Cartão de Crédito
167;2026-07-24;818;5;3;1;950;0%;950;Cartão de Crédito
168;2025-10-08;1558;9;14;1;150;0%;150;Boleto
169;2026-06-07;1256;18;8;1;280;0%;280;Cartão de Débito
170;2026-01-03;1377;13;14;1;2900;10%;2610;Boleto
171;2026-05-15;252;8;17;2;110;0%;220;Pix
172;2026-04-18;212;19;10;3;490;0%;1470;Cartão de Crédito
173;2025-11-07;1103;6;12;2;220;0%;440;Cartão de Crédito
174;2026-02-02;1438;8;14;1;110;0%;110;Pix
175;2026-01-16;1311;20;2;1;190;0%;190;Cartão de Crédito
176;2025-12-14;168;2;1;1;80;0%;80;Cartão de Crédito
177;2025-10-08;1318;44;7;1;55;0%;55;Boleto
178;2026-02-05;1934;24;9;1;380;0%;380;Pix
179;2026-07-19;413;13;14;1;2900;0%;2900;Cartão de Débito
180;2025-12-15;1034;42;16;2;35;0%;70;Pix
181;2026-03-17;1370;6;10;3;220;0%;660;Pix
182;2025-11-08;397;33;1;1;1200;0%;1200;Pix
183;2026-08-27;2261;5;5;1;950;0%;950;Boleto
184;2026-02-28;1477;18;12;2;280;0%;560;Boleto
185;2026-07-10;2167;31;12;1;120;0%;120;Cartão de Crédito
186;2026-01-11;1131;10;7;1;50;0%;50;Pix
187;2026-07-08;1574;37;3;1;140;0%;140;Pix
188;2025-11-05;535;22;4;3;850;0%;2550;Cartão de Débito
189;2025-10-03;2403;11;7;1;3800;0%;3800;Pix
190;2025-12-19;1826;18;4;1;280;5%;266;Pix
191;2025-10-20;2239;10;11;1;50;0%;50;Pix
192;2026-02-13;1943;19;7;1;490;0%;490;Boleto
193;2026-06-12;630;32;2;1;480;0%;480;Boleto
194;2025-11-16;786;13;14;1;2900;0%;2900;Cartão de Crédito
195;2026-06-20;1035;26;18;1;2200;0%;2200;Pix
196;2026-03-08;1500;18;15;2;280;0%;560;Cartão de Crédito
197;2026-07-31;481;37;14;1;140;0%;140;Cartão de Crédito
198;2025-10-16;1978;40;14;1;600;0%;600;Pix
199;2026-06-07;2064;21;1;1;1600;0%;1600;Boleto
200;2025-12-06;2455;19;9;3;490;0%;1470;Cartão de Débito
201;2026-09-03;529;5;10;2;950;0%;1900;Pix
202;2025-10-05;2320;27;2;1;350;5%;332,5;Cartão de Débito
203;2026-09-02;780;4;13;1;1400;10%;1260;Boleto
204;2026-05-23;2181;38;17;1;390;5%;370,5;Pix
205;2025-10-20;678;13;15;1;2900;0%;2900;Cartão de Crédito
206;2026-05-30;1574;1;18;2;4500;0%;9000;Cartão de Crédito
207;2026-03-30;1642;38;9;1;390;0%;390;Cartão de Crédito
208;2025-12-26;754;15;1;2;750;0%;1500;Cartão de Crédito
209;2025-12-02;2343;6;7;1;220;0%;220;Cartão de Crédito
210;2026-07-12;37;12;17;3;180;0%;540;Pix
211;2026-05-03;2064;23;17;1;400;0%;400;Cartão de Débito
212;2026-01-22;1243;13;8;1;2900;0%;2900;Cartão de Débito
213;2026-02-10;1100;20;18;1;190;0%;190;Pix
214;2025-11-11;701;36;8;1;550;0%;550;Cartão de Crédito
215;2025-10-05;2186;16;8;1;520;0%;520;Cartão de Crédito
216;2026-02-08;161;15;5;2;750;0%;1500;Cartão de Crédito
217;2026-02-01;545;19;9;1;490;0%;490;Cartão de Crédito
218;2025-10-08;1020;40;7;2;600;0%;1200;Cartão de Crédito
219;2026-06-12;476;13;1;1;2900;0%;2900;Cartão de Crédito
220;2026-08-10;1424;23;12;2;400;0%;800;Cartão de Crédito
221;2026-02-25;341;24;18;1;380;0%;380;Cartão de Crédito
222;2026-01-25;548;6;14;2;220;0%;440;Cartão de Crédito
223;2026-07-22;1208;8;11;1;110;0%;110;Boleto
224;2025-10-11;43;13;12;2;2900;0%;5800;Cartão de Crédito
225;2026-01-02;1146;36;6;1;550;0%;550;Cartão de Crédito
226;2026-01-21;65;1;18;1;4500;0%;4500;Pix
227;2026-08-14;2390;36;4;1;550;5%;522,5;Cartão de Crédito
228;2026-08-30;1565;12;9;1;180;0%;180;Cartão de Crédito
229;2026-07-29;2476;13;18;1;2900;0%;2900;Cartão de Crédito
230;2025-12-26;1812;40;8;1;600;0%;600;Cartão de Crédito
231;2026-02-25;1101;16;7;2;520;5%;988;Pix
232;2026-07-06;1620;1;5;1;4500;0%;4500;Pix
233;2026-04-28;950;8;14;1;110;0%;110;Boleto
234;2026-03-19;608;18;16;5;280;0%;1400;Cartão de Crédito
235;2025-10-29;2032;38;6;1;390;0%;390;Pix
236;2026-05-05;758;19;6;1;490;0%;490;Boleto
237;2025-12-17;2334;1;16;1;4500;0%;4500;Boleto
238;2025-12-13;1156;21;1;3;1600;0%;4800;Pix
239;2026-02-17;668;38;6;1;390;0%;390;Cartão de Crédito
240;2026-04-01;2490;2;7;1;80;0%;80;Pix
241;2025-10-17;588;21;3;1;1600;0%;1600;Cartão de Crédito
242;2026-04-18;1005;11;15;1;3800;0%;3800;Cartão de Crédito
243;2026-08-08;1649;16;4;1;520;0%;520;Cartão de Débito
244;2026-06-08;563;7;1;2;320;0%;640;Cartão de Crédito
245;2026-07-17;409;2;13;1;80;0%;80;Pix
246;2026-03-27;85;29;4;1;380;0%;380;Cartão de Crédito
247;2025-09-18;180;16;5;2;520;0%;1040;Cartão de Crédito
248;2026-01-17;343;31;9;1;120;0%;120;Pix
249;2025-11-24;2457;20;1;1;190;0%;190;Cartão de Crédito
250;2025-09-16;436;4;18;3;1400;10%;3780;Cartão de Crédito
251;2026-03-04;349;18;7;1;280;5%;266;Pix
252;2025-11-22;1968;23;15;2;400;0%;800;Boleto
253;2025-12-04;1260;16;11;1;520;0%;520;Cartão de Débito
254;2026-05-15;633;2;8;3;80;0%;240;Cartão de Débito
255;2025-10-10;2227;19;9;1;490;5%;465,5;Cartão de Crédito
256;2026-07-30;2227;9;4;2;150;5%;285;Cartão de Débito
257;2025-09-22;183;16;4;3;520;5%;1482;Boleto
258;2026-06-17;1216;32;4;1;480;0%;480;Pix
259;2026-05-31;1702;4;5;1;1400;0%;1400;Pix
260;2025-09-12;919;26;1;1;2200;0%;2200;Cartão de Crédito
261;2026-01-06;1750;30;13;1;160;0%;160;Pix
262;2025-11-26;1448;21;10;3;1600;0%;4800;Cartão de Crédito
263;2026-01-05;1576;1;4;3;4500;5%;12825;Pix
264;2026-05-21;695;30;4;3;160;10%;432;Cartão de Crédito
265;2026-01-04;417;13;10;2;2900;0%;5800;Pix
266;2026-03-13;313;44;11;3;55;0%;165;Cartão de Crédito
267;2025-11-11;1477;27;3;1;350;0%;350;Cartão de Crédito
268;2025-10-04;2477;9;5;1;150;0%;150;Cartão de Crédito
269;2025-12-12;1756;1;17;1;4500;10%;4050;Cartão de Crédito
270;2026-03-02;2457;24;6;1;380;0%;380;Cartão de Débito
271;2026-08-25;1742;3;5;2;250;0%;500;Boleto
272;2026-08-19;1236;15;10;3;750;0%;2250;Cartão de Crédito
273;2026-03-09;426;7;9;5;320;5%;1520;Pix
274;2026-05-25;1512;17;9;1;650;0%;650;Cartão de Crédito
275;2026-09-11;313;6;1;1;220;0%;220;Cartão de Crédito
276;2025-11-27;601;42;11;1;35;5%;33,25;Cartão de Débito
277;2025-11-26;1600;6;15;5;220;0%;1100;Pix
278;2026-05-14;276;5;4;2;950;5%;1805;Cartão de Crédito
279;2026-07-04;1751;18;9;1;280;0%;280;Pix
280;2025-11-25;371;35;11;1;250;0%;250;Cartão de Crédito
281;2025-11-16;745;41;13;3;45;5%;128,25;Boleto
282;2026-03-11;1308;19;16;2;490;0%;980;Cartão de Crédito
283;2026-04-17;1972;8;14;1;110;0%;110;Cartão de Crédito
284;2026-07-17;1366;7;5;1;320;0%;320;Cartão de Crédito
285;2026-08-12;1008;16;13;2;520;0%;1040;Pix
286;2026-04-14;2251;11;16;2;3800;0%;7600;Pix
287;2026-06-14;2187;35;16;1;250;0%;250;Pix
288;2026-06-11;2197;34;8;2;890;0%;1780;Boleto
289;2026-03-27;343;24;14;2;380;0%;760;Pix
290;2026-06-08;2367;35;8;1;250;5%;237,5;Cartão de Crédito
291;2026-09-06;358;4;8;2;1400;0%;2800;Pix
292;2026-03-16;12;31;7;1;120;5%;114;Pix
293;2025-09-20;1485;9;18;1;150;0%;150;Cartão de Débito
294;2026-05-12;548;8;4;1;110;0%;110;Pix
295;2025-10-12;1431;4;12;2;1400;0%;2800;Pix
296;2025-11-22;1208;11;15;4;3800;0%;15200;Cartão de Débito
297;2025-11-24;2259;39;14;1;290;0%;290;Cartão de Crédito
298;2026-01-14;864;26;8;1;2200;0%;2200;Pix
299;2025-10-10;565;22;4;1;850;0%;850;Boleto
300;2026-09-03;587;42;13;4;35;0%;140;Cartão de Crédito
301;2025-09-25;1740;1;12;2;4500;0%;9000;Cartão de Crédito
302;2025-10-09;435;29;3;1;380;0%;380;Cartão de Crédito
303;2026-05-14;2433;45;6;1;180;0%;180;Cartão de Crédito
304;2025-09-27;602;30;12;1;160;0%;160;Cartão de Crédito
305;2025-11-23;324;24;8;1;380;0%;380;Cartão de Crédito
306;2025-10-21;52;5;14;4;950;0%;3800;Cartão de Débito
307;2025-11-27;748;22;16;1;850;0%;850;Cartão de Crédito
308;2025-11-22;2161;13;10;5;2900;5%;13775;Cartão de Crédito
309;2026-05-10;1686;1;11;1;4500;0%;4500;Cartão de Crédito
310;2026-04-27;55;16;10;2;520;10%;936;Cartão de Crédito
311;2025-11-07;639;29;2;2;380;0%;760;Boleto
312;2026-08-06;132;22;6;2;850;0%;1700;Cartão de Crédito
313;2026-05-27;657;21;1;3;1600;0%;4800;Cartão de Crédito
314;2026-04-02;1736;4;15;1;1400;0%;1400;Cartão de Crédito
315;2026-06-22;1057;16;17;1;520;0%;520;Pix
316;2026-02-15;932;30;14;1;160;0%;160;Cartão de Crédito
317;2025-12-01;1114;3;3;1;250;0%;250;Cartão de Crédito
318;2026-06-06;1547;9;5;1;150;0%;150;Boleto
319;2025-12-29;1641;2;2;2;80;0%;160;Cartão de Crédito
320;2026-01-02;1607;44;6;1;55;0%;55;Cartão de Crédito
321;2026-06-25;2479;25;3;1;310;0%;310;Cartão de Crédito
322;2026-09-01;1919;17;16;1;650;0%;650;Cartão de Crédito
323;2026-02-19;1660;3;13;1;250;0%;250;Cartão de Crédito
324;2025-12-05;224;25;12;1;310;5%;294,5;Cartão de Crédito
325;2026-08-09;1738;3;7;1;250;0%;250;Pix
326;2026-01-28;445;39;4;1;290;0%;290;Pix
327;2025-10-21;1486;35;11;2;250;0%;500;Boleto
328;2025-09-26;982;31;10;1;120;0%;120;Boleto
329;2025-12-04;2219;31;4;1;120;0%;120;Pix
330;2025-10-15;868;27;1;1;350;0%;350;Cartão de Crédito
331;2026-02-17;769;5;18;1;950;5%;902,5;Cartão de Crédito
332;2025-12-24;133;11;8;4;3800;0%;15200;Pix
333;2026-01-27;349;17;2;2;650;0%;1300;Pix
334;2026-06-27;1982;45;2;1;180;10%;162;Pix
335;2025-10-06;1289;24;3;1;380;0%;380;Cartão de Crédito
336;2026-02-17;35;15;12;1;750;5%;712,5;Pix
337;2026-02-03;1631;14;17;2;350;0%;700;Cartão de Crédito
338;2025-12-20;1289;2;13;5;80;5%;380;Pix
339;2026-03-13;531;26;4;1;2200;0%;2200;Boleto
340;2026-02-28;1669;14;17;3;350;0%;1050;Pix
341;2025-11-02;2057;7;5;3;320;0%;960;Pix
342;2025-09-24;2406;4;13;2;1400;0%;2800;Boleto
343;2026-05-14;2402;8;2;1;110;10%;99;Cartão de Crédito
344;2026-02-07;661;16;5;2;520;0%;1040;Boleto
345;2026-08-27;1897;17;3;1;650;0%;650;Pix
346;2026-07-29;383;13;8;1;2900;10%;2610;Cartão de Crédito
347;2025-12-31;577;10;6;2;50;0%;100;Cartão de Crédito
348;2026-05-26;2115;15;17;4;750;0%;3000;Cartão de Crédito
349;2026-03-05;1833;17;5;1;650;0%;650;Boleto
350;2026-03-04;1192;8;12;1;110;0%;110;Pix
351;2026-07-28;1765;5;2;1;950;0%;950;Pix
352;2026-09-11;1588;16;8;2;520;5%;988;Boleto
353;2025-12-27;2486;34;3;1;890;0%;890;Cartão de Crédito
354;2025-11-29;2323;2;16;1;80;0%;80;Cartão de Débito
355;2025-10-31;62;4;5;1;1400;0%;1400;Cartão de Débito
356;2026-02-17;2242;17;3;1;650;0%;650;Cartão de Crédito
357;2026-05-25;386;42;15;5;35;0%;175;Cartão de Débito
358;2026-02-19;696;34;10;1;890;0%;890;Pix
359;2025-12-03;280;24;9;1;380;0%;380;Cartão de Crédito
360;2026-07-04;1489;25;12;1;310;0%;310;Pix
361;2025-10-27;292;3;6;4;250;0%;1000;Cartão de Crédito
362;2026-09-10;1888;6;9;2;220;0%;440;Boleto
363;2026-05-12;1049;24;15;3;380;0%;1140;Pix
364;2026-08-10;576;19;4;2;490;0%;980;Cartão de Débito
365;2026-06-30;2000;24;2;2;380;0%;760;Pix
366;2026-03-17;1175;23;13;1;400;0%;400;Pix
367;2026-04-09;529;2;15;5;80;10%;360;Cartão de Crédito
368;2026-03-18;2100;29;11;3;380;0%;1140;Pix
369;2026-03-22;342;13;14;3;2900;0%;8700;Pix
370;2026-05-29;1844;28;9;2;420;0%;840;Cartão de Crédito
371;2026-08-27;175;4;2;2;1400;0%;2800;Cartão de Crédito
372;2026-01-15;2298;12;1;1;180;0%;180;Pix
373;2025-11-30;432;15;10;1;750;0%;750;Cartão de Crédito
374;2026-03-23;649;3;13;1;250;0%;250;Pix
375;2025-10-19;914;15;13;1;750;0%;750;Boleto
376;2026-05-06;383;16;12;1;520;0%;520;Cartão de Crédito
377;2026-05-08;1919;13;18;1;2900;0%;2900;Pix
378;2026-05-08;447;28;3;1;420;5%;399;Pix
379;2025-12-13;444;1;13;4;4500;0%;18000;Cartão de Crédito
380;2026-04-21;818;36;13;1;550;0%;550;Cartão de Débito
381;2026-02-27;265;39;11;1;290;0%;290;Cartão de Crédito
382;2026-03-06;2476;8;16;1;110;0%;110;Cartão de Crédito
383;2025-12-29;1951;18;4;2;280;0%;560;Pix
384;2026-02-01;1862;9;2;2;150;0%;300;Cartão de Crédito
385;2026-06-18;638;24;16;1;380;0%;380;Pix
386;2025-11-25;875;4;11;2;1400;0%;2800;Cartão de Crédito
387;2026-06-29;129;16;13;4;520;5%;1976;Pix
388;2025-10-13;1481;22;14;1;850;10%;765;Pix
389;2026-05-12;875;36;2;2;550;0%;1100;Cartão de Crédito
390;2025-12-29;94;13;14;1;2900;5%;2755;Boleto
391;2026-01-28;1033;8;6;1;110;0%;110;Cartão de Crédito
392;2025-10-24;581;14;3;2;350;0%;700;Cartão de Crédito
393;2026-01-30;1660;15;3;1;750;0%;750;Cartão de Crédito
394;2026-02-11;1850;34;14;2;890;0%;1780;Cartão de Crédito
395;2026-06-07;877;22;9;1;850;0%;850;Pix
396;2025-12-15;221;13;3;1;2900;0%;2900;Cartão de Crédito
397;2026-04-19;1401;4;10;5;1400;0%;7000;Cartão de Crédito
398;2025-12-05;814;26;12;1;2200;0%;2200;Cartão de Débito
399;2026-04-14;1973;3;16;1;250;0%;250;Pix
400;2026-06-13;659;3;14;1;250;0%;250;Boleto
401;2026-03-12;2337;10;13;1;50;0%;50;Cartão de Crédito
402;2025-09-17;2298;17;7;1;650;0%;650;Boleto
403;2025-10-21;2370;18;5;1;280;5%;266;Pix
404;2026-02-24;1297;10;1;1;50;0%;50;Pix
405;2025-11-28;1879;23;5;5;400;0%;2000;Pix
406;2026-05-25;1297;2;4;1;80;0%;80;Cartão de Débito
407;2026-08-23;1665;25;9;1;310;0%;310;Pix
408;2026-06-05;16;15;15;1;750;0%;750;Cartão de Crédito
409;2025-11-15;1841;30;4;2;160;5%;304;Cartão de Crédito
410;2025-09-30;896;5;7;1;950;10%;855;Cartão de Débito
411;2026-04-15;2237;33;6;1;1200;0%;1200;Pix
412;2026-07-16;1547;28;7;1;420;0%;420;Boleto
413;2026-03-09;860;26;7;2;2200;0%;4400;Cartão de Crédito
414;2026-08-25;2363;12;1;1;180;0%;180;Cartão de Débito
415;2026-03-20;1491;10;1;1;50;0%;50;Cartão de Crédito
416;2026-02-13;1258;17;17;1;650;5%;617,5;Cartão de Crédito
417;2025-11-14;2045;33;15;5;1200;0%;6000;Cartão de Débito
418;2026-04-11;1681;31;12;1;120;0%;120;Boleto
419;2026-03-11;2222;31;14;2;120;0%;240;Cartão de Crédito
420;2026-06-06;1376;13;4;1;2900;0%;2900;Pix
421;2025-12-11;1880;43;14;1;65;0%;65;Boleto
422;2026-03-22;725;34;18;1;890;5%;845,5;Cartão de Crédito
423;2026-07-13;667;28;18;1;420;0%;420;Pix
424;2026-04-23;1563;5;10;1;950;0%;950;Cartão de Crédito
425;2026-08-15;1792;4;10;1;1400;10%;1260;Pix
426;2026-09-06;407;14;3;4;350;0%;1400;Pix
427;2025-11-04;368;4;1;1;1400;0%;1400;Cartão de Crédito
428;2026-07-24;1685;23;4;1;400;0%;400;Cartão de Crédito
429;2026-05-24;2232;15;4;2;750;0%;1500;Cartão de Débito
430;2026-08-02;1820;25;17;1;310;10%;279;Cartão de Crédito
431;2026-07-06;134;4;10;1;1400;0%;1400;Cartão de Crédito
432;2026-04-15;868;2;8;2;80;0%;160;Cartão de Débito
433;2026-05-02;2260;21;13;2;1600;0%;3200;Pix
434;2025-11-09;802;14;16;1;350;0%;350;Boleto
435;2025-11-14;1437;6;15;1;220;0%;220;Cartão de Crédito
436;2026-04-11;1622;27;1;2;350;0%;700;Cartão de Crédito
437;2026-03-22;918;16;17;1;520;0%;520;Cartão de Crédito
438;2026-02-04;1097;4;9;2;1400;0%;2800;Cartão de Crédito
439;2026-02-16;1699;8;8;1;110;10%;99;Boleto
440;2025-09-14;1699;16;2;4;520;0%;2080;Pix
441;2025-09-19;108;33;5;1;1200;0%;1200;Cartão de Crédito
442;2026-03-22;2126;10;11;1;50;0%;50;Cartão de Crédito
443;2026-03-02;699;13;14;1;2900;0%;2900;Pix
444;2026-01-13;2277;41;13;3;45;0%;135;Cartão de Crédito
445;2025-12-19;1612;14;2;2;350;0%;700;Boleto
446;2026-07-04;1758;37;5;1;140;0%;140;Pix
447;2026-08-03;1600;36;6;2;550;0%;1100;Pix
448;2026-04-06;1304;17;17;1;650;0%;650;Pix
449;2025-12-02;1792;24;8;1;380;0%;380;Cartão de Crédito
450;2025-11-01;518;3;17;2;250;0%;500;Cartão de Crédito
451;2025-11-11;2364;27;13;4;350;0%;1400;Cartão de Crédito
452;2026-07-30;1066;29;18;1;380;0%;380;Cartão de Crédito
453;2025-12-02;1321;3;7;1;250;0%;250;Pix
454;2025-10-29;383;1;1;1;4500;0%;4500;Cartão de Débito
455;2026-04-23;48;29;5;1;380;0%;380;Cartão de Crédito
456;2025-09-26;2227;4;3;1;1400;0%;1400;Pix
457;2026-07-01;1567;18;1;1;280;0%;280;Cartão de Débito
458;2025-11-17;1859;9;12;2;150;10%;270;Pix
459;2025-12-16;982;28;8;1;420;5%;399;Pix
460;2026-02-11;794;11;18;1;3800;5%;3610;Cartão de Crédito
461;2026-01-15;1549;14;9;1;350;0%;350;Pix
462;2026-08-15;212;8;9;3;110;0%;330;Cartão de Crédito
463;2025-10-24;589;23;1;3;400;0%;1200;Boleto
464;2026-08-04;2374;33;4;2;1200;5%;2280;Cartão de Crédito
465;2025-11-07;1881;15;4;2;750;5%;1425;Pix
466;2025-11-05;581;23;10;2;400;0%;800;Pix
467;2026-01-24;740;39;3;5;290;0%;1450;Cartão de Crédito
468;2025-10-21;2025;26;12;1;2200;5%;2090;Cartão de Crédito
469;2025-12-27;1601;33;4;1;1200;0%;1200;Pix
470;2026-05-21;90;17;14;1;650;0%;650;Pix
471;2025-10-19;1993;35;3;2;250;0%;500;Pix
472;2025-12-28;1720;15;13;1;750;0%;750;Cartão de Crédito
473;2026-02-19;1847;45;6;2;180;0%;360;Cartão de Crédito
474;2025-12-13;1224;6;1;2;220;0%;440;Pix
475;2025-12-12;2324;6;2;1;220;0%;220;Pix
476;2025-11-11;1405;1;12;1;4500;0%;4500;Cartão de Crédito
477;2026-05-17;2458;6;18;2;220;10%;396;Cartão de Crédito
478;2025-09-14;649;5;17;1;950;0%;950;Boleto
479;2026-01-20;499;12;7;5;180;0%;900;Pix
480;2026-07-19;122;20;18;3;190;0%;570;Cartão de Crédito
481;2025-09-23;2122;1;17;2;4500;0%;9000;Cartão de Crédito
482;2025-11-29;886;3;12;2;250;0%;500;Cartão de Crédito
483;2025-11-09;889;2;1;1;80;0%;80;Pix
484;2026-02-26;568;21;8;1;1600;0%;1600;Boleto
485;2025-10-24;519;32;9;1;480;0%;480;Cartão de Crédito
486;2026-01-30;1973;11;7;1;3800;0%;3800;Pix
487;2025-10-29;1428;17;18;2;650;0%;1300;Cartão de Crédito
488;2026-08-11;1206;14;15;1;350;0%;350;Cartão de Crédito
489;2026-05-23;1787;27;17;1;350;10%;315;Cartão de Débito
490;2026-04-04;791;14;9;1;350;0%;350;Pix
491;2025-12-09;811;13;9;1;2900;5%;2755;Cartão de Crédito
492;2026-04-01;422;20;10;1;190;0%;190;Cartão de Crédito
493;2025-12-05;844;1;16;1;4500;0%;4500;Boleto
494;2026-04-21;1828;17;14;1;650;0%;650;Cartão de Débito
495;2026-07-14;1113;14;11;1;350;5%;332,5;Boleto
496;2026-07-27;441;30;13;1;160;0%;160;Cartão de Crédito
497;2026-04-19;819;3;12;1;250;0%;250;Cartão de Crédito
498;2026-03-22;264;27;15;1;350;0%;350;Cartão de Crédito
499;2025-12-06;139;4;17;1;1400;0%;1400;Pix
500;2026-01-19;2404;2;14;4;80;0%;320;Cartão de Crédito
501;2026-02-09;2474;8;17;1;110;5%;104,5;Cartão de Crédito
502;2026-03-11;1632;28;1;1;420;0%;420;Pix
503;2025-11-09;737;16;11;1;520;0%;520;Cartão de Crédito
504;2026-04-19;762;5;12;3;950;0%;2850;Cartão de Crédito
505;2026-01-15;298;37;7;1;140;0%;140;Pix
506;2026-08-14;1523;19;12;4;490;5%;1862;Cartão de Crédito
507;2025-11-25;1288;8;4;1;110;0%;110;Cartão de Débito
508;2025-09-16;1305;23;1;1;400;0%;400;Pix
509;2026-02-27;876;43;15;1;65;0%;65;Cartão de Crédito
510;2026-06-29;1318;5;8;1;950;0%;950;Cartão de Crédito
511;2026-06-26;272;19;13;2;490;0%;980;Cartão de Crédito
512;2026-02-04;2465;26;7;2;2200;0%;4400;Pix
513;2026-06-08;891;3;4;1;250;0%;250;Cartão de Crédito
514;2026-06-26;1139;40;3;1;600;5%;570;Pix
515;2026-07-02;1728;13;14;1;2900;0%;2900;Pix
516;2026-02-21;1312;17;7;1;650;5%;617,5;Cartão de Crédito
517;2025-12-21;204;30;16;1;160;0%;160;Cartão de Crédito
518;2026-05-25;192;11;9;1;3800;0%;3800;Pix
519;2026-04-15;489;35;4;1;250;5%;237,5;Boleto
520;2026-05-01;701;15;11;1;750;10%;675;Pix
521;2026-07-11;1569;2;8;1;80;0%;80;Boleto
522;2026-07-04;88;17;10;1;650;0%;650;Pix
523;2025-09-21;2359;12;1;2;180;0%;360;Cartão de Débito
524;2026-05-06;1165;18;5;1;280;0%;280;Pix
525;2026-04-06;152;22;18;1;850;0%;850;Cartão de Crédito
526;2026-06-09;161;18;11;3;280;0%;840;Pix
527;2026-08-08;67;10;3;2;50;5%;95;Boleto
528;2026-05-10;390;44;14;1;55;0%;55;Cartão de Crédito
529;2026-02-13;1126;36;11;1;550;0%;550;Cartão de Crédito
530;2026-03-08;1640;21;3;1;1600;0%;1600;Boleto
531;2026-06-23;1283;17;16;2;650;10%;1170;Cartão de Crédito
532;2026-07-22;193;24;13;5;380;0%;1900;Cartão de Crédito
533;2026-02-11;1862;14;16;3;350;0%;1050;Cartão de Crédito
534;2026-08-06;498;18;12;1;280;0%;280;Boleto
535;2026-07-25;421;27;1;1;350;0%;350;Boleto
536;2026-01-04;196;18;1;2;280;0%;560;Cartão de Crédito
537;2025-11-22;431;32;11;1;480;0%;480;Cartão de Crédito
538;2026-08-30;1785;32;8;1;480;0%;480;Cartão de Crédito
539;2025-12-08;361;32;7;2;480;0%;960;Cartão de Crédito
540;2026-03-19;2202;11;1;1;3800;0%;3800;Pix
541;2026-08-30;216;22;9;2;850;0%;1700;Boleto
542;2025-10-04;454;43;2;1;65;0%;65;Cartão de Crédito
543;2026-02-14;308;10;9;2;50;0%;100;Cartão de Crédito
544;2026-02-27;1555;34;9;1;890;0%;890;Boleto
545;2026-09-04;698;23;5;1;400;0%;400;Pix
546;2026-07-07;1888;7;4;1;320;0%;320;Cartão de Crédito
547;2025-11-15;1308;40;5;2;600;5%;1140;Pix
548;2026-07-08;1693;24;15;2;380;0%;760;Boleto
549;2026-08-20;502;19;17;2;490;0%;980;Cartão de Crédito
550;2026-06-09;986;34;16;1;890;0%;890;Cartão de Crédito
551;2026-08-16;2008;4;9;4;1400;0%;5600;Cartão de Crédito
552;2026-02-23;1978;38;8;2;390;0%;780;Boleto
553;2025-10-29;1081;37;10;1;140;0%;140;Boleto
554;2026-09-11;340;42;12;1;35;0%;35;Cartão de Crédito
555;2026-06-24;993;9;7;2;150;5%;285;Cartão de Crédito
556;2026-09-02;320;18;3;2;280;0%;560;Cartão de Crédito
557;2026-05-23;247;15;7;1;750;0%;750;Pix
558;2025-09-18;886;10;15;1;50;0%;50;Cartão de Crédito
559;2026-03-28;770;33;16;3;1200;0%;3600;Pix
560;2025-11-04;1395;6;7;3;220;0%;660;Cartão de Crédito
561;2026-07-11;2162;1;17;2;4500;0%;9000;Cartão de Débito
562;2026-02-19;1278;17;15;2;650;0%;1300;Boleto
563;2026-08-13;631;4;17;1;1400;0%;1400;Boleto
564;2025-11-05;533;32;8;2;480;5%;912;Pix
565;2026-03-17;1580;14;15;1;350;0%;350;Cartão de Crédito
566;2026-07-26;2104;21;7;2;1600;5%;3040;Cartão de Crédito
567;2026-04-04;770;22;3;1;850;0%;850;Pix
568;2026-02-01;1733;17;6;1;650;0%;650;Cartão de Crédito
569;2026-08-29;1259;23;4;1;400;10%;360;Pix
570;2025-11-26;1889;17;4;2;650;0%;1300;Cartão de Crédito
571;2025-11-07;986;12;1;1;180;0%;180;Cartão de Crédito
572;2026-05-05;767;9;9;1;150;10%;135;Cartão de Crédito
573;2025-09-26;1951;6;17;1;220;0%;220;Cartão de Crédito
574;2026-05-01;1442;17;9;1;650;0%;650;Cartão de Crédito
575;2025-11-11;2255;2;3;1;80;0%;80;Cartão de Crédito
576;2026-03-12;1768;20;7;2;190;0%;380;Cartão de Crédito
577;2025-11-28;1626;13;17;3;2900;0%;8700;Pix
578;2026-04-20;2081;11;11;1;3800;0%;3800;Boleto
579;2025-10-09;1808;25;9;1;310;10%;279;Cartão de Crédito
580;2026-03-20;401;13;2;1;2900;0%;2900;Cartão de Crédito
581;2026-08-10;1567;26;14;3;2200;0%;6600;Cartão de Crédito
582;2025-12-20;1205;41;7;2;45;5%;85,5;Cartão de Crédito
583;2026-04-06;724;2;9;1;80;0%;80;Cartão de Crédito
584;2026-06-10;2489;25;16;1;310;0%;310;Cartão de Crédito
585;2026-06-04;1776;12;4;1;180;0%;180;Cartão de Crédito
586;2026-08-26;205;3;8;2;250;0%;500;Cartão de Crédito
587;2025-11-07;900;24;4;3;380;0%;1140;Cartão de Crédito
588;2025-10-09;147;1;9;1;4500;0%;4500;Boleto
589;2026-01-12;270;35;18;1;250;0%;250;Cartão de Crédito
590;2025-11-02;1129;2;8;3;80;0%;240;Cartão de Crédito
591;2026-07-26;1658;14;13;1;350;0%;350;Cartão de Crédito
592;2026-04-01;415;2;8;1;80;0%;80;Pix
593;2026-09-01;1099;27;16;1;350;0%;350;Boleto
594;2025-12-26;701;14;7;2;350;0%;700;Cartão de Crédito
595;2026-03-08;1180;30;10;1;160;0%;160;Pix
596;2025-09-13;387;34;6;2;890;5%;1691;Cartão de Crédito
597;2026-05-27;1953;20;10;1;190;0%;190;Pix
598;2026-08-30;978;25;6;2;310;0%;620;Cartão de Crédito
599;2026-02-20;285;5;6;1;950;5%;902,5;Cartão de Crédito
600;2025-12-16;1361;1;15;1;4500;0%;4500;Pix
601;2025-11-23;53;3;16;1;250;0%;250;Cartão de Crédito
602;2026-04-19;1369;21;1;2;1600;0%;3200;Cartão de Crédito
603;2025-12-11;1081;15;3;5;750;0%;3750;Cartão de Crédito
604;2025-12-08;40;1;12;1;4500;0%;4500;Cartão de Débito
605;2026-05-12;2389;2;1;1;80;0%;80;Cartão de Crédito
606;2026-05-20;1014;1;16;1;4500;0%;4500;Cartão de Crédito
607;2025-11-07;186;37;1;1;140;0%;140;Cartão de Débito
608;2026-06-29;1191;36;8;1;550;0%;550;Boleto
609;2026-06-07;2061;9;6;5;150;10%;675;Cartão de Crédito
610;2025-11-26;385;11;4;1;3800;0%;3800;Cartão de Crédito
611;2026-02-14;1375;18;15;1;280;0%;280;Boleto
612;2026-05-21;1437;10;18;1;50;0%;50;Cartão de Crédito
613;2026-01-21;1993;11;9;1;3800;0%;3800;Cartão de Débito
614;2026-03-17;1880;11;1;1;3800;0%;3800;Cartão de Crédito
615;2026-03-11;1234;22;11;1;850;0%;850;Cartão de Crédito
616;2026-06-04;2441;35;16;5;250;0%;1250;Pix
617;2025-11-08;1106;6;17;1;220;0%;220;Cartão de Crédito
618;2026-08-05;85;18;5;1;280;0%;280;Cartão de Débito
619;2026-04-10;903;26;5;3;2200;0%;6600;Boleto
620;2026-03-13;2040;30;1;1;160;0%;160;Pix
621;2026-01-15;2366;35;14;1;250;5%;237,5;Cartão de Crédito
622;2026-03-15;846;43;3;1;65;0%;65;Boleto
623;2025-12-20;1548;12;4;1;180;0%;180;Cartão de Crédito
624;2026-01-30;2232;12;15;2;180;0%;360;Cartão de Crédito
625;2026-06-08;717;34;9;1;890;10%;801;Cartão de Crédito
626;2026-08-25;1429;28;11;2;420;0%;840;Cartão de Débito
627;2026-03-31;2414;4;14;1;1400;5%;1330;Cartão de Crédito
628;2026-01-31;1267;36;7;2;550;0%;1100;Boleto
629;2025-10-03;2374;17;17;1;650;0%;650;Cartão de Débito
630;2026-09-06;1407;16;4;1;520;0%;520;Pix
631;2026-04-21;1864;4;12;2;1400;0%;2800;Cartão de Crédito
632;2026-02-06;452;9;1;2;150;0%;300;Cartão de Débito
633;2026-05-25;603;45;15;1;180;0%;180;Boleto
634;2026-08-26;616;1;17;1;4500;0%;4500;Boleto
635;2026-02-07;2287;5;6;2;950;0%;1900;Pix
636;2026-02-14;1995;28;10;2;420;5%;798;Pix
637;2025-10-15;1208;16;1;1;520;0%;520;Cartão de Crédito
638;2026-05-02;168;2;7;1;80;0%;80;Cartão de Crédito
639;2026-02-03;2430;40;4;2;600;0%;1200;Cartão de Débito
640;2025-10-09;2001;10;10;1;50;0%;50;Pix
641;2025-09-14;1763;26;12;2;2200;0%;4400;Cartão de Crédito
642;2026-08-16;3;9;2;1;150;0%;150;Cartão de Crédito
643;2026-01-18;565;39;12;2;290;0%;580;Boleto
644;2026-02-04;2057;16;18;1;520;0%;520;Pix
645;2025-11-30;353;21;9;4;1600;0%;6400;Pix
646;2025-11-24;806;36;14;1;550;0%;550;Cartão de Crédito
647;2026-07-08;331;22;10;1;850;0%;850;Pix
648;2026-01-02;132;26;16;1;2200;5%;2090;Boleto
649;2026-03-12;1019;17;13;1;650;0%;650;Pix
650;2026-04-16;1635;17;4;1;650;0%;650;Cartão de Crédito
651;2026-01-23;1238;2;10;1;80;0%;80;Cartão de Crédito
652;2025-12-09;2310;17;14;1;650;0%;650;Cartão de Crédito
653;2026-08-25;1321;2;5;2;80;5%;152;Cartão de Crédito
654;2026-08-27;818;27;9;1;350;0%;350;Cartão de Crédito
655;2025-11-20;1706;9;18;1;150;5%;142,5;Cartão de Crédito
656;2025-12-23;1234;36;10;2;550;0%;1100;Boleto
657;2025-10-25;1218;42;15;1;35;0%;35;Pix
658;2026-06-18;752;13;13;1;2900;0%;2900;Pix
659;2026-04-23;394;5;5;1;950;0%;950;Pix
660;2026-06-08;1811;28;11;4;420;10%;1512;Pix
661;2026-05-27;1465;4;15;1;1400;0%;1400;Pix
662;2026-03-12;1752;12;15;1;180;10%;162;Pix
663;2026-04-15;1681;15;15;1;750;0%;750;Cartão de Crédito
664;2025-09-26;2290;2;1;1;80;0%;80;Cartão de Crédito
665;2026-04-15;363;33;5;2;1200;0%;2400;Pix
666;2026-07-23;1239;35;8;1;250;0%;250;Pix
667;2026-07-06;2098;9;12;1;150;0%;150;Pix
668;2025-11-16;2226;10;10;2;50;0%;100;Cartão de Crédito
669;2025-10-09;1609;6;5;2;220;5%;418;Cartão de Crédito
670;2026-04-06;25;2;15;1;80;0%;80;Pix
671;2026-06-04;1886;32;2;1;480;0%;480;Cartão de Crédito
672;2025-10-25;225;1;9;1;4500;0%;4500;Cartão de Crédito
673;2026-08-10;439;13;11;1;2900;0%;2900;Pix
674;2026-07-13;399;15;10;1;750;10%;675;Pix
675;2026-06-28;1973;10;11;2;50;0%;100;Pix
676;2025-10-13;498;43;17;1;65;0%;65;Cartão de Crédito
677;2025-10-09;840;31;17;2;120;0%;240;Cartão de Crédito
678;2025-11-24;2303;9;16;1;150;0%;150;Pix
679;2025-11-20;916;12;5;1;180;0%;180;Cartão de Crédito
680;2026-02-13;1274;43;1;1;65;5%;61,75;Cartão de Crédito
681;2026-05-18;823;29;4;3;380;0%;1140;Cartão de Crédito
682;2025-10-16;1;10;5;1;50;0%;50;Cartão de Crédito
683;2026-07-18;496;16;17;1;520;0%;520;Cartão de Crédito
684;2025-10-31;1013;41;7;1;45;5%;42,75;Pix
685;2025-11-04;1941;18;1;5;280;10%;1260;Cartão de Crédito
686;2026-05-28;1818;7;13;1;320;0%;320;Cartão de Crédito
687;2025-10-10;499;29;10;1;380;0%;380;Cartão de Crédito
688;2026-04-07;1982;22;6;2;850;0%;1700;Pix
689;2026-01-10;2240;11;9;1;3800;5%;3610;Cartão de Crédito
690;2026-07-22;1799;36;4;1;550;0%;550;Cartão de Crédito
691;2026-04-21;600;1;1;1;4500;0%;4500;Cartão de Crédito
692;2025-12-15;581;41;8;1;45;0%;45;Cartão de Crédito
693;2025-12-08;2096;24;18;1;380;0%;380;Cartão de Crédito
694;2025-12-23;1951;15;16;2;750;0%;1500;Cartão de Crédito
695;2026-02-07;1186;5;4;1;950;0%;950;Cartão de Crédito
696;2026-07-10;2020;33;12;1;1200;10%;1080;Pix
697;2026-08-19;1128;8;13;2;110;10%;198;Cartão de Crédito
698;2026-03-28;440;45;15;4;180;0%;720;Cartão de Débito
699;2026-04-13;1741;8;5;1;110;0%;110;Pix
700;2025-09-26;1161;22;15;1;850;10%;765;Cartão de Crédito
701;2025-11-12;2312;37;13;2;140;5%;266;Cartão de Débito
702;2025-09-17;2378;43;10;1;65;0%;65;Cartão de Crédito
703;2025-09-29;1821;26;2;1;2200;0%;2200;Pix
704;2026-03-12;571;5;15;2;950;0%;1900;Pix
705;2026-05-04;1135;1;1;1;4500;0%;4500;Cartão de Crédito
706;2025-12-02;1466;7;17;3;320;0%;960;Cartão de Crédito
707;2026-05-27;864;33;12;1;1200;0%;1200;Cartão de Crédito
708;2026-09-08;2151;1;13;1;4500;0%;4500;Pix
709;2026-06-01;258;9;6;1;150;0%;150;Boleto
710;2026-08-13;621;2;12;5;80;0%;400;Cartão de Crédito
711;2026-08-13;2307;28;11;1;420;5%;399;Cartão de Débito
712;2026-05-05;574;11;9;1;3800;0%;3800;Cartão de Crédito
713;2026-08-15;1241;12;13;1;180;0%;180;Cartão de Crédito
714;2025-10-16;1982;38;13;1;390;0%;390;Pix
715;2026-05-11;2482;2;6;1;80;0%;80;Cartão de Crédito
716;2026-07-03;2077;9;17;2;150;10%;270;Pix
717;2026-01-22;531;20;11;1;190;0%;190;Pix
718;2026-07-10;2379;11;12;1;3800;5%;3610;Cartão de Débito
719;2026-07-08;1654;14;3;3;350;0%;1050;Cartão de Crédito
720;2025-10-05;121;7;6;1;320;0%;320;Cartão de Crédito
721;2026-01-08;396;34;4;1;890;0%;890;Cartão de Crédito
722;2026-05-25;1952;40;11;1;600;0%;600;Cartão de Crédito
723;2026-01-08;970;32;4;2;480;0%;960;Pix
724;2025-12-10;1574;23;14;2;400;0%;800;Boleto
725;2025-10-14;254;9;9;1;150;0%;150;Cartão de Crédito
726;2025-11-09;154;28;3;1;420;0%;420;Cartão de Crédito
727;2026-04-26;1534;2;1;1;80;10%;72;Cartão de Crédito
728;2025-12-10;1316;10;4;1;50;0%;50;Cartão de Crédito
729;2026-09-04;1842;42;13;2;35;0%;70;Pix
730;2025-11-19;2351;33;18;2;1200;0%;2400;Cartão de Crédito
731;2025-12-23;802;26;9;1;2200;5%;2090;Cartão de Crédito
732;2026-05-21;1793;37;10;1;140;5%;133;Cartão de Débito
733;2026-01-05;825;13;6;2;2900;0%;5800;Pix
734;2026-04-22;2165;18;7;1;280;0%;280;Cartão de Crédito
735;2025-10-26;2385;20;1;2;190;10%;342;Cartão de Crédito
736;2026-07-31;395;21;7;1;1600;0%;1600;Pix
737;2025-09-29;576;3;1;2;250;0%;500;Pix
738;2026-03-15;1672;39;18;1;290;5%;275,5;Pix
739;2025-10-18;1396;15;6;2;750;5%;1425;Pix
740;2026-08-27;2164;34;16;2;890;0%;1780;Boleto
741;2025-12-18;850;11;16;1;3800;0%;3800;Cartão de Débito
742;2026-05-26;1443;25;12;2;310;0%;620;Pix
743;2026-07-25;2289;17;5;3;650;0%;1950;Cartão de Crédito
744;2025-10-16;1798;27;14;2;350;0%;700;Cartão de Crédito
745;2026-07-29;1541;1;3;2;4500;0%;9000;Cartão de Débito
746;2026-06-30;321;7;5;1;320;0%;320;Boleto
747;2026-06-03;1222;42;4;1;35;0%;35;Pix
748;2025-11-11;2043;34;8;2;890;0%;1780;Boleto
749;2025-10-08;2464;13;18;1;2900;0%;2900;Boleto
750;2026-02-28;93;10;8;1;50;0%;50;Boleto
751;2026-02-07;1030;30;13;2;160;0%;320;Pix
752;2026-09-07;1466;32;3;1;480;5%;456;Cartão de Crédito
753;2025-12-01;1180;2;3;2;80;0%;160;Cartão de Crédito
754;2026-06-12;2357;11;8;1;3800;0%;3800;Cartão de Crédito
755;2026-06-04;2049;13;10;2;2900;0%;5800;Pix
756;2026-04-04;233;14;18;1;350;0%;350;Cartão de Crédito
757;2026-09-04;455;12;16;1;180;5%;171;Pix
758;2026-01-24;123;22;2;2;850;0%;1700;Cartão de Crédito
759;2026-03-04;1727;3;9;2;250;0%;500;Cartão de Crédito
760;2025-12-23;1371;43;2;1;65;0%;65;Pix
761;2025-11-22;837;42;18;1;35;0%;35;Cartão de Crédito
762;2026-02-27;256;25;8;2;310;0%;620;Cartão de Crédito
763;2026-05-22;299;8;2;1;110;0%;110;Cartão de Crédito
764;2026-03-08;290;9;14;1;150;0%;150;Cartão de Débito
765;2026-07-15;331;3;18;1;250;0%;250;Cartão de Débito
766;2026-05-15;531;3;9;1;250;0%;250;Pix
767;2025-10-03;427;8;2;1;110;0%;110;Cartão de Débito
768;2026-05-24;2080;24;8;1;380;0%;380;Pix
769;2026-08-10;1435;9;14;1;150;0%;150;Boleto
770;2026-05-14;1243;4;8;3;1400;0%;4200;Cartão de Débito
771;2025-09-22;227;35;1;2;250;0%;500;Pix
772;2025-12-21;2189;24;13;2;380;0%;760;Cartão de Crédito
773;2026-08-27;75;8;18;1;110;0%;110;Cartão de Débito
774;2026-05-16;214;33;13;1;1200;0%;1200;Pix
775;2026-03-24;513;3;14;4;250;0%;1000;Cartão de Crédito
776;2026-09-06;1749;28;18;1;420;5%;399;Cartão de Crédito
777;2025-11-21;474;14;15;1;350;0%;350;Cartão de Crédito
778;2025-11-11;1507;21;12;1;1600;0%;1600;Cartão de Crédito
779;2025-12-20;1406;3;14;2;250;0%;500;Boleto
780;2025-10-11;976;1;8;2;4500;0%;9000;Cartão de Crédito
781;2025-10-29;2411;8;1;1;110;0%;110;Cartão de Crédito
782;2026-01-06;1692;21;18;2;1600;0%;3200;Cartão de Crédito
783;2026-06-29;188;33;1;4;1200;5%;4560;Boleto
784;2026-01-17;233;18;3;3;280;0%;840;Pix
785;2025-10-11;520;27;15;2;350;0%;700;Cartão de Crédito
786;2025-12-13;1158;38;2;1;390;0%;390;Pix
787;2026-02-19;1433;12;8;1;180;5%;171;Pix
788;2026-02-08;532;15;13;2;750;0%;1500;Cartão de Crédito
789;2026-05-15;502;14;3;2;350;0%;700;Pix
790;2025-10-21;1025;2;18;3;80;5%;228;Cartão de Crédito
791;2025-12-26;2028;1;12;1;4500;0%;4500;Pix
792;2026-01-02;1817;16;10;1;520;5%;494;Cartão de Crédito
793;2026-03-18;2259;13;10;2;2900;0%;5800;Cartão de Crédito
794;2026-08-12;1001;5;17;1;950;0%;950;Cartão de Crédito
795;2026-01-26;1307;35;18;2;250;5%;475;Pix
796;2026-05-27;428;9;2;1;150;0%;150;Cartão de Crédito
797;2026-03-08;1683;18;16;1;280;0%;280;Cartão de Crédito
798;2026-02-02;322;30;7;2;160;0%;320;Boleto
799;2025-11-21;2134;10;8;4;50;0%;200;Pix
800;2026-02-15;2265;35;7;3;250;0%;750;Cartão de Crédito
801;2025-11-13;1526;17;5;1;650;0%;650;Boleto
802;2025-09-30;963;33;15;2;1200;5%;2280;Pix
803;2026-08-10;1859;21;4;1;1600;0%;1600;Pix
804;2025-09-22;2044;25;2;1;310;0%;310;Cartão de Crédito
805;2026-01-28;1139;1;13;1;4500;0%;4500;Pix
806;2026-02-12;347;5;2;1;950;0%;950;Cartão de Crédito
807;2026-02-01;2498;36;13;1;550;0%;550;Cartão de Crédito
808;2026-05-23;78;7;13;1;320;0%;320;Pix
809;2026-03-27;1819;2;2;1;80;0%;80;Cartão de Crédito
810;2026-01-04;843;41;13;1;45;0%;45;Pix
811;2025-12-15;1766;14;18;1;350;0%;350;Pix
812;2025-10-08;1250;5;2;2;950;0%;1900;Cartão de Crédito
813;2026-06-16;1425;22;1;3;850;0%;2550;Cartão de Crédito
814;2026-07-20;1378;4;9;1;1400;0%;1400;Cartão de Crédito
815;2026-07-11;887;7;1;2;320;0%;640;Boleto
816;2026-03-05;1778;17;14;1;650;0%;650;Cartão de Crédito
817;2025-10-11;448;2;18;2;80;0%;160;Pix
818;2026-03-29;1178;25;18;1;310;0%;310;Cartão de Crédito
819;2026-05-07;1737;18;17;2;280;5%;532;Boleto
820;2026-01-23;666;16;13;2;520;0%;1040;Pix
821;2026-05-09;976;6;5;1;220;5%;209;Boleto
822;2025-09-19;1150;3;9;1;250;0%;250;Boleto
823;2025-10-25;1024;6;18;3;220;0%;660;Boleto
824;2026-02-10;1383;18;13;1;280;10%;252;Cartão de Crédito
825;2025-10-01;1124;3;12;1;250;0%;250;Boleto
826;2026-01-27;1027;45;1;1;180;0%;180;Cartão de Crédito
827;2025-11-14;1258;11;11;1;3800;0%;3800;Cartão de Crédito
828;2026-01-25;733;15;15;1;750;0%;750;Pix
829;2026-05-06;71;1;15;2;4500;0%;9000;Pix
830;2025-09-16;1911;1;2;1;4500;5%;4275;Pix
831;2026-03-14;1967;2;18;1;80;0%;80;Pix
832;2026-01-01;1674;28;2;2;420;5%;798;Pix
833;2026-07-05;326;24;9;1;380;0%;380;Pix
834;2026-07-21;2259;6;11;1;220;5%;209;Pix
835;2025-10-14;1805;28;6;3;420;0%;1260;Pix
836;2026-01-22;1132;20;9;3;190;0%;570;Cartão de Crédito
837;2026-05-23;522;26;8;1;2200;0%;2200;Cartão de Crédito
838;2026-07-31;715;8;5;1;110;0%;110;Cartão de Crédito
839;2026-07-25;204;17;8;3;650;0%;1950;Cartão de Crédito
840;2025-11-09;158;12;6;2;180;5%;342;Pix
841;2026-08-28;2076;9;15;2;150;0%;300;Cartão de Crédito
842;2026-07-05;1300;22;2;3;850;0%;2550;Cartão de Crédito
843;2026-06-22;934;25;2;1;310;0%;310;Pix
844;2026-09-12;1062;23;9;1;400;5%;380;Pix
845;2025-09-20;1448;6;18;2;220;0%;440;Pix
846;2025-10-04;2460;14;8;1;350;0%;350;Cartão de Crédito
847;2026-03-10;448;35;3;1;250;0%;250;Pix
848;2026-05-29;1818;24;4;1;380;0%;380;Boleto
849;2026-05-31;318;10;8;3;50;5%;142,5;Cartão de Débito
850;2025-12-25;1335;33;12;2;1200;0%;2400;Pix
851;2026-08-26;1704;3;3;1;250;10%;225;Cartão de Crédito
852;2026-08-06;1747;31;10;2;120;5%;228;Cartão de Débito
853;2025-11-24;102;2;11;1;80;0%;80;Cartão de Crédito
854;2026-07-19;1476;12;11;1;180;0%;180;Pix
855;2026-04-08;1535;23;16;1;400;0%;400;Cartão de Crédito
856;2026-02-09;128;22;6;2;850;0%;1700;Cartão de Crédito
857;2026-03-19;183;22;10;2;850;0%;1700;Pix
858;2025-11-27;2422;20;1;2;190;0%;380;Cartão de Débito
859;2025-11-05;2495;14;7;2;350;0%;700;Cartão de Crédito
860;2026-02-19;2093;21;17;1;1600;5%;1520;Cartão de Débito
861;2026-07-06;1410;18;7;1;280;0%;280;Cartão de Débito
862;2026-03-24;2387;23;2;5;400;5%;1900;Pix
863;2026-08-14;615;2;13;1;80;0%;80;Pix
864;2026-08-10;322;12;3;2;180;5%;342;Cartão de Crédito
865;2026-01-04;2316;25;17;1;310;0%;310;Pix
866;2026-07-03;2246;5;14;1;950;0%;950;Pix
867;2026-06-14;497;25;17;1;310;0%;310;Pix
868;2025-10-08;2487;5;16;2;950;0%;1900;Pix
869;2026-08-15;2149;25;17;1;310;5%;294,5;Boleto
870;2026-04-25;1299;18;9;4;280;0%;1120;Cartão de Crédito
871;2025-12-20;2357;20;10;1;190;0%;190;Cartão de Débito
872;2026-01-14;1347;20;8;1;190;0%;190;Cartão de Crédito
873;2026-03-16;946;14;15;1;350;0%;350;Pix
874;2026-02-20;473;35;8;3;250;0%;750;Cartão de Crédito
875;2026-04-27;1680;36;12;2;550;0%;1100;Pix
876;2025-10-22;1442;30;18;1;160;10%;144;Cartão de Crédito
877;2026-05-28;314;22;12;3;850;10%;2295;Cartão de Crédito
878;2026-08-12;1984;2;8;2;80;0%;160;Cartão de Crédito
879;2026-04-29;1716;31;8;4;120;5%;456;Cartão de Débito
880;2026-06-30;514;12;18;1;180;0%;180;Cartão de Crédito
881;2026-01-15;1670;15;5;1;750;0%;750;Cartão de Crédito
882;2026-07-19;1067;5;10;1;950;10%;855;Pix
883;2026-03-05;1286;14;4;4;350;0%;1400;Pix
884;2025-10-23;1674;10;14;1;50;0%;50;Cartão de Crédito
885;2026-05-28;608;11;16;1;3800;0%;3800;Cartão de Crédito
886;2026-08-01;812;31;6;1;120;0%;120;Cartão de Crédito
887;2026-05-02;64;5;6;2;950;0%;1900;Cartão de Crédito
888;2025-11-12;1715;19;9;1;490;5%;465,5;Cartão de Crédito
889;2026-06-22;1925;17;4;1;650;0%;650;Pix
890;2025-11-15;140;16;14;1;520;0%;520;Cartão de Crédito
891;2025-09-24;684;32;3;1;480;0%;480;Cartão de Crédito
892;2025-11-18;2110;26;17;1;2200;0%;2200;Pix
893;2026-03-29;1730;34;12;2;890;0%;1780;Pix
894;2025-11-16;1648;44;18;2;55;5%;104,5;Cartão de Crédito
895;2026-01-13;1202;16;4;1;520;0%;520;Cartão de Crédito
896;2026-03-03;1379;33;4;1;1200;0%;1200;Boleto
897;2025-10-05;303;10;12;1;50;0%;50;Pix
898;2026-04-29;1675;6;15;1;220;10%;198;Cartão de Crédito
899;2026-04-23;1185;20;16;1;190;0%;190;Pix
900;2026-09-05;552;19;6;1;490;0%;490;Pix
901;2026-07-10;2087;19;3;1;490;0%;490;Cartão de Crédito
902;2025-11-28;32;6;12;1;220;5%;209;Cartão de Crédito
903;2026-08-23;1858;42;13;3;35;0%;105;Cartão de Crédito
904;2026-02-23;1797;30;6;1;160;0%;160;Cartão de Crédito
905;2026-05-30;2409;33;9;1;1200;0%;1200;Cartão de Crédito
906;2025-10-31;952;7;10;2;320;0%;640;Boleto
907;2026-05-22;1398;8;2;1;110;0%;110;Boleto
908;2026-06-27;2121;22;17;2;850;0%;1700;Cartão de Crédito
909;2026-07-05;2082;11;14;1;3800;0%;3800;Cartão de Crédito
910;2026-02-05;1323;2;13;3;80;0%;240;Cartão de Crédito
911;2026-02-22;731;37;5;1;140;0%;140;Cartão de Crédito
912;2025-10-03;863;5;14;2;950;0%;1900;Cartão de Crédito
913;2026-06-04;1140;45;11;1;180;0%;180;Cartão de Crédito
914;2025-11-01;1423;5;10;2;950;0%;1900;Cartão de Crédito
915;2025-12-05;486;17;10;1;650;0%;650;Boleto
916;2026-01-30;1994;17;15;1;650;0%;650;Cartão de Crédito
917;2026-01-04;694;14;10;1;350;5%;332,5;Cartão de Crédito
918;2026-01-22;2483;15;4;1;750;0%;750;Cartão de Crédito
919;2026-01-08;1142;4;5;2;1400;0%;2800;Cartão de Crédito
920;2025-10-31;848;12;18;1;180;5%;171;Cartão de Crédito
921;2026-05-30;692;4;1;2;1400;0%;2800;Cartão de Crédito
922;2026-07-15;163;19;18;2;490;5%;931;Cartão de Crédito
923;2026-06-14;800;1;1;1;4500;5%;4275;Pix
924;2026-05-20;106;7;12;2;320;0%;640;Cartão de Crédito
925;2025-12-25;1155;24;14;4;380;5%;1444;Cartão de Crédito
926;2026-04-27;2134;24;5;1;380;0%;380;Boleto
927;2026-05-02;1209;36;4;3;550;0%;1650;Cartão de Crédito
928;2026-09-08;492;42;15;1;35;0%;35;Pix
929;2026-04-21;2021;22;9;2;850;10%;1530;Cartão de Crédito
930;2025-10-26;561;3;9;1;250;0%;250;Cartão de Crédito
931;2026-08-20;478;32;12;1;480;5%;456;Cartão de Crédito
932;2025-10-22;912;39;3;1;290;0%;290;Cartão de Crédito
933;2026-02-26;642;20;17;1;190;0%;190;Cartão de Débito
934;2026-03-02;1131;17;15;1;650;0%;650;Cartão de Crédito
935;2026-07-31;2101;28;3;2;420;0%;840;Pix
936;2026-09-08;1290;31;2;3;120;0%;360;Cartão de Crédito
937;2026-04-21;412;7;17;1;320;0%;320;Cartão de Crédito
938;2026-02-21;780;36;18;1;550;5%;522,5;Boleto
939;2026-08-16;146;25;1;1;310;0%;310;Cartão de Crédito
940;2026-01-15;561;11;13;1;3800;0%;3800;Boleto
941;2026-01-02;802;27;9;1;350;0%;350;Cartão de Crédito
942;2026-05-10;621;10;16;1;50;0%;50;Cartão de Crédito
943;2025-12-16;2035;4;10;1;1400;0%;1400;Boleto
944;2025-11-18;814;27;3;1;350;0%;350;Cartão de Débito
945;2026-06-03;878;19;1;2;490;0%;980;Boleto
946;2026-04-22;276;10;16;1;50;0%;50;Boleto
947;2026-06-24;855;3;6;2;250;0%;500;Cartão de Crédito
948;2025-10-01;1713;43;9;1;65;0%;65;Cartão de Crédito
949;2026-07-23;1558;27;8;1;350;0%;350;Pix
950;2026-08-04;1429;3;16;1;250;0%;250;Pix
951;2026-06-10;738;40;10;1;600;5%;570;Cartão de Débito
952;2026-01-08;1197;42;16;1;35;0%;35;Cartão de Crédito
953;2026-05-20;1607;2;12;1;80;0%;80;Cartão de Crédito
954;2026-06-17;1971;21;10;1;1600;0%;1600;Pix
955;2025-10-31;897;32;4;1;480;5%;456;Cartão de Crédito
956;2026-02-06;1719;12;15;1;180;5%;171;Cartão de Crédito
957;2026-02-25;1014;3;14;1;250;0%;250;Cartão de Crédito
958;2025-11-10;722;7;15;2;320;0%;640;Boleto
959;2026-02-22;466;12;12;2;180;0%;360;Cartão de Crédito
960;2026-09-03;1631;4;5;3;1400;5%;3990;Pix
961;2026-05-17;2004;1;14;1;4500;0%;4500;Cartão de Crédito
962;2026-08-29;962;23;1;1;400;10%;360;Pix
963;2026-02-07;1098;2;17;2;80;0%;160;Cartão de Crédito
964;2025-12-31;1676;40;2;1;600;0%;600;Cartão de Crédito
965;2026-06-26;1324;19;9;1;490;0%;490;Boleto
966;2026-08-23;1301;21;14;2;1600;0%;3200;Cartão de Crédito
967;2026-03-31;1811;11;14;1;3800;0%;3800;Pix
968;2026-04-04;1068;2;2;2;80;0%;160;Cartão de Crédito
969;2026-01-27;1989;32;8;1;480;0%;480;Cartão de Crédito
970;2026-03-04;187;35;10;1;250;0%;250;Cartão de Crédito
971;2026-04-29;1679;27;8;1;350;10%;315;Cartão de Crédito
972;2026-07-02;683;39;18;3;290;5%;826,5;Pix
973;2025-12-26;452;13;11;1;2900;0%;2900;Pix
974;2025-11-17;2478;14;18;2;350;0%;700;Boleto
975;2025-09-22;87;32;13;1;480;0%;480;Boleto
976;2025-10-28;1366;12;12;1;180;5%;171;Cartão de Crédito
977;2026-06-22;260;16;2;2;520;0%;1040;Cartão de Crédito
978;2026-06-04;863;10;12;1;50;0%;50;Cartão de Crédito
979;2026-06-13;813;43;6;1;65;10%;58,5;Cartão de Crédito
980;2026-06-13;1621;11;8;2;3800;0%;7600;Boleto
981;2026-02-07;662;13;12;3;2900;0%;8700;Cartão de Crédito
982;2026-02-28;1694;1;7;5;4500;0%;22500;Pix
983;2026-06-22;1019;4;1;2;1400;5%;2660;Cartão de Crédito
984;2025-09-30;83;7;17;1;320;0%;320;Pix
985;2025-11-03;2055;5;13;1;950;0%;950;Cartão de Crédito
986;2026-05-18;174;36;6;2;550;0%;1100;Cartão de Crédito
987;2026-02-03;1235;1;1;1;4500;0%;4500;Pix
988;2026-01-07;1013;7;2;1;320;0%;320;Boleto
989;2026-01-29;507;4;13;4;1400;0%;5600;Boleto
990;2026-08-13;1642;14;5;3;350;0%;1050;Cartão de Crédito
991;2026-01-28;348;13;3;1;2900;0%;2900;Pix
992;2025-10-19;2067;30;14;1;160;0%;160;Cartão de Crédito
993;2025-09-22;61;13;18;1;2900;10%;2610;Pix
994;2026-07-18;622;26;4;1;2200;0%;2200;Boleto
995;2026-07-10;1603;19;7;1;490;0%;490;Cartão de Crédito
996;2026-07-19;1279;31;11;2;120;0%;240;Cartão de Crédito
997;2026-04-17;2099;39;1;2;290;0%;580;Cartão de Crédito
998;2026-02-13;1123;35;15;1;250;0%;250;Cartão de Crédito
999;2025-12-24;409;2;9;2;80;0%;160;Cartão de Crédito
1000;2026-08-13;2361;13;16;1;2900;0%;2900;Cartão de Crédito
1001;2026-03-23;1193;31;14;1;120;0%;120;Cartão de Crédito
1002;2025-10-29;911;9;14;1;150;0%;150;Cartão de Crédito
1003;2026-06-26;1141;2;16;2;80;0%;160;Cartão de Crédito
1004;2026-02-04;2185;6;17;2;220;0%;440;Cartão de Crédito
1005;2026-01-15;1567;36;1;3;550;0%;1650;Cartão de Crédito
1006;2026-05-24;1613;8;12;1;110;0%;110;Boleto
1007;2026-06-18;444;32;15;2;480;0%;960;Cartão de Crédito
1008;2026-01-04;2367;12;1;2;180;0%;360;Cartão de Crédito
1009;2026-04-03;951;45;15;1;180;0%;180;Cartão de Débito
1010;2026-03-20;1953;30;4;4;160;0%;640;Pix
1011;2026-08-07;1273;9;11;2;150;0%;300;Pix
1012;2025-11-24;343;14;4;1;350;0%;350;Pix
1013;2026-06-26;694;6;7;2;220;5%;418;Pix
1014;2026-05-20;2431;19;8;2;490;0%;980;Cartão de Crédito
1015;2025-10-24;579;2;13;2;80;5%;152;Cartão de Débito
1016;2026-07-24;1940;7;17;1;320;0%;320;Cartão de Crédito
1017;2026-06-29;953;3;2;2;250;0%;500;Cartão de Débito
1018;2026-05-22;1033;33;14;2;1200;0%;2400;Pix
1019;2026-02-18;1384;21;5;1;1600;0%;1600;Pix
1020;2025-09-30;1317;9;14;1;150;0%;150;Cartão de Crédito
1021;2025-09-14;1099;7;7;2;320;0%;640;Pix
1022;2026-06-26;2002;2;18;1;80;0%;80;Pix
1023;2026-05-25;1283;2;8;2;80;0%;160;Cartão de Crédito
1024;2026-02-23;1890;39;16;1;290;0%;290;Cartão de Crédito
1025;2026-06-02;2273;3;3;1;250;0%;250;Cartão de Crédito
1026;2025-11-04;1744;14;3;1;350;0%;350;Cartão de Crédito
1027;2026-03-23;522;23;1;1;400;10%;360;Cartão de Crédito
1028;2025-12-03;2130;20;4;3;190;0%;570;Pix
1029;2025-12-06;809;3;15;1;250;0%;250;Cartão de Crédito
1030;2025-11-09;160;13;14;3;2900;0%;8700;Pix
1031;2026-05-23;700;18;17;1;280;0%;280;Boleto
1032;2026-05-19;573;24;18;2;380;0%;760;Cartão de Débito
1033;2026-04-14;1636;1;1;1;4500;0%;4500;Cartão de Crédito
1034;2026-02-10;482;22;14;2;850;0%;1700;Cartão de Crédito
1035;2026-02-09;1111;10;17;2;50;0%;100;Pix
1036;2026-02-24;1523;4;6;1;1400;0%;1400;Boleto
1037;2025-11-23;1189;23;17;3;400;0%;1200;Cartão de Crédito
1038;2026-08-28;838;29;12;2;380;0%;760;Cartão de Crédito
1039;2026-06-04;2477;11;9;2;3800;0%;7600;Cartão de Crédito
1040;2026-05-11;1896;33;7;1;1200;10%;1080;Pix
1041;2026-02-28;555;3;6;1;250;0%;250;Cartão de Crédito
1042;2026-06-07;1941;13;1;1;2900;0%;2900;Cartão de Crédito
1043;2026-02-21;1706;3;6;1;250;0%;250;Cartão de Débito
1044;2025-11-27;1928;18;3;1;280;5%;266;Cartão de Débito
1045;2025-09-14;1278;31;7;1;120;0%;120;Cartão de Crédito
1046;2025-12-23;385;24;18;1;380;0%;380;Cartão de Crédito
1047;2026-05-04;1356;22;4;1;850;0%;850;Pix
1048;2025-10-13;1920;25;6;2;310;0%;620;Boleto
1049;2025-10-16;1436;27;18;1;350;0%;350;Cartão de Crédito
1050;2026-01-05;1413;9;1;1;150;0%;150;Pix
1051;2025-12-19;1125;6;10;2;220;0%;440;Cartão de Débito
1052;2026-04-18;2394;16;10;1;520;0%;520;Pix
1053;2026-03-19;1652;2;9;1;80;0%;80;Pix
1054;2026-06-26;2217;7;7;1;320;0%;320;Boleto
1055;2025-10-21;2428;17;5;1;650;0%;650;Cartão de Crédito
1056;2025-11-03;887;21;9;1;1600;5%;1520;Boleto
1057;2025-12-12;1077;27;4;1;350;0%;350;Pix
1058;2025-11-15;2140;6;13;1;220;0%;220;Pix
1059;2026-02-28;2358;37;9;1;140;0%;140;Cartão de Crédito
1060;2026-07-24;1940;29;7;1;380;0%;380;Cartão de Crédito
1061;2025-12-07;11;13;8;2;2900;0%;5800;Cartão de Crédito
1062;2025-12-31;375;39;5;1;290;0%;290;Cartão de Crédito
1063;2025-11-24;676;42;16;1;35;0%;35;Cartão de Crédito
1064;2025-09-12;1325;17;3;1;650;0%;650;Pix
1065;2025-10-08;562;15;17;5;750;0%;3750;Cartão de Crédito
1066;2026-04-25;1743;35;16;1;250;0%;250;Cartão de Crédito
1067;2026-02-26;1240;14;17;2;350;0%;700;Cartão de Crédito
1068;2025-11-11;987;40;18;2;600;0%;1200;Cartão de Débito
1069;2026-04-01;1546;16;13;1;520;0%;520;Pix
1070;2026-09-08;1944;11;12;1;3800;0%;3800;Cartão de Crédito
1071;2026-02-18;2139;27;11;1;350;0%;350;Cartão de Crédito
1072;2026-06-10;321;20;7;1;190;5%;180,5;Pix
1073;2025-12-06;1138;30;5;1;160;0%;160;Cartão de Crédito
1074;2026-04-23;2296;37;15;1;140;0%;140;Cartão de Crédito
1075;2026-05-20;1027;5;4;1;950;0%;950;Pix
1076;2026-06-24;1784;40;12;1;600;0%;600;Pix
1077;2025-12-12;104;3;12;2;250;0%;500;Pix
1078;2026-05-08;1418;29;14;2;380;0%;760;Cartão de Débito
1079;2025-12-30;2293;35;7;1;250;10%;225;Cartão de Crédito
1080;2026-03-26;1533;2;6;2;80;0%;160;Pix
1081;2025-09-17;803;39;15;1;290;0%;290;Cartão de Crédito
1082;2026-03-15;2155;41;7;2;45;0%;90;Cartão de Débito
1083;2025-09-14;2402;31;10;1;120;0%;120;Cartão de Crédito
1084;2026-02-27;386;23;12;1;400;0%;400;Cartão de Crédito
1085;2026-01-19;2060;37;1;1;140;0%;140;Cartão de Crédito
1086;2026-07-19;1119;2;2;1;80;5%;76;Boleto
1087;2026-08-09;1127;11;16;1;3800;0%;3800;Pix
1088;2026-04-03;180;22;9;2;850;0%;1700;Pix
1089;2026-01-30;235;41;1;1;45;0%;45;Pix
1090;2026-05-11;2489;22;15;1;850;0%;850;Cartão de Crédito
1091;2026-05-21;712;21;16;1;1600;0%;1600;Pix
1092;2026-08-09;2235;24;4;1;380;0%;380;Cartão de Crédito
1093;2025-10-01;1514;6;1;1;220;0%;220;Cartão de Crédito
1094;2026-07-22;628;13;6;1;2900;0%;2900;Cartão de Crédito
1095;2025-11-18;340;33;14;1;1200;0%;1200;Pix
1096;2025-11-12;230;3;15;1;250;0%;250;Pix
1097;2026-08-04;256;19;11;3;490;10%;1323;Cartão de Crédito
1098;2025-10-31;2229;2;9;1;80;0%;80;Pix
1099;2025-12-20;69;2;11;1;80;5%;76;Boleto
1100;2026-08-22;1297;3;6;1;250;0%;250;Cartão de Crédito
1101;2026-07-09;1501;17;17;1;650;0%;650;Cartão de Crédito
1102;2025-09-19;1652;24;14;5;380;5%;1805;Cartão de Crédito
1103;2026-08-19;252;19;3;1;490;0%;490;Cartão de Crédito
1104;2025-12-19;2055;22;5;2;850;0%;1700;Cartão de Crédito
1105;2026-01-26;344;1;6;1;4500;0%;4500;Cartão de Crédito
1106;2026-04-27;183;41;9;1;45;0%;45;Pix
1107;2026-07-20;814;13;17;1;2900;0%;2900;Cartão de Crédito
1108;2026-04-09;709;30;1;1;160;0%;160;Pix
1109;2026-02-18;1122;38;18;1;390;0%;390;Cartão de Crédito
1110;2026-03-10;483;29;11;1;380;10%;342;Cartão de Crédito
1111;2026-05-08;2328;32;3;3;480;0%;1440;Cartão de Crédito
1112;2026-06-28;1897;43;3;1;65;0%;65;Pix
1113;2025-11-10;371;27;6;1;350;0%;350;Pix
1114;2025-10-26;761;31;11;2;120;5%;228;Cartão de Crédito
1115;2026-07-11;83;5;6;2;950;0%;1900;Pix
1116;2025-09-17;891;17;12;1;650;10%;585;Cartão de Crédito
1117;2026-05-05;333;13;8;2;2900;0%;5800;Cartão de Crédito
1118;2026-02-16;783;35;5;3;250;5%;712,5;Cartão de Débito
1119;2026-02-17;219;11;13;1;3800;0%;3800;Cartão de Crédito
1120;2026-09-08;1176;12;6;1;180;0%;180;Pix
1121;2026-02-01;576;16;11;1;520;0%;520;Pix
1122;2026-04-11;926;27;7;1;350;0%;350;Cartão de Crédito
1123;2026-01-29;817;19;6;2;490;0%;980;Pix
1124;2026-02-10;1063;30;15;1;160;0%;160;Pix
1125;2026-01-25;379;4;16;1;1400;0%;1400;Cartão de Crédito
1126;2026-03-12;2371;17;12;1;650;0%;650;Cartão de Crédito
1127;2026-03-09;2143;9;15;1;150;0%;150;Cartão de Crédito
1128;2026-08-01;699;40;2;1;600;0%;600;Cartão de Crédito
1129;2026-07-08;1580;22;5;1;850;0%;850;Cartão de Crédito
1130;2026-06-14;2330;36;7;1;550;0%;550;Cartão de Crédito
1131;2026-09-06;1778;20;12;2;190;5%;361;Pix
1132;2026-08-08;1183;14;7;2;350;0%;700;Boleto
1133;2026-03-06;2064;6;18;1;220;0%;220;Cartão de Crédito
1134;2026-01-27;372;10;17;1;50;0%;50;Pix
1135;2025-12-28;1058;21;7;1;1600;0%;1600;Cartão de Crédito
1136;2026-05-09;1069;17;2;1;650;0%;650;Cartão de Crédito
1137;2025-11-10;2118;31;6;1;120;0%;120;Pix
1138;2026-05-13;573;30;15;2;160;5%;304;Cartão de Crédito
1139;2026-07-09;1323;36;12;1;550;0%;550;Pix
1140;2026-06-27;1548;24;2;2;380;5%;722;Cartão de Débito
1141;2026-02-24;429;9;12;2;150;5%;285;Cartão de Crédito
1142;2025-09-16;651;36;14;1;550;0%;550;Cartão de Crédito
1143;2026-05-13;1371;34;11;1;890;0%;890;Pix
1144;2026-08-09;411;28;6;1;420;0%;420;Cartão de Crédito
1145;2026-03-14;1255;7;6;1;320;10%;288;Pix
1146;2026-05-09;2240;10;6;3;50;0%;150;Pix
1147;2025-09-23;1799;42;15;2;35;0%;70;Cartão de Crédito
1148;2026-07-12;2360;27;14;2;350;0%;700;Cartão de Crédito
1149;2026-04-04;1940;10;8;1;50;0%;50;Pix
1150;2026-01-19;1529;7;11;2;320;0%;640;Cartão de Crédito
1151;2026-05-17;1644;29;10;1;380;5%;361;Cartão de Crédito
1152;2025-10-02;960;36;17;2;550;5%;1045;Cartão de Crédito
1153;2025-11-06;1725;12;14;4;180;0%;720;Cartão de Crédito
1154;2026-01-27;2366;4;13;1;1400;0%;1400;Cartão de Crédito
1155;2026-07-12;117;35;6;2;250;0%;500;Boleto
1156;2026-06-01;682;28;10;2;420;0%;840;Pix
1157;2026-07-14;2147;24;7;3;380;0%;1140;Pix
1158;2026-06-29;572;17;5;1;650;0%;650;Cartão de Crédito
1159;2026-08-17;1365;34;2;2;890;0%;1780;Cartão de Débito
1160;2025-10-28;1267;23;5;1;400;0%;400;Boleto
1161;2026-03-08;1879;10;13;3;50;5%;142,5;Cartão de Crédito
1162;2025-12-05;1887;27;1;2;350;0%;700;Cartão de Crédito
1163;2026-08-15;605;5;7;3;950;0%;2850;Pix
1164;2025-12-09;1235;33;10;1;1200;0%;1200;Cartão de Crédito
1165;2025-10-23;757;19;8;2;490;0%;980;Pix
1166;2025-12-25;1789;21;3;1;1600;0%;1600;Boleto
1167;2026-01-15;632;26;18;2;2200;0%;4400;Boleto
1168;2026-03-22;21;25;16;2;310;0%;620;Boleto
1169;2025-12-02;1412;4;4;2;1400;0%;2800;Boleto
1170;2026-05-11;2253;42;13;1;35;0%;35;Pix
1171;2026-09-04;871;8;16;1;110;5%;104,5;Cartão de Crédito
1172;2026-08-20;1542;13;15;2;2900;0%;5800;Cartão de Crédito
1173;2026-09-08;995;43;4;1;65;0%;65;Cartão de Crédito
1174;2026-03-29;527;17;11;1;650;0%;650;Boleto
1175;2025-11-19;1638;17;11;1;650;0%;650;Cartão de Débito
1176;2026-02-03;1740;3;13;1;250;0%;250;Pix
1177;2026-06-12;294;14;12;1;350;0%;350;Cartão de Crédito
1178;2026-05-20;2403;23;1;2;400;0%;800;Cartão de Crédito
1179;2026-01-03;2493;28;6;1;420;0%;420;Cartão de Crédito
1180;2026-01-10;1512;45;12;1;180;0%;180;Cartão de Débito
1181;2026-03-05;2054;2;1;1;80;0%;80;Cartão de Crédito
1182;2026-07-21;2455;1;13;1;4500;5%;4275;Boleto
1183;2025-10-21;943;5;5;2;950;0%;1900;Cartão de Crédito
1184;2026-05-25;770;39;2;2;290;0%;580;Cartão de Crédito
1185;2025-12-29;1237;11;14;1;3800;0%;3800;Pix
1186;2025-10-29;1391;4;13;2;1400;0%;2800;Cartão de Débito
1187;2026-08-12;737;2;14;1;80;0%;80;Cartão de Crédito
1188;2025-11-28;1168;30;10;1;160;0%;160;Cartão de Crédito
1189;2026-03-29;1969;17;2;2;650;5%;1235;Boleto
1190;2026-01-23;1728;29;6;1;380;0%;380;Cartão de Débito
1191;2025-12-04;1632;44;17;1;55;0%;55;Cartão de Crédito
1192;2025-11-05;1905;45;3;1;180;5%;171;Cartão de Crédito
1193;2026-03-08;416;11;13;2;3800;0%;7600;Cartão de Crédito
1194;2025-09-18;659;31;11;1;120;0%;120;Boleto
1195;2025-11-16;2354;10;17;1;50;0%;50;Cartão de Crédito
1196;2026-03-27;1863;6;1;1;220;0%;220;Cartão de Crédito
1197;2026-05-18;1646;12;14;1;180;5%;171;Boleto
1198;2025-10-09;1241;11;14;1;3800;0%;3800;Cartão de Débito
1199;2026-01-22;475;9;15;1;150;0%;150;Cartão de Crédito
1200;2026-05-27;1528;29;16;1;380;0%;380;Pix
1201;2026-09-11;1373;3;18;1;250;5%;237,5;Cartão de Crédito
1202;2026-03-17;458;18;6;2;280;0%;560;Cartão de Débito
1203;2026-04-17;2178;34;13;1;890;0%;890;Boleto
1204;2026-08-23;328;17;5;1;650;0%;650;Cartão de Débito
1205;2025-09-15;1381;31;9;3;120;5%;342;Cartão de Crédito
1206;2025-12-22;2110;9;15;1;150;0%;150;Cartão de Crédito
1207;2026-04-22;199;5;15;1;950;0%;950;Cartão de Crédito
1208;2026-02-03;164;17;4;1;650;0%;650;Pix
1209;2026-05-20;1886;5;12;1;950;0%;950;Cartão de Crédito
1210;2025-10-07;2455;13;12;1;2900;0%;2900;Cartão de Crédito
1211;2026-01-19;1744;41;11;4;45;0%;180;Cartão de Crédito
1212;2026-08-23;1214;13;1;1;2900;5%;2755;Cartão de Crédito
1213;2026-06-16;1095;4;6;2;1400;10%;2520;Cartão de Crédito
1214;2026-02-09;1462;11;14;2;3800;0%;7600;Cartão de Crédito
1215;2025-09-20;1830;40;11;1;600;5%;570;Boleto
1216;2026-02-11;146;31;4;1;120;0%;120;Cartão de Crédito
1217;2026-03-13;150;22;18;1;850;0%;850;Cartão de Crédito
1218;2026-04-02;1019;31;6;1;120;0%;120;Cartão de Crédito
1219;2025-10-25;2192;8;4;1;110;0%;110;Pix
1220;2025-11-15;593;25;16;1;310;0%;310;Boleto
1221;2026-04-20;1126;15;12;1;750;5%;712,5;Cartão de Crédito
1222;2026-05-04;1000;35;17;1;250;0%;250;Pix
1223;2026-06-30;1878;25;2;1;310;0%;310;Cartão de Crédito
1224;2025-10-21;1338;8;12;1;110;0%;110;Cartão de Crédito
1225;2025-10-01;602;9;4;1;150;0%;150;Boleto
1226;2026-03-26;2100;16;3;1;520;0%;520;Cartão de Crédito
1227;2026-03-03;1237;5;14;3;950;10%;2565;Cartão de Crédito
1228;2026-04-05;92;18;6;2;280;5%;532;Pix
1229;2026-01-21;325;6;14;1;220;0%;220;Boleto
1230;2025-11-10;785;12;9;1;180;0%;180;Cartão de Crédito
1231;2026-02-14;2106;27;18;4;350;0%;1400;Boleto
1232;2026-01-14;201;8;12;1;110;0%;110;Cartão de Crédito
1233;2026-07-02;1938;38;7;2;390;0%;780;Cartão de Crédito
1234;2026-04-23;1126;15;6;4;750;0%;3000;Cartão de Crédito
1235;2026-01-31;2055;19;2;3;490;0%;1470;Boleto
1236;2026-07-18;1633;14;6;1;350;5%;332,5;Cartão de Crédito
1237;2026-08-25;1168;40;9;2;600;0%;1200;Pix
1238;2025-09-14;1668;33;7;2;1200;0%;2400;Cartão de Crédito
1239;2025-09-21;1698;24;5;1;380;0%;380;Pix
1240;2026-01-30;1094;22;15;1;850;0%;850;Pix
1241;2026-07-15;1304;6;4;1;220;0%;220;Pix
1242;2026-01-03;921;7;1;1;320;10%;288;Pix
1243;2026-09-10;1330;14;8;4;350;0%;1400;Boleto
1244;2025-10-14;1179;26;15;1;2200;0%;2200;Cartão de Crédito
1245;2026-07-10;1724;7;11;1;320;0%;320;Cartão de Crédito
1246;2026-06-16;1594;8;16;4;110;0%;440;Boleto
1247;2026-06-24;52;5;11;1;950;0%;950;Pix
1248;2026-03-05;1310;29;12;2;380;10%;684;Pix
1249;2026-04-27;622;23;15;1;400;0%;400;Boleto
1250;2026-05-25;863;10;18;1;50;5%;47,5;Pix
1251;2026-09-04;697;16;13;1;520;5%;494;Cartão de Crédito
1252;2026-01-20;1651;3;2;2;250;0%;500;Boleto
1253;2026-08-16;2341;14;3;1;350;0%;350;Pix
1254;2026-08-01;1993;22;18;1;850;0%;850;Cartão de Crédito
1255;2026-03-07;341;10;7;1;50;0%;50;Boleto
1256;2026-06-10;1513;14;10;2;350;10%;630;Pix
1257;2026-02-08;1292;18;15;3;280;0%;840;Cartão de Crédito
1258;2026-08-23;1915;4;1;2;1400;0%;2800;Pix
1259;2025-11-30;2396;21;6;1;1600;0%;1600;Cartão de Crédito
1260;2026-07-28;1441;42;14;1;35;0%;35;Cartão de Débito
1261;2026-04-12;96;20;10;2;190;0%;380;Pix
1262;2026-06-23;2011;21;8;1;1600;0%;1600;Pix
1263;2026-03-23;2202;17;5;1;650;0%;650;Boleto
1264;2026-03-24;2487;3;4;1;250;0%;250;Pix
1265;2025-10-31;1621;9;7;1;150;0%;150;Cartão de Crédito
1266;2025-12-29;454;38;10;3;390;0%;1170;Cartão de Crédito
1267;2025-12-12;652;2;13;2;80;0%;160;Cartão de Crédito
1268;2026-06-20;1674;1;12;3;4500;0%;13500;Pix
1269;2026-01-01;1713;3;9;1;250;10%;225;Pix
1270;2026-02-22;1488;8;4;1;110;0%;110;Cartão de Crédito
1271;2026-08-18;1302;4;17;1;1400;5%;1330;Cartão de Crédito
1272;2026-06-13;2182;17;13;1;650;0%;650;Cartão de Crédito
1273;2026-01-05;1655;4;16;1;1400;0%;1400;Cartão de Crédito
1274;2026-05-07;1173;4;15;2;1400;0%;2800;Cartão de Crédito
1275;2025-12-01;728;8;13;2;110;0%;220;Cartão de Crédito
1276;2026-02-06;14;20;18;1;190;0%;190;Cartão de Crédito
1277;2026-03-02;1901;4;6;1;1400;0%;1400;Cartão de Crédito
1278;2026-08-27;403;42;13;2;35;10%;63;Boleto
1279;2026-07-06;1713;25;14;1;310;0%;310;Pix
1280;2026-04-10;774;16;1;1;520;0%;520;Cartão de Crédito
1281;2026-07-25;919;38;5;1;390;0%;390;Cartão de Crédito
1282;2026-07-21;2062;21;3;3;1600;0%;4800;Cartão de Crédito
1283;2026-07-15;2338;33;14;1;1200;0%;1200;Pix
1284;2025-09-23;1332;1;8;1;4500;10%;4050;Cartão de Crédito
1285;2025-12-06;2332;3;16;1;250;0%;250;Cartão de Débito
1286;2026-08-28;373;4;12;1;1400;0%;1400;Pix
1287;2025-09-23;2464;35;13;1;250;0%;250;Boleto
1288;2026-06-21;2095;4;7;1;1400;0%;1400;Cartão de Crédito
1289;2025-12-03;1876;28;12;3;420;0%;1260;Cartão de Crédito
1290;2026-01-12;718;28;16;1;420;0%;420;Cartão de Crédito
1291;2026-09-11;819;2;11;1;80;0%;80;Cartão de Crédito
1292;2025-11-18;1201;44;3;1;55;0%;55;Cartão de Crédito
1293;2025-09-27;848;29;15;1;380;0%;380;Pix
1294;2026-05-05;1004;1;15;1;4500;0%;4500;Boleto
1295;2026-01-13;725;3;15;3;250;0%;750;Boleto
1296;2026-05-26;456;32;11;1;480;0%;480;Cartão de Débito
1297;2025-12-02;1003;40;15;2;600;0%;1200;Cartão de Crédito
1298;2025-10-17;29;9;2;3;150;0%;450;Pix
1299;2026-08-27;1665;39;17;2;290;0%;580;Pix
1300;2026-05-10;1579;2;3;2;80;0%;160;Cartão de Crédito
1301;2026-04-13;1066;44;18;1;55;0%;55;Pix
1302;2025-11-12;2487;12;18;4;180;5%;684;Cartão de Crédito
1303;2026-09-12;98;6;15;2;220;5%;418;Cartão de Crédito
1304;2026-05-16;245;28;10;1;420;0%;420;Pix
1305;2026-04-03;164;27;12;1;350;0%;350;Cartão de Crédito
1306;2026-04-04;2096;16;15;1;520;0%;520;Cartão de Crédito
1307;2026-04-19;509;2;4;1;80;0%;80;Boleto
1308;2025-11-25;1076;21;4;1;1600;0%;1600;Cartão de Crédito
1309;2025-12-07;1502;13;14;2;2900;0%;5800;Cartão de Crédito
1310;2026-08-14;1392;23;5;2;400;0%;800;Cartão de Crédito
1311;2026-01-14;1977;14;7;4;350;0%;1400;Boleto
1312;2026-01-25;398;20;11;2;190;0%;380;Boleto
1313;2026-08-06;304;16;15;1;520;0%;520;Cartão de Débito
1314;2026-09-10;2014;3;8;2;250;5%;475;Cartão de Crédito
1315;2026-01-23;1403;19;10;1;490;0%;490;Boleto
1316;2026-08-30;1822;32;11;1;480;0%;480;Cartão de Crédito
1317;2026-04-30;1057;17;9;4;650;0%;2600;Cartão de Crédito
1318;2026-07-13;147;10;5;2;50;0%;100;Cartão de Crédito
1319;2025-11-26;2138;29;10;1;380;0%;380;Cartão de Crédito
1320;2025-09-25;906;11;12;1;3800;5%;3610;Cartão de Crédito
1321;2026-06-27;1486;16;10;5;520;0%;2600;Boleto
1322;2026-02-16;649;26;10;1;2200;10%;1980;Cartão de Crédito
1323;2026-05-13;1802;26;10;1;2200;0%;2200;Cartão de Crédito
1324;2025-11-30;527;1;5;1;4500;0%;4500;Cartão de Crédito
1325;2026-07-20;1198;21;13;1;1600;0%;1600;Cartão de Crédito
1326;2026-01-21;934;1;1;2;4500;0%;9000;Boleto
1327;2025-12-29;2389;18;10;1;280;0%;280;Cartão de Crédito
1328;2025-11-26;2394;36;1;3;550;0%;1650;Pix
1329;2026-01-22;1492;42;17;3;35;0%;105;Cartão de Crédito
1330;2026-06-03;1663;41;16;1;45;0%;45;Pix
1331;2026-07-25;698;9;12;1;150;0%;150;Cartão de Débito
1332;2026-08-07;639;20;17;1;190;0%;190;Cartão de Crédito
1333;2026-02-19;2144;17;12;1;650;0%;650;Cartão de Crédito
1334;2026-03-24;1988;10;6;1;50;10%;45;Cartão de Débito
1335;2026-06-07;1975;19;6;1;490;5%;465,5;Cartão de Crédito
1336;2026-05-17;1556;40;1;2;600;0%;1200;Cartão de Crédito
1337;2026-08-20;266;18;11;4;280;0%;1120;Cartão de Crédito
1338;2026-01-05;1267;25;7;1;310;0%;310;Cartão de Débito
1339;2026-01-04;615;18;9;1;280;0%;280;Cartão de Crédito
1340;2026-07-20;490;43;7;1;65;5%;61,75;Cartão de Crédito
1341;2026-03-13;2044;7;15;1;320;0%;320;Pix
1342;2026-06-30;50;44;17;1;55;0%;55;Cartão de Crédito
1343;2026-01-06;830;5;12;2;950;0%;1900;Cartão de Crédito
1344;2026-08-18;135;29;13;1;380;0%;380;Pix
1345;2026-07-29;405;11;11;1;3800;5%;3610;Cartão de Crédito
1346;2026-05-29;276;17;9;1;650;0%;650;Cartão de Crédito
1347;2026-06-22;2191;17;18;1;650;0%;650;Cartão de Débito
1348;2025-10-22;230;34;15;1;890;0%;890;Pix
1349;2026-06-29;2142;20;8;2;190;0%;380;Cartão de Crédito
1350;2026-01-15;1049;15;6;1;750;0%;750;Boleto
1351;2026-08-31;1004;42;8;1;35;10%;31,5;Cartão de Crédito
1352;2026-08-31;1869;36;6;1;550;10%;495;Cartão de Crédito
1353;2025-10-02;2496;18;9;1;280;0%;280;Cartão de Crédito
1354;2026-06-21;1137;2;3;2;80;0%;160;Cartão de Crédito
1355;2025-12-18;261;10;5;1;50;0%;50;Cartão de Crédito
1356;2026-06-06;1241;10;2;1;50;10%;45;Cartão de Crédito
1357;2025-12-27;933;20;8;1;190;10%;171;Cartão de Crédito
1358;2026-07-08;2381;26;16;2;2200;0%;4400;Cartão de Crédito
1359;2026-05-07;403;2;18;2;80;0%;160;Pix
1360;2025-10-08;1307;33;3;1;1200;0%;1200;Boleto
1361;2025-12-21;1960;7;4;1;320;0%;320;Cartão de Débito
1362;2026-04-26;342;6;16;1;220;0%;220;Pix
1363;2025-12-22;410;4;18;1;1400;0%;1400;Cartão de Crédito
1364;2026-07-10;881;13;16;1;2900;0%;2900;Cartão de Crédito
1365;2026-02-12;2332;13;1;1;2900;10%;2610;Cartão de Débito
1366;2026-07-06;1761;8;4;2;110;0%;220;Cartão de Crédito
1367;2026-04-26;798;17;15;1;650;0%;650;Boleto
1368;2025-09-12;1032;12;14;2;180;0%;360;Cartão de Crédito
1369;2026-07-16;1109;25;16;1;310;0%;310;Cartão de Crédito
1370;2026-08-01;724;25;11;1;310;0%;310;Cartão de Crédito
1371;2026-05-29;1980;9;17;2;150;0%;300;Pix
1372;2026-02-04;1228;44;9;2;55;0%;110;Pix
1373;2026-06-11;1020;38;11;1;390;0%;390;Pix
1374;2026-01-30;2299;9;17;1;150;0%;150;Cartão de Crédito
1375;2026-02-17;1803;36;4;1;550;0%;550;Pix
1376;2025-12-14;1998;2;1;1;80;0%;80;Cartão de Crédito
1377;2026-02-22;2088;6;16;1;220;0%;220;Cartão de Crédito
1378;2026-05-23;669;15;6;1;750;0%;750;Cartão de Débito
1379;2025-10-15;1770;26;10;2;2200;0%;4400;Pix
1380;2025-10-30;1816;29;11;2;380;0%;760;Pix
1381;2026-08-04;2207;20;6;2;190;0%;380;Cartão de Crédito
1382;2025-12-20;446;1;8;1;4500;0%;4500;Cartão de Crédito
1383;2025-12-30;1259;9;17;1;150;0%;150;Cartão de Crédito
1384;2026-02-15;1311;30;17;2;160;0%;320;Cartão de Crédito
1385;2026-05-11;422;35;10;1;250;0%;250;Cartão de Crédito
1386;2026-07-21;862;23;5;1;400;5%;380;Boleto
1387;2026-02-24;641;3;7;1;250;0%;250;Cartão de Crédito
1388;2026-04-02;704;4;6;1;1400;0%;1400;Cartão de Crédito
1389;2026-07-21;644;21;11;3;1600;5%;4560;Pix
1390;2026-06-03;1941;27;14;1;350;0%;350;Pix
1391;2026-01-27;937;45;9;1;180;0%;180;Cartão de Crédito
1392;2026-05-11;1244;1;12;3;4500;0%;13500;Pix
1393;2025-11-25;1255;43;11;2;65;10%;117;Cartão de Crédito
1394;2026-03-12;1292;23;15;2;400;0%;800;Cartão de Crédito
1395;2026-02-16;1743;44;13;2;55;5%;104,5;Cartão de Crédito
1396;2026-04-13;24;12;13;1;180;5%;171;Pix
1397;2025-10-10;1675;2;12;1;80;0%;80;Cartão de Crédito
1398;2026-08-08;574;22;15;3;850;0%;2550;Pix
1399;2026-01-30;80;43;7;1;65;0%;65;Cartão de Crédito
1400;2025-12-27;1049;24;10;1;380;0%;380;Pix
1401;2026-03-22;97;10;11;1;50;0%;50;Pix
1402;2026-04-18;1567;21;11;1;1600;5%;1520;Boleto
1403;2026-06-24;2294;15;7;1;750;0%;750;Pix
1404;2025-12-31;2061;8;15;2;110;0%;220;Boleto
1405;2026-01-30;438;8;3;3;110;0%;330;Cartão de Crédito
1406;2026-01-14;658;37;11;1;140;5%;133;Pix
1407;2026-05-15;2429;33;16;1;1200;0%;1200;Cartão de Crédito
1408;2025-10-05;1598;3;16;1;250;0%;250;Pix
1409;2026-01-17;1148;6;13;1;220;0%;220;Cartão de Crédito
1410;2025-10-12;416;33;2;1;1200;0%;1200;Cartão de Crédito
1411;2026-08-05;1404;31;9;1;120;0%;120;Cartão de Crédito
1412;2026-06-14;1514;9;15;1;150;0%;150;Pix
1413;2026-02-04;455;20;16;1;190;0%;190;Pix
1414;2025-11-19;304;11;11;1;3800;0%;3800;Cartão de Crédito
1415;2026-04-11;622;34;5;2;890;10%;1602;Pix
1416;2026-07-10;1225;4;7;1;1400;5%;1330;Pix
1417;2026-06-26;361;29;15;1;380;0%;380;Boleto
1418;2026-01-15;1343;28;18;1;420;5%;399;Cartão de Crédito
1419;2026-08-16;1068;10;18;1;50;10%;45;Cartão de Crédito
1420;2026-06-10;1194;5;1;1;950;0%;950;Cartão de Crédito
1421;2025-11-22;279;16;11;1;520;5%;494;Cartão de Crédito
1422;2026-03-15;1827;28;7;1;420;0%;420;Boleto
1423;2025-12-15;1316;23;15;1;400;0%;400;Cartão de Crédito
1424;2026-01-06;1888;20;12;2;190;0%;380;Cartão de Crédito
1425;2026-03-01;816;13;9;1;2900;10%;2610;Cartão de Crédito
1426;2026-01-20;2473;11;1;1;3800;0%;3800;Cartão de Crédito
1427;2025-11-22;489;8;14;3;110;5%;313,5;Cartão de Crédito
1428;2026-04-18;1624;37;16;2;140;0%;280;Cartão de Débito
1429;2025-10-06;2165;40;2;1;600;0%;600;Cartão de Crédito
1430;2026-06-01;1530;10;1;1;50;0%;50;Cartão de Crédito
1431;2026-06-28;1791;14;2;1;350;0%;350;Cartão de Crédito
1432;2026-05-28;1340;23;18;1;400;0%;400;Cartão de Crédito
1433;2026-05-21;1158;38;11;1;390;5%;370,5;Cartão de Crédito
1434;2026-08-02;275;18;3;2;280;0%;560;Pix
1435;2026-06-28;378;8;18;1;110;0%;110;Cartão de Crédito
1436;2025-11-08;2179;19;6;3;490;5%;1396,5;Cartão de Débito
1437;2026-06-01;360;25;15;1;310;0%;310;Cartão de Débito
1438;2026-07-21;782;25;3;5;310;0%;1550;Pix
1439;2026-08-28;1766;29;9;1;380;5%;361;Cartão de Crédito
1440;2026-05-08;1849;14;5;1;350;0%;350;Cartão de Crédito
1441;2026-08-11;1354;39;3;2;290;5%;551;Cartão de Crédito
1442;2025-12-14;2357;27;11;3;350;0%;1050;Cartão de Crédito
1443;2026-05-02;2162;38;14;1;390;0%;390;Pix
1444;2025-09-22;1645;26;10;1;2200;0%;2200;Cartão de Crédito
1445;2025-09-15;1598;5;1;1;950;5%;902,5;Cartão de Crédito
1446;2025-09-16;923;13;11;2;2900;0%;5800;Cartão de Crédito
1447;2026-04-18;617;37;9;1;140;0%;140;Boleto
1448;2026-01-04;2394;7;11;5;320;0%;1600;Pix
1449;2026-06-11;1875;38;7;4;390;0%;1560;Pix
1450;2026-07-03;1453;43;5;1;65;10%;58,5;Cartão de Crédito
1451;2025-12-17;608;3;7;1;250;0%;250;Boleto
1452;2026-02-16;744;3;4;1;250;0%;250;Cartão de Débito
1453;2025-09-25;2185;14;2;1;350;0%;350;Cartão de Débito
1454;2025-11-16;2213;9;12;2;150;0%;300;Cartão de Crédito
1455;2025-10-17;1342;20;11;1;190;5%;180,5;Cartão de Crédito
1456;2026-01-07;856;15;7;2;750;0%;1500;Pix
1457;2026-02-14;669;12;14;1;180;0%;180;Cartão de Crédito
1458;2026-01-28;955;18;7;1;280;10%;252;Cartão de Crédito
1459;2026-03-12;112;14;5;2;350;0%;700;Pix
1460;2026-04-25;505;13;13;3;2900;0%;8700;Pix
1461;2025-09-25;1819;5;7;1;950;0%;950;Cartão de Crédito
1462;2026-03-25;202;8;15;3;110;0%;330;Pix
1463;2026-04-24;1636;17;7;1;650;0%;650;Cartão de Débito
1464;2025-12-26;1559;34;4;2;890;0%;1780;Pix
1465;2025-10-29;718;1;17;1;4500;0%;4500;Pix
1466;2026-07-05;2116;17;4;1;650;0%;650;Cartão de Crédito
1467;2025-12-04;859;15;4;2;750;0%;1500;Cartão de Crédito
1468;2026-05-20;2478;20;12;2;190;0%;380;Cartão de Crédito
1469;2026-02-21;1701;32;7;1;480;0%;480;Cartão de Crédito
1470;2025-12-28;372;24;17;2;380;0%;760;Cartão de Crédito
1471;2026-03-15;1958;22;9;1;850;0%;850;Cartão de Débito
1472;2026-05-30;459;16;15;1;520;0%;520;Boleto
1473;2025-09-20;30;15;13;2;750;0%;1500;Pix
1474;2026-04-15;1640;6;4;1;220;0%;220;Cartão de Crédito
1475;2026-03-12;1477;11;10;3;3800;10%;10260;Pix
1476;2025-10-15;1779;18;10;1;280;0%;280;Cartão de Crédito
1477;2026-01-07;346;22;13;1;850;0%;850;Pix
1478;2026-05-11;65;5;9;1;950;0%;950;Cartão de Débito
1479;2026-08-09;1325;14;2;2;350;0%;700;Cartão de Crédito
1480;2025-11-23;1020;24;6;5;380;0%;1900;Pix
1481;2026-06-28;38;42;5;1;35;0%;35;Pix
1482;2026-06-04;638;26;5;1;2200;0%;2200;Pix
1483;2026-09-02;1925;36;2;1;550;0%;550;Cartão de Crédito
1484;2025-10-13;2443;44;7;1;55;0%;55;Pix
1485;2026-08-16;1201;7;12;2;320;0%;640;Cartão de Crédito
1486;2026-07-25;1700;7;6;1;320;0%;320;Boleto
1487;2026-04-14;707;11;6;4;3800;0%;15200;Cartão de Crédito
1488;2026-06-04;621;32;6;2;480;0%;960;Cartão de Crédito
1489;2026-03-17;449;21;6;2;1600;0%;3200;Pix
1490;2025-09-27;2038;12;7;1;180;0%;180;Boleto
1491;2026-02-15;1654;40;12;1;600;0%;600;Pix
1492;2026-01-25;1316;36;1;1;550;5%;522,5;Cartão de Crédito
1493;2025-09-25;1359;32;1;3;480;0%;1440;Cartão de Crédito
1494;2026-05-10;141;33;5;2;1200;0%;2400;Cartão de Débito
1495;2026-04-08;191;5;18;1;950;0%;950;Pix
1496;2026-03-24;2452;1;17;1;4500;10%;4050;Cartão de Crédito
1497;2025-12-07;648;1;4;1;4500;0%;4500;Cartão de Débito
1498;2025-09-19;1429;32;8;2;480;0%;960;Pix
1499;2025-10-29;1720;17;3;1;650;0%;650;Pix
1500;2025-11-08;1949;28;15;1;420;0%;420;Cartão de Crédito
1501;2026-04-12;2199;6;15;1;220;5%;209;Pix
1502;2025-11-19;2471;42;1;1;35;0%;35;Cartão de Crédito
1503;2026-02-18;1951;8;16;1;110;5%;104,5;Boleto
1504;2026-01-21;526;17;11;4;650;0%;2600;Pix
1505;2026-08-14;2212;18;12;1;280;0%;280;Cartão de Crédito
1506;2026-07-23;395;33;16;1;1200;5%;1140;Cartão de Crédito
1507;2026-05-22;2340;8;7;1;110;5%;104,5;Cartão de Crédito
1508;2025-11-15;899;3;17;2;250;0%;500;Cartão de Crédito
1509;2025-11-17;585;7;8;2;320;0%;640;Cartão de Crédito
1510;2026-08-15;337;35;4;2;250;0%;500;Boleto
1511;2026-04-06;1157;4;4;1;1400;0%;1400;Cartão de Crédito
1512;2026-01-17;927;28;9;2;420;0%;840;Pix
1513;2025-12-15;1234;39;11;2;290;0%;580;Cartão de Débito
1514;2026-09-10;1893;13;17;1;2900;5%;2755;Cartão de Crédito
1515;2026-06-03;2365;16;9;1;520;5%;494;Boleto
1516;2025-11-18;1344;11;14;1;3800;0%;3800;Pix
1517;2026-03-22;595;30;2;1;160;0%;160;Cartão de Crédito
1518;2026-03-28;197;8;7;1;110;5%;104,5;Cartão de Crédito
1519;2025-12-14;59;15;5;1;750;0%;750;Cartão de Crédito
1520;2026-08-02;140;18;8;1;280;0%;280;Cartão de Crédito
1521;2025-12-03;1626;42;11;1;35;0%;35;Cartão de Crédito
1522;2025-09-17;2344;15;16;1;750;0%;750;Cartão de Crédito
1523;2026-05-17;1409;1;7;2;4500;0%;9000;Pix
1524;2026-07-30;2365;19;13;1;490;0%;490;Pix
1525;2026-05-01;880;33;15;1;1200;0%;1200;Boleto
1526;2026-07-27;1077;26;18;1;2200;0%;2200;Boleto
1527;2026-04-25;483;6;9;1;220;0%;220;Cartão de Crédito
1528;2026-08-13;2108;40;11;1;600;10%;540;Cartão de Crédito
1529;2026-03-03;764;18;9;3;280;0%;840;Pix
1530;2026-03-05;1997;44;18;2;55;0%;110;Pix
1531;2026-05-03;396;4;11;1;1400;0%;1400;Cartão de Débito
1532;2026-06-04;1077;30;3;2;160;0%;320;Cartão de Crédito
1533;2026-03-18;1748;9;1;1;150;0%;150;Pix
1534;2026-06-17;518;3;4;1;250;0%;250;Cartão de Crédito
1535;2026-01-06;1874;39;4;1;290;0%;290;Boleto
1536;2025-11-12;2255;12;10;1;180;0%;180;Boleto
1537;2025-11-15;1424;5;10;2;950;0%;1900;Cartão de Crédito
1538;2026-05-01;1787;40;18;1;600;0%;600;Pix
1539;2025-10-24;2068;2;6;1;80;0%;80;Cartão de Crédito
1540;2026-04-03;2093;26;7;2;2200;0%;4400;Boleto
1541;2025-11-23;909;10;1;1;50;0%;50;Cartão de Crédito
1542;2025-12-22;1450;16;17;1;520;0%;520;Cartão de Débito
1543;2026-07-16;622;5;17;1;950;0%;950;Pix
1544;2026-06-07;193;32;18;1;480;0%;480;Pix
1545;2026-03-16;2210;5;8;1;950;0%;950;Cartão de Crédito
1546;2026-09-02;2175;7;6;1;320;0%;320;Cartão de Débito
1547;2026-03-22;651;30;4;1;160;0%;160;Cartão de Crédito
1548;2026-08-26;679;5;8;1;950;0%;950;Pix
1549;2025-11-28;2216;39;14;2;290;0%;580;Cartão de Crédito
1550;2025-12-24;1141;33;2;1;1200;0%;1200;Cartão de Crédito
1551;2026-04-05;1215;13;13;2;2900;5%;5510;Pix
1552;2026-06-06;1726;40;16;1;600;0%;600;Cartão de Crédito
1553;2026-05-09;1319;2;5;1;80;0%;80;Cartão de Crédito
1554;2026-02-12;2;11;3;1;3800;0%;3800;Boleto
1555;2026-01-18;2277;12;10;1;180;0%;180;Cartão de Crédito
1556;2025-12-27;2433;26;3;2;2200;0%;4400;Cartão de Crédito
1557;2025-10-12;1681;22;5;1;850;0%;850;Cartão de Débito
1558;2025-11-24;1970;13;6;2;2900;0%;5800;Boleto
1559;2026-01-14;1603;6;6;1;220;0%;220;Boleto
1560;2026-08-08;1717;23;13;1;400;5%;380;Boleto
1561;2026-07-11;793;3;8;3;250;0%;750;Pix
1562;2026-03-10;289;21;8;2;1600;0%;3200;Pix
1563;2026-01-31;576;3;13;2;250;0%;500;Cartão de Crédito
1564;2025-11-14;2400;1;5;1;4500;0%;4500;Pix
1565;2025-12-26;1817;23;5;1;400;5%;380;Cartão de Crédito
1566;2026-08-22;1129;33;11;1;1200;0%;1200;Cartão de Débito
1567;2025-09-17;481;17;17;2;650;10%;1170;Cartão de Crédito
1568;2026-02-18;2148;22;4;1;850;0%;850;Cartão de Débito
1569;2026-07-30;2452;19;16;1;490;0%;490;Pix
1570;2026-01-08;1796;12;10;1;180;5%;171;Cartão de Crédito
1571;2025-11-14;2217;19;15;2;490;0%;980;Pix
1572;2025-11-29;289;19;11;1;490;5%;465,5;Cartão de Crédito
1573;2026-01-29;168;15;13;4;750;0%;3000;Cartão de Crédito
1574;2026-01-20;463;10;15;4;50;5%;190;Boleto
1575;2026-04-18;2397;3;6;1;250;0%;250;Cartão de Crédito
1576;2026-09-10;1996;15;10;2;750;0%;1500;Pix
1577;2026-01-05;2142;15;4;1;750;0%;750;Cartão de Crédito
1578;2025-10-27;2472;31;12;1;120;0%;120;Pix
1579;2026-01-13;2026;9;14;2;150;0%;300;Cartão de Débito
1580;2026-04-15;233;20;4;2;190;0%;380;Cartão de Crédito
1581;2026-02-02;1130;17;9;1;650;0%;650;Cartão de Crédito
1582;2026-08-05;2081;6;11;1;220;10%;198;Cartão de Crédito
1583;2026-04-14;1030;2;12;1;80;0%;80;Pix
1584;2025-10-24;53;17;4;1;650;0%;650;Pix
1585;2026-09-12;1989;6;8;1;220;0%;220;Cartão de Crédito
1586;2026-07-08;2028;23;8;1;400;0%;400;Boleto
1587;2026-07-11;1777;3;9;1;250;0%;250;Cartão de Débito
1588;2025-11-04;1999;26;18;1;2200;0%;2200;Pix
1589;2026-07-19;2317;19;13;1;490;5%;465,5;Cartão de Débito
1590;2026-07-19;2126;15;13;1;750;5%;712,5;Pix
1591;2025-10-03;2465;15;4;1;750;0%;750;Cartão de Crédito
1592;2026-07-11;404;20;4;1;190;0%;190;Cartão de Crédito
1593;2025-11-11;978;32;12;1;480;0%;480;Cartão de Crédito
1594;2026-07-06;2474;38;14;3;390;0%;1170;Cartão de Crédito
1595;2026-04-01;164;32;12;2;480;10%;864;Boleto
1596;2026-08-09;1804;18;15;1;280;0%;280;Cartão de Crédito
1597;2026-07-02;2142;22;2;1;850;0%;850;Pix
1598;2026-04-04;1769;19;1;1;490;0%;490;Cartão de Crédito
1599;2025-12-31;2323;25;6;2;310;10%;558;Cartão de Crédito
1600;2025-09-24;1348;11;4;1;3800;0%;3800;Boleto
1601;2026-02-08;1689;35;1;2;250;0%;500;Boleto
1602;2026-05-03;1039;36;12;1;550;0%;550;Cartão de Crédito
1603;2026-08-27;1410;40;12;1;600;0%;600;Cartão de Crédito
1604;2026-01-17;1134;13;15;2;2900;0%;5800;Cartão de Crédito
1605;2025-10-06;1330;38;15;1;390;0%;390;Pix
1606;2026-09-04;1078;15;6;5;750;0%;3750;Cartão de Crédito
1607;2025-12-28;2288;5;18;1;950;5%;902,5;Pix
1608;2026-08-09;1319;20;13;1;190;0%;190;Cartão de Débito
1609;2026-03-09;705;17;16;3;650;0%;1950;Pix
1610;2025-10-27;1368;4;12;1;1400;0%;1400;Pix
1611;2026-07-24;2205;1;8;1;4500;0%;4500;Cartão de Crédito
1612;2026-02-21;1253;18;4;1;280;10%;252;Cartão de Crédito
1613;2025-10-28;1664;19;11;1;490;5%;465,5;Cartão de Débito
1614;2026-07-27;2037;10;6;1;50;5%;47,5;Cartão de Crédito
1615;2026-03-26;829;13;9;1;2900;0%;2900;Cartão de Crédito
1616;2026-09-09;1989;25;12;1;310;5%;294,5;Cartão de Crédito
1617;2026-03-03;1794;2;12;2;80;0%;160;Cartão de Crédito
1618;2025-12-02;691;28;11;3;420;0%;1260;Boleto
1619;2025-09-20;457;42;7;1;35;0%;35;Cartão de Débito
1620;2026-07-06;1272;4;17;1;1400;0%;1400;Cartão de Crédito
1621;2026-09-05;2296;16;10;1;520;0%;520;Cartão de Crédito
1622;2026-06-25;2205;16;6;1;520;10%;468;Cartão de Crédito
1623;2026-04-03;312;26;7;1;2200;0%;2200;Cartão de Crédito
1624;2025-10-29;371;7;13;1;320;10%;288;Cartão de Crédito
1625;2026-01-24;598;1;11;1;4500;0%;4500;Pix
1626;2026-06-11;1450;3;13;1;250;0%;250;Cartão de Crédito
1627;2025-11-19;1578;31;4;1;120;0%;120;Boleto
1628;2026-02-09;2336;24;3;2;380;0%;760;Pix
1629;2026-02-24;921;30;15;2;160;0%;320;Cartão de Crédito
1630;2025-10-02;1008;26;18;2;2200;10%;3960;Cartão de Crédito
1631;2025-11-30;1122;7;1;1;320;0%;320;Cartão de Crédito
1632;2026-05-23;920;45;8;1;180;0%;180;Boleto
1633;2026-01-15;926;33;15;1;1200;0%;1200;Boleto
1634;2026-08-09;885;1;5;3;4500;0%;13500;Cartão de Crédito
1635;2025-09-18;1216;36;8;2;550;0%;1100;Pix
1636;2025-09-22;1980;31;15;1;120;10%;108;Cartão de Crédito
1637;2026-04-12;2279;3;18;1;250;0%;250;Pix
1638;2026-06-29;788;14;14;1;350;0%;350;Pix
1639;2025-12-16;2125;1;13;1;4500;0%;4500;Pix
1640;2026-07-30;2358;2;13;1;80;0%;80;Cartão de Débito
1641;2026-01-23;1491;10;9;1;50;0%;50;Pix
1642;2026-04-20;1517;11;12;1;3800;0%;3800;Pix
1643;2026-01-10;1312;14;18;1;350;0%;350;Cartão de Crédito
1644;2026-03-13;316;35;5;1;250;0%;250;Pix
1645;2026-02-23;1012;9;18;3;150;0%;450;Pix
1646;2026-07-05;528;40;4;3;600;0%;1800;Cartão de Crédito
1647;2026-05-29;1949;13;18;2;2900;0%;5800;Cartão de Crédito
1648;2026-02-19;430;30;8;1;160;0%;160;Cartão de Crédito
1649;2026-03-09;2270;34;8;1;890;0%;890;Cartão de Crédito
1650;2026-05-08;1103;8;2;1;110;5%;104,5;Pix
1651;2026-05-05;1794;21;16;1;1600;0%;1600;Boleto
1652;2026-07-11;1787;4;3;1;1400;0%;1400;Pix
1653;2025-12-08;91;10;18;3;50;5%;142,5;Pix
1654;2026-04-29;2290;2;2;1;80;0%;80;Pix
1655;2026-03-08;1953;12;5;1;180;0%;180;Pix
1656;2025-10-14;1452;13;3;1;2900;0%;2900;Pix
1657;2026-01-31;2334;5;9;2;950;5%;1805;Pix
1658;2025-09-26;2449;25;16;1;310;0%;310;Cartão de Crédito
1659;2026-04-20;547;18;13;2;280;0%;560;Cartão de Crédito
1660;2025-12-31;1852;20;10;3;190;0%;570;Cartão de Crédito
1661;2026-06-14;1248;30;11;2;160;0%;320;Boleto
1662;2026-01-09;2335;13;17;1;2900;5%;2755;Boleto
1663;2026-04-08;591;34;18;2;890;0%;1780;Boleto
1664;2026-08-26;2404;6;11;1;220;0%;220;Cartão de Crédito
1665;2025-09-15;2497;10;2;1;50;0%;50;Cartão de Crédito
1666;2026-09-11;1468;14;4;1;350;0%;350;Pix
1667;2025-10-18;261;28;17;3;420;0%;1260;Pix
1668;2026-04-11;661;4;7;1;1400;0%;1400;Boleto
1669;2026-01-17;2464;2;6;1;80;0%;80;Boleto
1670;2025-12-13;121;8;16;1;110;0%;110;Pix
1671;2025-11-12;1360;7;3;2;320;5%;608;Cartão de Crédito
1672;2025-10-30;1653;1;13;2;4500;0%;9000;Cartão de Crédito
1673;2026-04-08;1562;3;16;1;250;0%;250;Cartão de Crédito
1674;2025-11-21;1407;31;6;2;120;0%;240;Pix
1675;2025-10-31;1275;11;12;2;3800;5%;7220;Cartão de Crédito
1676;2025-12-11;1763;27;9;1;350;0%;350;Cartão de Crédito
1677;2026-05-25;372;31;6;1;120;5%;114;Pix
1678;2026-01-23;1645;37;7;2;140;0%;280;Cartão de Crédito
1679;2026-01-06;1439;32;3;2;480;5%;912;Cartão de Crédito
1680;2026-03-04;1851;14;4;1;350;0%;350;Cartão de Crédito
1681;2026-06-07;1056;3;1;2;250;5%;475;Cartão de Crédito
1682;2026-07-19;250;3;18;1;250;0%;250;Cartão de Crédito
1683;2025-10-12;1529;31;4;4;120;0%;480;Cartão de Crédito
1684;2025-12-07;8;11;17;3;3800;0%;11400;Pix
1685;2025-09-18;20;1;11;3;4500;0%;13500;Cartão de Débito
1686;2026-03-27;1255;4;1;1;1400;0%;1400;Boleto
1687;2026-06-29;2308;45;12;1;180;0%;180;Cartão de Crédito
1688;2025-10-17;707;13;7;5;2900;0%;14500;Pix
1689;2026-08-03;2041;3;6;1;250;0%;250;Cartão de Crédito
1690;2026-06-13;895;20;12;2;190;10%;342;Cartão de Crédito
1691;2025-10-31;634;5;12;1;950;0%;950;Cartão de Crédito
1692;2026-07-02;725;37;15;2;140;10%;252;Cartão de Crédito
1693;2026-09-08;728;10;17;3;50;0%;150;Boleto
1694;2025-11-27;1824;5;1;1;950;0%;950;Cartão de Crédito
1695;2026-07-27;159;15;18;2;750;10%;1350;Cartão de Crédito
1696;2025-11-12;1277;16;10;1;520;0%;520;Cartão de Crédito
1697;2025-11-06;1430;35;6;2;250;5%;475;Boleto
1698;2026-07-11;2124;19;6;2;490;5%;931;Cartão de Crédito
1699;2025-11-02;2039;10;7;1;50;0%;50;Cartão de Crédito
1700;2026-07-17;636;10;11;4;50;0%;200;Pix
1701;2026-05-02;2245;4;13;1;1400;0%;1400;Cartão de Crédito
1702;2026-04-29;477;30;18;1;160;0%;160;Cartão de Crédito
1703;2025-10-15;1386;10;8;1;50;0%;50;Cartão de Crédito
1704;2026-03-18;580;30;8;1;160;0%;160;Cartão de Crédito
1705;2026-05-21;772;39;13;1;290;5%;275,5;Pix
1706;2025-10-03;1468;17;2;1;650;10%;585;Cartão de Débito
1707;2026-05-15;2422;31;4;1;120;0%;120;Cartão de Crédito
1708;2026-06-05;373;13;11;2;2900;5%;5510;Cartão de Crédito
1709;2026-06-08;2307;38;18;1;390;5%;370,5;Cartão de Crédito
1710;2026-06-06;1615;21;18;1;1600;0%;1600;Cartão de Débito
1711;2026-08-07;824;5;10;3;950;0%;2850;Cartão de Crédito
1712;2026-02-23;555;6;15;3;220;0%;660;Cartão de Crédito
1713;2025-12-22;1200;3;14;1;250;0%;250;Cartão de Débito
1714;2026-04-06;1783;29;13;3;380;0%;1140;Cartão de Crédito
1715;2025-10-24;2009;9;1;1;150;5%;142,5;Pix
1716;2026-05-21;428;37;11;1;140;10%;126;Cartão de Crédito
1717;2026-06-26;1983;10;13;1;50;0%;50;Cartão de Crédito
1718;2026-02-15;2039;41;10;1;45;0%;45;Cartão de Crédito
1719;2026-08-28;226;11;17;1;3800;5%;3610;Cartão de Crédito
1720;2025-10-03;771;6;3;1;220;0%;220;Cartão de Crédito
1721;2026-02-16;2407;7;18;2;320;0%;640;Cartão de Crédito
1722;2025-12-09;1285;39;2;3;290;0%;870;Cartão de Crédito
1723;2026-06-12;115;17;2;1;650;0%;650;Boleto
1724;2026-02-14;1577;12;7;3;180;0%;540;Boleto
1725;2026-03-11;2203;1;2;2;4500;0%;9000;Cartão de Crédito
1726;2026-08-28;1777;6;17;1;220;0%;220;Pix
1727;2026-06-07;731;2;17;1;80;0%;80;Boleto
1728;2026-03-20;184;16;7;2;520;0%;1040;Cartão de Débito
1729;2025-11-01;1873;7;6;1;320;0%;320;Cartão de Crédito
1730;2026-01-03;1312;37;3;1;140;0%;140;Cartão de Crédito
1731;2026-09-12;834;2;16;3;80;0%;240;Pix
1732;2025-12-26;2340;2;1;1;80;0%;80;Pix
1733;2025-10-05;1563;22;7;2;850;0%;1700;Cartão de Crédito
1734;2026-08-30;477;4;10;1;1400;5%;1330;Cartão de Crédito
1735;2025-09-14;985;28;11;1;420;0%;420;Cartão de Crédito
1736;2025-12-11;1598;34;8;2;890;0%;1780;Cartão de Crédito
1737;2026-03-21;1647;28;2;1;420;0%;420;Cartão de Crédito
1738;2025-11-30;581;1;8;3;4500;0%;13500;Cartão de Crédito
1739;2026-07-27;1058;1;14;1;4500;5%;4275;Cartão de Crédito
1740;2026-08-26;2337;24;10;1;380;0%;380;Cartão de Débito
1741;2025-12-25;1117;13;14;1;2900;10%;2610;Pix
1742;2026-08-31;42;4;14;1;1400;5%;1330;Cartão de Crédito
1743;2026-04-11;1545;16;9;2;520;0%;1040;Pix
1744;2025-12-18;2000;13;9;1;2900;0%;2900;Cartão de Crédito
1745;2026-07-16;43;32;13;2;480;0%;960;Cartão de Crédito
1746;2025-10-03;1840;18;5;1;280;5%;266;Boleto
1747;2026-08-17;914;10;3;2;50;0%;100;Cartão de Crédito
1748;2026-08-04;469;1;4;1;4500;5%;4275;Cartão de Crédito
1749;2025-12-02;2002;3;3;1;250;5%;237,5;Pix
1750;2025-12-14;2200;37;11;2;140;0%;280;Pix
1751;2025-12-06;1051;6;13;1;220;5%;209;Pix
1752;2026-02-04;2197;12;10;1;180;0%;180;Cartão de Crédito
1753;2026-02-04;2336;7;9;1;320;0%;320;Boleto
1754;2025-11-06;490;6;13;1;220;0%;220;Boleto
1755;2025-12-24;355;3;18;1;250;0%;250;Pix
1756;2026-05-24;823;31;5;1;120;10%;108;Pix
1757;2026-06-04;147;16;16;1;520;0%;520;Cartão de Débito
1758;2026-05-15;448;5;4;1;950;0%;950;Cartão de Crédito
1759;2026-01-07;156;20;13;1;190;0%;190;Boleto
1760;2025-12-15;343;15;3;1;750;0%;750;Pix
1761;2026-01-13;1786;13;12;2;2900;0%;5800;Cartão de Crédito
1762;2026-04-24;585;12;15;3;180;0%;540;Cartão de Crédito
1763;2026-07-14;169;16;17;1;520;5%;494;Pix
1764;2025-12-17;862;16;11;3;520;0%;1560;Cartão de Crédito
1765;2025-10-04;2330;8;1;2;110;5%;209;Boleto
1766;2025-11-29;1399;17;9;3;650;0%;1950;Pix
1767;2025-12-10;1435;21;15;1;1600;0%;1600;Cartão de Crédito
1768;2025-12-23;232;6;13;1;220;0%;220;Cartão de Crédito
1769;2026-03-25;628;3;10;1;250;0%;250;Cartão de Crédito
1770;2026-05-28;261;22;8;1;850;0%;850;Pix
1771;2025-12-15;797;28;11;1;420;0%;420;Cartão de Crédito
1772;2026-08-14;1798;1;1;1;4500;0%;4500;Pix
1773;2026-04-25;285;3;8;1;250;0%;250;Cartão de Débito
1774;2026-07-17;2165;4;10;2;1400;0%;2800;Pix
1775;2026-06-24;660;2;5;2;80;0%;160;Boleto
1776;2026-06-19;1301;6;2;1;220;10%;198;Pix
1777;2025-11-08;267;2;14;1;80;0%;80;Cartão de Crédito
1778;2026-06-04;2189;14;1;3;350;0%;1050;Boleto
1779;2026-07-25;696;6;11;1;220;0%;220;Boleto
1780;2026-03-20;158;2;5;2;80;0%;160;Pix
1781;2025-11-04;958;4;1;3;1400;0%;4200;Boleto
1782;2026-03-26;15;16;2;1;520;0%;520;Cartão de Crédito
1783;2026-03-29;2323;40;4;1;600;0%;600;Cartão de Crédito
1784;2026-01-04;145;5;18;2;950;0%;1900;Pix
1785;2025-10-19;82;22;16;2;850;0%;1700;Cartão de Crédito
1786;2026-07-01;1582;4;10;3;1400;0%;4200;Cartão de Crédito
1787;2026-08-29;1585;26;15;3;2200;0%;6600;Cartão de Crédito
1788;2026-01-11;2010;21;9;1;1600;0%;1600;Cartão de Crédito
1789;2026-03-07;1864;36;16;4;550;0%;2200;Boleto
1790;2025-11-29;1861;15;18;1;750;0%;750;Pix
1791;2026-03-15;917;13;5;2;2900;0%;5800;Pix
1792;2026-02-05;715;2;13;2;80;5%;152;Cartão de Crédito
1793;2026-01-21;657;8;12;1;110;0%;110;Boleto
1794;2025-09-22;1769;28;10;1;420;0%;420;Cartão de Crédito
1795;2025-11-24;175;29;15;5;380;0%;1900;Pix
1796;2026-04-10;2218;13;8;1;2900;0%;2900;Pix
1797;2026-04-05;513;38;12;1;390;0%;390;Cartão de Crédito
1798;2025-12-27;1663;21;14;1;1600;0%;1600;Cartão de Crédito
1799;2026-04-13;1887;6;15;1;220;5%;209;Pix
1800;2026-04-27;1592;28;15;1;420;5%;399;Cartão de Débito
1801;2026-03-17;1384;4;11;1;1400;0%;1400;Cartão de Crédito
1802;2026-08-18;1634;6;5;3;220;0%;660;Cartão de Crédito
1803;2026-06-10;844;30;8;1;160;0%;160;Cartão de Crédito
1804;2026-01-01;783;17;7;1;650;0%;650;Pix
1805;2026-08-15;1489;26;15;1;2200;5%;2090;Boleto
1806;2026-06-19;1673;8;12;3;110;0%;330;Cartão de Crédito
1807;2026-08-07;1258;43;7;3;65;5%;185,25;Cartão de Crédito
1808;2026-04-01;579;14;16;3;350;0%;1050;Cartão de Crédito
1809;2025-11-06;2224;18;15;1;280;0%;280;Cartão de Crédito
1810;2026-02-12;1689;34;2;1;890;0%;890;Cartão de Crédito
1811;2025-12-23;890;37;11;2;140;0%;280;Pix
1812;2026-06-21;642;2;13;1;80;0%;80;Boleto
1813;2026-06-03;1769;31;6;1;120;5%;114;Boleto
1814;2026-04-26;98;37;7;1;140;0%;140;Pix
1815;2026-03-28;2325;2;6;1;80;0%;80;Cartão de Crédito
1816;2026-01-29;2308;6;5;1;220;0%;220;Cartão de Crédito
1817;2026-08-06;1647;3;7;2;250;0%;500;Cartão de Crédito
1818;2025-11-28;1685;11;11;1;3800;0%;3800;Cartão de Débito
1819;2026-05-09;1007;1;5;1;4500;0%;4500;Boleto
1820;2026-05-19;1296;3;17;1;250;0%;250;Pix
1821;2026-07-30;145;2;4;1;80;0%;80;Pix
1822;2025-10-15;352;17;1;1;650;0%;650;Cartão de Crédito
1823;2025-09-16;217;33;11;3;1200;0%;3600;Cartão de Crédito
1824;2025-10-28;1284;16;12;1;520;0%;520;Cartão de Débito
1825;2025-12-24;617;16;7;1;520;0%;520;Pix
1826;2026-02-16;271;14;12;1;350;0%;350;Boleto
1827;2026-07-28;1293;38;15;1;390;5%;370,5;Cartão de Crédito
1828;2026-05-13;1387;1;6;2;4500;10%;8100;Pix
1829;2026-02-07;1243;12;4;1;180;0%;180;Cartão de Débito
1830;2026-06-26;655;23;5;1;400;0%;400;Cartão de Débito
1831;2025-12-04;1701;18;4;1;280;0%;280;Pix
1832;2026-06-11;1679;6;6;1;220;0%;220;Pix
1833;2026-06-26;2263;20;16;1;190;0%;190;Boleto
1834;2026-09-05;1152;17;8;3;650;0%;1950;Cartão de Crédito
1835;2025-11-09;601;9;15;1;150;0%;150;Pix
1836;2025-10-31;162;13;5;3;2900;0%;8700;Cartão de Crédito
1837;2026-03-26;1937;9;13;1;150;0%;150;Cartão de Crédito
1838;2026-05-14;699;40;1;2;600;0%;1200;Cartão de Crédito
1839;2026-07-09;1485;18;15;1;280;0%;280;Pix
1840;2026-07-08;2343;40;6;5;600;0%;3000;Boleto
1841;2026-04-29;82;15;16;2;750;0%;1500;Boleto
1842;2026-08-21;2322;12;12;1;180;0%;180;Pix
1843;2026-03-04;349;37;12;1;140;0%;140;Pix
1844;2025-10-17;726;21;5;1;1600;0%;1600;Cartão de Crédito
1845;2026-07-28;1230;13;13;1;2900;0%;2900;Cartão de Crédito
1846;2025-11-27;455;6;7;1;220;10%;198;Pix
1847;2026-08-02;1314;10;10;2;50;0%;100;Cartão de Débito
1848;2026-09-11;341;14;12;1;350;0%;350;Cartão de Crédito
1849;2026-07-17;2027;18;1;2;280;0%;560;Cartão de Crédito
1850;2026-07-27;2418;36;14;1;550;0%;550;Cartão de Crédito
1851;2025-12-07;1496;25;9;1;310;0%;310;Cartão de Crédito
1852;2025-12-19;2103;7;9;1;320;0%;320;Cartão de Débito
1853;2026-06-05;97;21;16;1;1600;0%;1600;Cartão de Crédito
1854;2026-02-22;684;32;2;1;480;0%;480;Pix
1855;2026-08-10;979;6;10;1;220;0%;220;Pix
1856;2026-01-24;1839;25;14;1;310;0%;310;Cartão de Crédito
1857;2026-03-03;166;12;9;1;180;0%;180;Cartão de Crédito
1858;2026-08-14;1877;24;3;2;380;0%;760;Cartão de Crédito
1859;2026-03-01;2259;7;2;1;320;0%;320;Boleto
1860;2025-11-17;44;7;1;1;320;0%;320;Cartão de Crédito
1861;2026-02-13;1560;3;7;1;250;0%;250;Pix
1862;2026-05-10;1557;26;13;1;2200;0%;2200;Cartão de Crédito
1863;2025-09-30;1108;4;13;2;1400;0%;2800;Cartão de Crédito
1864;2026-03-02;1503;21;17;1;1600;5%;1520;Cartão de Débito
1865;2026-04-17;1668;13;11;1;2900;0%;2900;Cartão de Crédito
1866;2025-11-18;1419;12;9;1;180;5%;171;Cartão de Crédito
1867;2026-06-21;791;12;16;1;180;5%;171;Pix
1868;2026-02-03;1093;11;3;1;3800;5%;3610;Cartão de Crédito
1869;2026-04-30;348;17;11;3;650;0%;1950;Cartão de Crédito
1870;2026-05-30;465;1;1;2;4500;5%;8550;Cartão de Crédito
1871;2025-11-16;439;4;8;1;1400;0%;1400;Cartão de Crédito
1872;2025-10-20;726;24;12;1;380;0%;380;Cartão de Débito
1873;2025-10-15;631;31;8;1;120;0%;120;Cartão de Crédito
1874;2025-10-26;309;19;1;1;490;5%;465,5;Cartão de Crédito
1875;2025-09-18;1398;33;3;1;1200;0%;1200;Pix
1876;2025-11-30;2387;32;15;1;480;0%;480;Cartão de Crédito
1877;2026-08-01;1356;40;4;1;600;0%;600;Cartão de Crédito
1878;2026-07-22;500;39;2;1;290;5%;275,5;Cartão de Débito
1879;2026-09-07;569;4;7;1;1400;0%;1400;Boleto
1880;2025-10-23;761;8;3;1;110;0%;110;Cartão de Crédito
1881;2025-10-28;16;17;14;1;650;0%;650;Pix
1882;2026-08-29;955;21;7;1;1600;0%;1600;Pix
1883;2025-10-07;326;8;13;1;110;0%;110;Cartão de Crédito
1884;2026-02-23;2169;17;7;1;650;5%;617,5;Pix
1885;2026-05-13;809;11;16;2;3800;0%;7600;Cartão de Crédito
1886;2026-07-18;763;2;16;1;80;0%;80;Cartão de Débito
1887;2026-02-06;2425;2;2;1;80;0%;80;Cartão de Crédito
1888;2026-04-26;758;25;17;2;310;5%;589;Cartão de Crédito
1889;2025-09-15;326;15;6;2;750;0%;1500;Cartão de Crédito
1890;2025-12-22;1079;17;5;1;650;0%;650;Boleto
1891;2026-06-16;2357;23;7;2;400;0%;800;Pix
1892;2026-09-05;508;36;3;1;550;5%;522,5;Cartão de Crédito
1893;2025-12-17;767;2;11;2;80;0%;160;Pix
1894;2026-01-06;666;27;13;1;350;0%;350;Cartão de Crédito
1895;2026-08-03;2427;26;10;1;2200;5%;2090;Pix
1896;2026-07-16;1689;13;17;2;2900;0%;5800;Cartão de Crédito
1897;2026-08-05;1170;24;7;1;380;0%;380;Pix
1898;2026-04-18;1028;3;12;1;250;0%;250;Boleto
1899;2026-01-13;2174;36;1;2;550;0%;1100;Cartão de Débito
1900;2026-08-13;1031;1;10;1;4500;10%;4050;Cartão de Crédito
1901;2025-12-03;265;6;2;2;220;0%;440;Boleto
1902;2025-10-14;2024;24;12;1;380;0%;380;Pix
1903;2025-10-12;1762;7;3;1;320;0%;320;Cartão de Crédito
1904;2026-08-23;1827;13;1;3;2900;0%;8700;Cartão de Crédito
1905;2026-08-23;362;27;11;1;350;10%;315;Cartão de Crédito
1906;2026-07-10;1481;19;3;2;490;0%;980;Pix
1907;2026-06-30;1075;23;11;1;400;5%;380;Cartão de Crédito
1908;2026-04-30;1467;28;16;3;420;0%;1260;Pix
1909;2026-03-20;2047;44;10;1;55;0%;55;Cartão de Crédito
1910;2026-05-20;1284;22;18;1;850;0%;850;Cartão de Crédito
1911;2025-12-18;935;11;6;1;3800;0%;3800;Cartão de Crédito
1912;2025-10-03;1446;25;14;1;310;0%;310;Cartão de Crédito
1913;2026-05-08;1891;20;11;1;190;0%;190;Cartão de Crédito
1914;2026-04-06;1900;31;15;1;120;0%;120;Pix
1915;2026-05-01;626;24;5;2;380;0%;760;Pix
1916;2026-03-28;1719;22;1;1;850;0%;850;Pix
1917;2025-11-22;1298;9;13;1;150;0%;150;Pix
1918;2026-08-01;612;11;13;3;3800;0%;11400;Pix
1919;2026-03-18;58;18;14;3;280;0%;840;Pix
1920;2026-08-16;708;42;5;2;35;0%;70;Cartão de Crédito
1921;2026-07-12;754;18;7;3;280;0%;840;Cartão de Crédito
1922;2025-10-30;68;29;13;1;380;0%;380;Cartão de Crédito
1923;2026-05-11;614;33;9;1;1200;0%;1200;Boleto
1924;2026-03-03;811;20;1;1;190;5%;180,5;Pix
1925;2026-05-24;1607;25;6;1;310;0%;310;Cartão de Crédito
1926;2026-02-14;2251;28;9;5;420;0%;2100;Cartão de Crédito
1927;2026-01-06;779;1;16;1;4500;0%;4500;Pix
1928;2026-07-19;2045;33;14;1;1200;0%;1200;Cartão de Crédito
1929;2026-04-22;655;15;16;1;750;0%;750;Cartão de Débito
1930;2026-08-18;245;38;12;1;390;0%;390;Cartão de Débito
1931;2025-11-05;275;39;11;1;290;0%;290;Pix
1932;2026-09-08;1953;5;10;3;950;0%;2850;Cartão de Crédito
1933;2025-11-23;964;18;17;3;280;0%;840;Cartão de Crédito
1934;2026-05-23;887;31;14;1;120;0%;120;Pix
1935;2026-05-21;54;7;10;3;320;0%;960;Cartão de Crédito
1936;2026-08-01;650;5;11;1;950;0%;950;Cartão de Crédito
1937;2026-07-31;1273;21;14;1;1600;0%;1600;Pix
1938;2026-07-22;500;23;5;1;400;0%;400;Pix
1939;2026-06-10;1155;14;11;1;350;0%;350;Pix
1940;2026-03-22;525;35;12;1;250;5%;237,5;Cartão de Crédito
1941;2026-06-28;1940;3;3;1;250;0%;250;Pix
1942;2025-09-21;1832;22;12;2;850;0%;1700;Cartão de Crédito
1943;2026-04-13;1009;26;7;1;2200;0%;2200;Pix
1944;2026-02-26;957;10;11;1;50;0%;50;Cartão de Crédito
1945;2026-08-02;1951;31;9;1;120;5%;114;Pix
1946;2026-06-23;1396;1;11;1;4500;5%;4275;Cartão de Crédito
1947;2026-09-04;797;16;5;3;520;0%;1560;Cartão de Débito
1948;2026-02-23;2345;20;8;1;190;0%;190;Cartão de Crédito
1949;2026-09-09;2429;23;8;1;400;0%;400;Cartão de Crédito
1950;2026-01-17;2002;5;16;3;950;0%;2850;Cartão de Crédito
1951;2025-09-21;1284;4;17;1;1400;10%;1260;Cartão de Crédito
1952;2025-10-30;1574;4;5;1;1400;0%;1400;Boleto
1953;2026-07-28;1318;1;3;1;4500;0%;4500;Cartão de Crédito
1954;2026-06-09;2011;14;15;1;350;0%;350;Pix
1955;2026-07-17;1090;40;3;1;600;5%;570;Pix
1956;2026-04-30;1596;12;7;1;180;0%;180;Pix
1957;2026-01-31;587;34;12;1;890;5%;845,5;Cartão de Crédito
1958;2025-10-12;1941;3;8;1;250;0%;250;Cartão de Crédito
1959;2026-01-04;13;35;11;1;250;0%;250;Cartão de Crédito
1960;2026-03-13;1977;25;18;1;310;0%;310;Boleto
1961;2025-11-25;1118;14;11;1;350;0%;350;Cartão de Crédito
1962;2026-05-18;1287;21;18;2;1600;5%;3040;Cartão de Crédito
1963;2025-12-23;771;1;4;1;4500;0%;4500;Pix
1964;2026-02-10;249;9;7;2;150;0%;300;Cartão de Crédito
1965;2026-06-07;2065;7;10;1;320;0%;320;Cartão de Crédito
1966;2026-01-17;1541;6;14;1;220;0%;220;Pix
1967;2026-09-05;45;43;10;1;65;0%;65;Cartão de Crédito
1968;2026-01-23;837;1;5;1;4500;5%;4275;Cartão de Crédito
1969;2026-02-10;104;36;1;3;550;0%;1650;Pix
1970;2026-08-11;1727;13;3;2;2900;0%;5800;Cartão de Crédito
1971;2026-03-19;1905;15;5;1;750;0%;750;Boleto
1972;2026-04-28;1565;32;18;1;480;0%;480;Cartão de Crédito
1973;2025-12-01;2433;13;15;1;2900;0%;2900;Pix
1974;2026-02-19;442;14;9;2;350;0%;700;Boleto
1975;2026-05-03;1131;16;7;2;520;0%;1040;Boleto
1976;2026-09-08;2485;7;15;1;320;0%;320;Boleto
1977;2026-02-04;668;45;5;1;180;0%;180;Pix
1978;2026-02-24;70;16;4;1;520;5%;494;Cartão de Crédito
1979;2025-10-08;1338;2;18;1;80;0%;80;Cartão de Crédito
1980;2026-05-14;1511;4;5;2;1400;0%;2800;Cartão de Crédito
1981;2026-02-20;1537;26;18;1;2200;0%;2200;Cartão de Crédito
1982;2025-09-25;1779;8;11;3;110;5%;313,5;Boleto
1983;2026-04-02;730;5;11;2;950;5%;1805;Pix
1984;2026-07-22;142;11;10;1;3800;0%;3800;Cartão de Crédito
1985;2026-02-24;2317;20;2;1;190;0%;190;Cartão de Crédito
1986;2026-05-31;229;22;5;1;850;5%;807,5;Cartão de Crédito
1987;2026-05-24;262;5;3;1;950;0%;950;Pix
1988;2025-11-22;621;9;4;3;150;10%;405;Cartão de Crédito
1989;2026-06-06;670;2;8;1;80;5%;76;Pix
1990;2025-10-29;1476;32;12;2;480;0%;960;Cartão de Crédito
1991;2026-03-04;333;10;14;3;50;0%;150;Cartão de Crédito
1992;2026-03-06;285;1;16;1;4500;0%;4500;Cartão de Crédito
1993;2026-04-05;2233;36;2;1;550;10%;495;Pix
1994;2026-06-07;1706;37;13;1;140;0%;140;Cartão de Crédito
1995;2026-09-02;635;28;18;3;420;0%;1260;Pix
1996;2025-10-27;849;7;15;1;320;0%;320;Cartão de Crédito
1997;2025-12-02;473;29;9;1;380;0%;380;Cartão de Crédito
1998;2026-01-06;981;33;2;2;1200;0%;2400;Cartão de Crédito
1999;2026-08-08;2285;10;1;1;50;0%;50;Cartão de Crédito
2000;2025-10-08;924;15;16;1;750;5%;712,5;Cartão de Crédito
2001;2025-10-03;173;25;8;2;310;0%;620;Cartão de Débito
2002;2026-01-09;626;12;5;1;180;0%;180;Cartão de Crédito
2003;2026-05-26;1309;2;11;2;80;5%;152;Cartão de Crédito
2004;2026-03-29;1622;7;1;1;320;0%;320;Pix
2005;2026-05-31;1187;21;16;1;1600;0%;1600;Boleto
2006;2025-09-24;1700;33;18;1;1200;5%;1140;Cartão de Crédito
2007;2025-10-16;165;13;7;1;2900;5%;2755;Cartão de Crédito
2008;2026-07-10;148;31;7;1;120;0%;120;Pix
2009;2026-01-07;2387;4;16;1;1400;0%;1400;Cartão de Crédito
2010;2025-09-15;1432;34;3;1;890;0%;890;Cartão de Débito
2011;2026-07-06;1508;9;17;4;150;0%;600;Pix
2012;2025-12-05;1627;3;7;1;250;0%;250;Cartão de Crédito
2013;2025-11-28;2197;5;1;3;950;0%;2850;Cartão de Crédito
2014;2026-07-30;1153;25;9;4;310;5%;1178;Cartão de Crédito
2015;2026-06-23;1534;7;17;1;320;0%;320;Pix
2016;2026-03-29;655;8;7;1;110;5%;104,5;Cartão de Crédito
2017;2026-07-20;1050;1;11;4;4500;0%;18000;Cartão de Crédito
2018;2025-12-21;1340;19;9;1;490;0%;490;Cartão de Crédito
2019;2026-04-01;489;24;10;2;380;5%;722;Cartão de Crédito
2020;2026-05-01;119;20;15;1;190;0%;190;Cartão de Crédito
2021;2026-07-17;2097;5;13;1;950;0%;950;Cartão de Crédito
2022;2025-12-25;758;23;4;2;400;10%;720;Pix
2023;2025-10-03;1588;36;4;1;550;5%;522,5;Cartão de Crédito
2024;2025-12-26;820;43;10;1;65;0%;65;Boleto
2025;2026-08-31;878;6;10;1;220;0%;220;Pix
2026;2026-03-15;1900;44;2;2;55;0%;110;Cartão de Crédito
2027;2026-08-09;942;21;9;2;1600;0%;3200;Cartão de Crédito
2028;2026-01-01;2094;29;1;2;380;0%;760;Cartão de Crédito
2029;2026-02-17;51;23;7;4;400;0%;1600;Cartão de Crédito
2030;2025-12-13;1368;8;7;2;110;0%;220;Pix
2031;2026-05-25;1592;22;11;1;850;0%;850;Pix
2032;2026-05-04;1601;1;6;1;4500;0%;4500;Cartão de Débito
2033;2026-05-21;1967;7;18;2;320;0%;640;Pix
2034;2026-07-14;1169;12;8;4;180;0%;720;Cartão de Crédito
2035;2025-10-21;440;42;1;1;35;0%;35;Cartão de Crédito
2036;2025-09-27;205;25;1;1;310;0%;310;Cartão de Crédito
2037;2026-01-30;1;1;10;4;4500;0%;18000;Cartão de Débito
2038;2026-04-27;1563;8;6;1;110;0%;110;Boleto
2039;2025-10-31;220;40;12;1;600;0%;600;Cartão de Crédito
2040;2025-12-31;782;12;14;2;180;0%;360;Pix
2041;2026-03-21;312;4;9;4;1400;0%;5600;Cartão de Crédito
2042;2026-04-13;92;12;10;1;180;0%;180;Pix
2043;2025-09-29;492;6;10;1;220;5%;209;Boleto
2044;2025-11-23;1077;10;15;1;50;0%;50;Cartão de Crédito
2045;2025-12-25;493;27;1;1;350;0%;350;Cartão de Crédito
2046;2026-05-13;716;5;1;1;950;0%;950;Cartão de Débito
2047;2025-11-08;353;5;8;1;950;0%;950;Cartão de Débito
2048;2026-05-03;2375;12;18;1;180;5%;171;Cartão de Crédito
2049;2026-01-29;1107;7;1;1;320;0%;320;Cartão de Crédito
2050;2026-09-06;2307;9;16;2;150;0%;300;Cartão de Crédito
2051;2025-10-14;628;13;7;1;2900;5%;2755;Cartão de Crédito
2052;2025-10-15;1629;8;13;2;110;0%;220;Cartão de Crédito
2053;2025-09-27;153;5;16;1;950;0%;950;Pix
2054;2026-04-21;1908;19;14;1;490;0%;490;Pix
2055;2025-12-10;55;10;2;1;50;0%;50;Pix
2056;2026-08-14;259;6;9;3;220;0%;660;Boleto
2057;2026-09-10;1154;19;16;1;490;0%;490;Cartão de Crédito
2058;2025-12-24;1095;18;1;1;280;0%;280;Cartão de Crédito
2059;2026-08-21;1114;20;7;2;190;0%;380;Pix
2060;2026-01-10;1835;30;1;2;160;0%;320;Cartão de Crédito
2061;2026-08-10;181;24;14;2;380;0%;760;Cartão de Crédito
2062;2026-06-25;2002;24;8;1;380;0%;380;Pix
2063;2025-10-06;1174;30;12;3;160;5%;456;Cartão de Débito
2064;2025-10-27;2450;22;12;1;850;0%;850;Boleto
2065;2026-05-03;1936;43;18;1;65;0%;65;Pix
2066;2025-12-04;1529;6;12;1;220;0%;220;Cartão de Crédito
2067;2026-06-21;2215;1;5;2;4500;0%;9000;Cartão de Crédito
2068;2026-02-23;1421;25;14;1;310;0%;310;Cartão de Crédito
2069;2025-12-10;2377;20;13;1;190;0%;190;Pix
2070;2026-03-21;1915;14;12;1;350;0%;350;Cartão de Crédito
2071;2026-02-08;605;43;16;1;65;5%;61,75;Cartão de Crédito
2072;2026-08-23;2222;33;14;1;1200;0%;1200;Cartão de Crédito
2073;2026-03-15;1769;17;3;1;650;10%;585;Pix
2074;2026-07-17;1038;6;5;1;220;0%;220;Boleto
2075;2026-03-01;1470;23;15;1;400;0%;400;Boleto
2076;2026-04-30;2209;8;6;2;110;0%;220;Cartão de Crédito
2077;2025-10-03;1407;6;17;1;220;0%;220;Cartão de Crédito
2078;2026-07-29;595;17;11;1;650;0%;650;Cartão de Crédito
2079;2026-06-15;654;21;5;1;1600;0%;1600;Cartão de Crédito
2080;2025-12-26;1624;27;3;2;350;5%;665;Cartão de Crédito
2081;2026-04-14;459;25;17;1;310;0%;310;Cartão de Crédito
2082;2026-06-17;172;32;17;1;480;0%;480;Boleto
2083;2025-11-04;2358;15;1;2;750;0%;1500;Pix
2084;2026-01-20;2255;14;6;2;350;0%;700;Cartão de Crédito
2085;2026-01-06;1372;16;16;3;520;0%;1560;Pix
2086;2025-11-10;1334;19;12;2;490;0%;980;Cartão de Crédito
2087;2026-06-19;1618;28;17;4;420;5%;1596;Cartão de Crédito
2088;2026-08-14;1609;23;8;1;400;5%;380;Cartão de Crédito
2089;2026-07-04;1439;19;14;2;490;0%;980;Cartão de Crédito
2090;2026-08-30;436;18;8;1;280;0%;280;Cartão de Crédito
2091;2026-08-05;1859;4;5;2;1400;0%;2800;Cartão de Crédito
2092;2026-09-02;772;28;1;1;420;0%;420;Pix
2093;2026-05-28;442;4;16;1;1400;0%;1400;Cartão de Crédito
2094;2025-11-24;296;27;10;1;350;0%;350;Cartão de Crédito
2095;2026-01-13;1664;7;10;1;320;0%;320;Cartão de Crédito
2096;2025-12-28;2220;5;4;1;950;0%;950;Boleto
2097;2025-12-18;97;16;1;1;520;10%;468;Cartão de Crédito
2098;2025-09-27;1212;3;4;1;250;0%;250;Cartão de Crédito
2099;2025-12-27;761;26;3;4;2200;0%;8800;Pix
2100;2025-10-16;1039;15;15;1;750;5%;712,5;Cartão de Débito
2101;2025-11-11;1729;39;12;1;290;0%;290;Pix
2102;2026-08-16;1651;7;1;1;320;0%;320;Cartão de Crédito
2103;2026-09-04;2448;12;10;1;180;0%;180;Cartão de Débito
2104;2026-03-06;1589;15;12;1;750;0%;750;Cartão de Crédito
2105;2025-12-27;1245;19;14;2;490;0%;980;Cartão de Crédito
2106;2026-07-26;2416;8;16;1;110;0%;110;Cartão de Crédito
2107;2026-08-03;2431;10;2;1;50;0%;50;Cartão de Débito
2108;2026-08-25;2013;4;2;1;1400;0%;1400;Pix
2109;2026-05-25;1310;34;12;1;890;10%;801;Cartão de Crédito
2110;2025-09-27;1048;1;16;1;4500;0%;4500;Cartão de Crédito
2111;2026-03-27;2208;7;4;1;320;0%;320;Cartão de Crédito
2112;2026-04-16;2405;25;12;1;310;0%;310;Boleto
2113;2026-08-28;2009;30;1;1;160;0%;160;Cartão de Crédito
2114;2026-03-25;159;14;16;2;350;5%;665;Cartão de Crédito
2115;2025-10-26;1946;12;9;1;180;10%;162;Cartão de Crédito
2116;2026-06-17;378;37;3;4;140;0%;560;Boleto
2117;2026-01-15;386;8;15;5;110;0%;550;Pix
2118;2026-03-25;1382;1;8;1;4500;0%;4500;Cartão de Crédito
2119;2026-07-18;1923;5;2;1;950;5%;902,5;Pix
2120;2026-02-24;1269;23;18;1;400;0%;400;Cartão de Débito
2121;2026-09-07;1849;8;7;1;110;5%;104,5;Cartão de Débito
2122;2026-07-23;1682;28;4;2;420;0%;840;Pix
2123;2025-09-17;526;6;1;1;220;5%;209;Cartão de Crédito
2124;2026-05-29;1821;40;3;1;600;0%;600;Cartão de Débito
2125;2026-05-27;743;19;15;5;490;0%;2450;Cartão de Crédito
2126;2026-01-30;2315;10;13;1;50;0%;50;Cartão de Débito
2127;2026-06-13;200;27;9;1;350;0%;350;Pix
2128;2026-07-08;482;9;17;3;150;0%;450;Pix
2129;2026-05-21;713;25;15;2;310;0%;620;Cartão de Crédito
2130;2026-02-09;667;38;2;4;390;0%;1560;Boleto
2131;2026-02-07;2463;14;11;1;350;0%;350;Cartão de Crédito
2132;2026-04-18;450;1;5;1;4500;0%;4500;Pix
2133;2025-10-21;816;22;16;2;850;5%;1615;Cartão de Crédito
2134;2026-05-18;1021;30;1;1;160;0%;160;Cartão de Crédito
2135;2026-03-29;724;36;13;1;550;0%;550;Boleto
2136;2025-10-04;1239;24;6;1;380;5%;361;Pix
2137;2026-01-04;1393;17;16;1;650;5%;617,5;Cartão de Crédito
2138;2026-01-07;1822;3;4;1;250;5%;237,5;Cartão de Crédito
2139;2025-11-02;674;13;5;1;2900;0%;2900;Pix
2140;2025-11-18;2479;20;1;1;190;0%;190;Boleto
2141;2026-04-24;2033;36;12;1;550;0%;550;Boleto
2142;2026-09-04;1762;18;1;1;280;5%;266;Boleto
2143;2026-09-09;2152;9;12;1;150;0%;150;Cartão de Crédito
2144;2026-08-03;2227;9;4;1;150;5%;142,5;Cartão de Crédito
2145;2026-04-14;1941;6;2;2;220;0%;440;Cartão de Crédito
2146;2026-02-01;1788;29;18;1;380;5%;361;Cartão de Crédito
2147;2026-09-06;1730;16;3;1;520;5%;494;Pix
2148;2025-10-15;358;24;9;1;380;5%;361;Cartão de Crédito
2149;2026-08-18;1465;37;16;1;140;0%;140;Pix
2150;2026-04-05;2078;11;8;1;3800;0%;3800;Pix
2151;2025-11-21;496;26;1;1;2200;5%;2090;Cartão de Crédito
2152;2025-12-03;354;13;6;1;2900;0%;2900;Cartão de Crédito
2153;2026-08-18;805;35;15;1;250;0%;250;Boleto
2154;2026-08-15;2237;4;12;5;1400;0%;7000;Cartão de Débito
2155;2026-06-24;1078;3;16;4;250;0%;1000;Cartão de Crédito
2156;2025-10-16;760;6;14;5;220;0%;1100;Boleto
2157;2025-11-10;2293;21;2;1;1600;0%;1600;Boleto
2158;2026-01-08;830;25;5;1;310;0%;310;Cartão de Crédito
2159;2026-02-12;546;13;13;1;2900;0%;2900;Boleto
2160;2025-09-17;1524;15;2;2;750;0%;1500;Pix
2161;2026-05-31;50;14;4;2;350;0%;700;Cartão de Crédito
2162;2026-06-07;1090;15;17;1;750;0%;750;Cartão de Crédito
2163;2025-09-16;1243;7;5;2;320;0%;640;Cartão de Crédito
2164;2026-02-22;999;20;16;1;190;0%;190;Cartão de Crédito
2165;2025-12-30;773;6;16;1;220;0%;220;Boleto
2166;2026-05-14;1961;13;7;1;2900;0%;2900;Cartão de Crédito
2167;2025-11-01;707;19;13;1;490;0%;490;Cartão de Crédito
2168;2026-06-22;2218;31;3;1;120;5%;114;Cartão de Crédito
2169;2025-11-25;521;7;17;1;320;0%;320;Cartão de Crédito
2170;2025-11-25;279;26;16;1;2200;0%;2200;Cartão de Crédito
2171;2026-06-01;298;31;6;1;120;0%;120;Pix
2172;2026-01-16;1694;20;12;1;190;0%;190;Cartão de Crédito
2173;2026-01-05;1076;6;14;1;220;0%;220;Pix
2174;2025-10-12;1769;1;2;1;4500;0%;4500;Pix
2175;2026-02-23;1617;20;1;4;190;0%;760;Pix
2176;2025-12-19;1531;32;13;3;480;0%;1440;Cartão de Crédito
2177;2026-04-30;2484;17;8;1;650;0%;650;Pix
2178;2025-11-16;1964;26;17;1;2200;5%;2090;Cartão de Crédito
2179;2026-04-08;645;14;8;2;350;5%;665;Boleto
2180;2026-07-15;2136;25;10;1;310;5%;294,5;Cartão de Crédito
2181;2026-05-24;308;28;14;1;420;0%;420;Cartão de Crédito
2182;2026-07-16;127;26;14;2;2200;0%;4400;Cartão de Crédito
2183;2025-10-15;2301;9;3;1;150;0%;150;Pix
2184;2026-09-07;597;15;2;1;750;0%;750;Cartão de Débito
2185;2026-03-20;1137;3;13;1;250;0%;250;Pix
2186;2026-02-02;1903;14;11;1;350;0%;350;Cartão de Crédito
2187;2026-02-14;2193;17;11;1;650;0%;650;Cartão de Crédito
2188;2026-02-16;1925;3;17;1;250;0%;250;Cartão de Crédito
2189;2026-05-19;1582;6;18;1;220;10%;198;Boleto
2190;2026-08-27;2479;10;5;1;50;0%;50;Cartão de Crédito
2191;2026-05-10;1381;24;3;1;380;0%;380;Boleto
2192;2026-09-01;2006;31;11;1;120;0%;120;Cartão de Crédito
2193;2026-06-11;2118;5;3;1;950;0%;950;Cartão de Crédito
2194;2026-01-18;1099;13;9;1;2900;5%;2755;Cartão de Crédito
2195;2026-02-06;2435;7;17;4;320;0%;1280;Cartão de Crédito
2196;2026-01-06;1283;34;11;1;890;0%;890;Pix
2197;2026-01-12;2319;16;7;1;520;0%;520;Pix
2198;2026-03-09;1255;24;7;1;380;5%;361;Cartão de Crédito
2199;2026-03-02;2121;26;14;1;2200;0%;2200;Cartão de Crédito
2200;2026-02-01;1081;17;14;1;650;0%;650;Cartão de Crédito
2201;2026-08-20;772;8;5;2;110;0%;220;Cartão de Débito
2202;2026-08-30;1209;33;7;2;1200;0%;2400;Pix
2203;2026-08-29;1481;4;18;1;1400;0%;1400;Cartão de Crédito
2204;2026-06-22;1316;11;7;2;3800;0%;7600;Pix
2205;2026-05-06;2383;11;17;1;3800;0%;3800;Cartão de Crédito
2206;2025-12-09;481;45;10;1;180;0%;180;Cartão de Crédito
2207;2026-08-04;1012;10;7;3;50;0%;150;Cartão de Crédito
2208;2026-07-15;1382;8;6;1;110;0%;110;Cartão de Crédito
2209;2026-08-09;2036;17;12;2;650;5%;1235;Cartão de Crédito
2210;2026-01-15;1605;20;16;1;190;5%;180,5;Cartão de Crédito
2211;2026-01-28;2328;34;15;1;890;0%;890;Boleto
2212;2026-06-14;1399;27;5;1;350;5%;332,5;Pix
2213;2026-01-20;2483;2;3;1;80;5%;76;Cartão de Crédito
2214;2026-01-19;510;25;13;1;310;0%;310;Cartão de Crédito
2215;2026-06-20;1611;2;1;1;80;0%;80;Pix
2216;2025-10-16;774;31;9;1;120;5%;114;Pix
2217;2026-05-23;1863;25;18;1;310;0%;310;Pix
2218;2026-07-07;1135;11;17;1;3800;5%;3610;Cartão de Crédito
2219;2026-06-29;1723;1;7;2;4500;5%;8550;Cartão de Crédito
2220;2026-01-26;209;11;14;1;3800;0%;3800;Cartão de Crédito
2221;2026-07-30;2006;15;4;1;750;0%;750;Cartão de Crédito
2222;2026-05-13;1791;25;13;2;310;0%;620;Pix
2223;2026-02-19;490;3;5;1;250;0%;250;Boleto
2224;2025-12-13;504;16;12;5;520;0%;2600;Cartão de Crédito
2225;2025-10-09;169;20;3;1;190;0%;190;Cartão de Débito
2226;2026-02-01;441;38;18;1;390;0%;390;Pix
2227;2026-06-13;1100;22;5;1;850;0%;850;Pix
2228;2025-10-31;1734;44;7;1;55;0%;55;Pix
2229;2025-10-02;2321;7;2;3;320;0%;960;Cartão de Crédito
2230;2025-09-17;457;32;11;1;480;0%;480;Pix
2231;2026-07-28;1136;2;10;1;80;0%;80;Boleto
2232;2026-04-20;986;20;8;1;190;0%;190;Cartão de Crédito
2233;2026-01-02;2473;43;9;1;65;0%;65;Cartão de Crédito
2234;2026-06-21;1449;24;8;1;380;0%;380;Pix
2235;2025-11-28;95;36;18;1;550;0%;550;Cartão de Crédito
2236;2026-07-08;1298;13;8;1;2900;5%;2755;Cartão de Débito
2237;2025-12-08;1570;34;7;1;890;0%;890;Cartão de Débito
2238;2026-06-16;72;20;6;1;190;0%;190;Boleto
2239;2025-10-28;2340;19;9;1;490;0%;490;Cartão de Crédito
2240;2026-05-18;511;33;4;1;1200;0%;1200;Boleto
2241;2026-01-16;1665;17;8;1;650;0%;650;Cartão de Crédito
2242;2026-01-13;1883;23;6;1;400;0%;400;Pix
2243;2025-12-09;903;2;9;1;80;0%;80;Pix
2244;2025-11-05;13;3;8;1;250;0%;250;Pix
2245;2026-08-21;1264;26;14;1;2200;0%;2200;Cartão de Crédito
2246;2026-07-05;2457;23;13;2;400;0%;800;Pix
2247;2026-04-28;875;25;8;1;310;0%;310;Cartão de Débito
2248;2025-11-02;336;20;14;2;190;0%;380;Cartão de Crédito
2249;2026-09-11;1820;16;15;1;520;0%;520;Pix
2250;2025-11-27;1575;43;13;1;65;0%;65;Cartão de Débito
2251;2025-09-23;2218;18;9;3;280;0%;840;Cartão de Crédito
2252;2025-12-26;2014;11;14;1;3800;0%;3800;Pix
2253;2026-06-07;1403;20;11;1;190;0%;190;Cartão de Crédito
2254;2025-09-22;2045;2;17;1;80;0%;80;Cartão de Crédito
2255;2026-07-24;1589;31;15;1;120;0%;120;Pix
2256;2026-07-19;842;35;12;1;250;0%;250;Cartão de Crédito
2257;2025-11-24;317;12;13;1;180;0%;180;Cartão de Crédito
2258;2025-12-07;1655;14;7;5;350;0%;1750;Pix
2259;2026-01-01;1288;32;12;1;480;0%;480;Pix
2260;2026-04-07;1123;33;8;1;1200;0%;1200;Cartão de Crédito
2261;2026-02-07;946;10;13;1;50;10%;45;Cartão de Crédito
2262;2026-07-16;1924;1;1;1;4500;0%;4500;Pix
2263;2026-08-29;2308;17;8;4;650;5%;2470;Pix
2264;2026-08-08;265;10;15;1;50;0%;50;Cartão de Débito
2265;2026-09-12;90;7;13;2;320;0%;640;Cartão de Crédito
2266;2026-07-01;1414;33;12;3;1200;0%;3600;Cartão de Crédito
2267;2026-03-26;84;15;16;1;750;0%;750;Pix
2268;2026-04-23;1825;4;14;1;1400;5%;1330;Pix
2269;2025-10-27;1792;17;9;1;650;0%;650;Pix
2270;2026-03-09;937;28;9;2;420;0%;840;Cartão de Crédito
2271;2026-03-18;1065;16;16;1;520;0%;520;Pix
2272;2025-12-01;691;4;8;1;1400;0%;1400;Cartão de Débito
2273;2026-07-08;2119;21;17;1;1600;0%;1600;Cartão de Crédito
2274;2025-12-21;149;25;13;1;310;0%;310;Boleto
2275;2026-03-17;197;3;8;1;250;5%;237,5;Cartão de Crédito
2276;2025-10-28;651;30;3;1;160;0%;160;Pix
2277;2026-07-24;2265;9;2;1;150;0%;150;Boleto
2278;2026-01-18;325;26;17;1;2200;5%;2090;Pix
2279;2026-01-20;1856;15;5;1;750;0%;750;Cartão de Crédito
2280;2026-02-09;581;44;14;1;55;5%;52,25;Boleto
2281;2026-02-01;762;15;8;3;750;0%;2250;Boleto
2282;2026-04-09;1277;42;6;1;35;0%;35;Pix
2283;2026-06-05;274;41;8;2;45;0%;90;Pix
2284;2025-10-29;214;9;6;1;150;0%;150;Pix
2285;2026-02-06;2245;10;16;2;50;0%;100;Pix
2286;2026-04-16;688;6;8;1;220;10%;198;Pix
2287;2025-09-20;801;13;3;2;2900;0%;5800;Cartão de Crédito
2288;2025-10-16;416;18;9;1;280;0%;280;Cartão de Crédito
2289;2025-12-12;2188;16;4;1;520;0%;520;Cartão de Crédito
2290;2026-05-06;2267;21;12;3;1600;0%;4800;Cartão de Crédito
2291;2025-12-12;626;22;18;3;850;0%;2550;Cartão de Crédito
2292;2025-12-16;1007;32;1;4;480;5%;1824;Cartão de Crédito
2293;2026-02-25;704;9;9;1;150;0%;150;Boleto
2294;2026-06-01;85;3;17;1;250;0%;250;Cartão de Crédito
2295;2026-05-28;233;30;13;1;160;0%;160;Cartão de Crédito
2296;2025-11-20;685;13;2;1;2900;0%;2900;Pix
2297;2026-05-10;639;26;5;2;2200;0%;4400;Cartão de Crédito
2298;2026-01-13;2495;31;12;4;120;5%;456;Cartão de Crédito
2299;2026-07-02;1144;31;15;3;120;5%;342;Cartão de Crédito
2300;2026-01-15;1864;41;6;2;45;0%;90;Pix
2301;2026-09-10;451;15;8;3;750;0%;2250;Cartão de Crédito
2302;2025-12-03;2483;3;2;3;250;0%;750;Pix
2303;2025-10-16;1546;20;5;2;190;5%;361;Cartão de Débito
2304;2025-09-12;1177;13;15;1;2900;0%;2900;Cartão de Crédito
2305;2026-06-09;2007;37;13;1;140;5%;133;Cartão de Crédito
2306;2026-06-20;2218;20;13;1;190;0%;190;Cartão de Crédito
2307;2026-06-07;1912;39;17;3;290;0%;870;Boleto
2308;2026-03-12;2481;27;13;1;350;0%;350;Cartão de Crédito
2309;2026-01-18;2145;15;14;3;750;0%;2250;Cartão de Crédito
2310;2025-12-06;2061;3;16;1;250;0%;250;Pix
2311;2025-11-15;150;25;7;1;310;0%;310;Pix
2312;2025-10-19;2457;38;12;1;390;0%;390;Cartão de Crédito
2313;2026-02-11;474;10;14;1;50;0%;50;Pix
2314;2026-03-26;1540;10;10;1;50;0%;50;Cartão de Crédito
2315;2026-03-22;98;5;11;1;950;0%;950;Cartão de Crédito
2316;2026-05-19;814;17;1;1;650;0%;650;Pix
2317;2025-12-31;1784;2;5;2;80;0%;160;Cartão de Crédito
2318;2026-04-30;2419;9;5;1;150;0%;150;Pix
2319;2026-08-10;1237;12;13;2;180;0%;360;Cartão de Crédito
2320;2026-01-15;583;18;1;1;280;0%;280;Cartão de Crédito
2321;2026-01-06;1799;40;9;1;600;0%;600;Cartão de Crédito
2322;2026-05-19;1636;27;15;2;350;0%;700;Boleto
2323;2026-09-11;1906;7;12;1;320;0%;320;Pix
2324;2025-12-25;1898;19;5;1;490;5%;465,5;Boleto
2325;2026-04-12;211;30;8;3;160;5%;456;Cartão de Crédito
2326;2025-11-25;415;16;10;1;520;5%;494;Pix
2327;2026-03-22;218;5;12;2;950;0%;1900;Pix
2328;2026-05-08;1584;11;14;1;3800;0%;3800;Cartão de Crédito
2329;2025-10-21;2451;12;10;2;180;0%;360;Cartão de Crédito
2330;2026-03-12;2100;12;18;2;180;0%;360;Pix
2331;2026-05-14;166;36;16;1;550;0%;550;Cartão de Crédito
2332;2025-10-16;1444;40;11;1;600;0%;600;Cartão de Crédito
2333;2025-12-20;1272;31;17;1;120;0%;120;Pix
2334;2025-12-05;46;26;4;1;2200;0%;2200;Cartão de Crédito
2335;2025-11-25;2301;43;9;1;65;0%;65;Cartão de Crédito
2336;2025-10-12;102;18;17;2;280;5%;532;Pix
2337;2026-01-01;2135;45;12;1;180;0%;180;Boleto
2338;2025-09-24;1837;34;13;2;890;0%;1780;Cartão de Crédito
2339;2026-03-02;1886;6;12;3;220;0%;660;Pix
2340;2026-07-27;1338;5;10;2;950;5%;1805;Pix
2341;2026-03-19;209;32;17;1;480;0%;480;Cartão de Crédito
2342;2026-07-08;506;17;15;1;650;0%;650;Boleto
2343;2026-05-19;1776;20;17;2;190;0%;380;Cartão de Crédito
2344;2025-09-30;2245;35;17;1;250;0%;250;Cartão de Crédito
2345;2025-10-16;629;13;13;2;2900;5%;5510;Cartão de Crédito
2346;2026-02-28;1802;10;9;1;50;0%;50;Cartão de Crédito
2347;2025-11-24;583;35;7;1;250;5%;237,5;Cartão de Crédito
2348;2025-10-29;1573;19;9;1;490;5%;465,5;Cartão de Débito
2349;2026-04-01;903;26;2;1;2200;0%;2200;Cartão de Crédito
2350;2025-10-04;1241;15;1;1;750;0%;750;Cartão de Crédito
2351;2025-11-19;797;9;14;2;150;0%;300;Cartão de Crédito
2352;2026-06-30;794;13;14;1;2900;0%;2900;Pix
2353;2025-11-28;1749;17;18;1;650;0%;650;Pix
2354;2026-06-29;1046;4;7;2;1400;0%;2800;Cartão de Crédito
2355;2025-09-12;272;8;6;1;110;0%;110;Pix
2356;2025-10-01;1088;19;16;3;490;0%;1470;Cartão de Crédito
2357;2025-10-15;898;29;15;3;380;0%;1140;Boleto
2358;2025-12-05;2022;32;4;1;480;5%;456;Cartão de Crédito
2359;2025-10-22;1883;9;11;2;150;0%;300;Cartão de Crédito
2360;2026-07-24;1525;7;16;2;320;0%;640;Pix
2361;2026-01-22;2364;3;18;1;250;0%;250;Cartão de Crédito
2362;2026-06-19;1355;2;11;1;80;10%;72;Pix
2363;2026-06-08;638;10;17;1;50;0%;50;Pix
2364;2026-08-27;1143;6;8;1;220;5%;209;Cartão de Crédito
2365;2026-01-05;92;35;14;1;250;0%;250;Cartão de Crédito
2366;2026-05-17;1115;1;11;2;4500;0%;9000;Cartão de Crédito
2367;2026-05-30;1232;41;16;2;45;5%;85,5;Boleto
2368;2026-04-07;211;12;10;1;180;0%;180;Pix
2369;2026-01-21;437;7;5;3;320;5%;912;Boleto
2370;2026-06-23;916;35;8;4;250;0%;1000;Cartão de Crédito
2371;2026-01-17;1902;9;5;1;150;0%;150;Boleto
2372;2025-11-01;2221;22;17;3;850;0%;2550;Cartão de Crédito
2373;2026-03-16;1691;12;13;1;180;0%;180;Cartão de Crédito
2374;2026-04-14;2321;6;11;1;220;0%;220;Cartão de Crédito
2375;2026-02-12;333;14;8;1;350;10%;315;Cartão de Crédito
2376;2025-12-04;1971;27;3;1;350;0%;350;Cartão de Débito
2377;2026-02-19;234;15;14;1;750;0%;750;Pix
2378;2026-04-07;1771;5;5;1;950;0%;950;Pix
2379;2026-04-12;1939;25;1;1;310;0%;310;Cartão de Crédito
2380;2026-03-01;1518;26;4;1;2200;0%;2200;Cartão de Crédito
2381;2026-02-16;966;21;16;1;1600;5%;1520;Pix
2382;2026-05-21;1624;15;7;1;750;5%;712,5;Cartão de Crédito
2383;2026-04-07;1762;40;8;5;600;0%;3000;Cartão de Débito
2384;2026-02-05;997;33;6;1;1200;0%;1200;Cartão de Crédito
2385;2026-03-03;653;29;11;1;380;0%;380;Pix
2386;2026-07-12;1544;11;3;1;3800;0%;3800;Cartão de Crédito
2387;2025-11-02;337;4;3;1;1400;0%;1400;Cartão de Crédito
2388;2025-09-16;615;41;18;1;45;0%;45;Cartão de Débito
2389;2026-04-19;2018;22;3;2;850;0%;1700;Boleto
2390;2026-09-04;623;17;2;1;650;0%;650;Pix
2391;2025-09-13;1931;3;6;2;250;0%;500;Pix
2392;2025-09-28;547;11;10;1;3800;0%;3800;Boleto
2393;2026-03-18;1464;32;3;1;480;0%;480;Cartão de Crédito
2394;2025-10-02;677;2;10;1;80;0%;80;Cartão de Crédito
2395;2026-02-28;410;27;2;2;350;0%;700;Cartão de Crédito
2396;2026-07-07;338;19;2;1;490;0%;490;Cartão de Crédito
2397;2026-07-23;1;31;7;3;120;0%;360;Cartão de Crédito
2398;2025-12-08;1601;30;16;1;160;0%;160;Cartão de Crédito
2399;2025-11-06;1095;13;10;2;2900;0%;5800;Cartão de Crédito
2400;2026-07-24;2155;11;3;1;3800;0%;3800;Cartão de Crédito
2401;2026-07-22;1166;29;5;1;380;0%;380;Cartão de Crédito
2402;2025-10-15;1894;29;9;2;380;5%;722;Cartão de Crédito
2403;2025-12-01;2109;27;4;1;350;0%;350;Cartão de Crédito
2404;2026-05-24;2485;3;8;3;250;10%;675;Boleto
2405;2026-08-30;1163;40;2;2;600;0%;1200;Cartão de Crédito
2406;2026-04-01;1388;3;6;1;250;0%;250;Pix
2407;2026-09-02;1937;11;15;1;3800;0%;3800;Boleto
2408;2026-03-14;2085;12;10;1;180;0%;180;Pix
2409;2026-02-09;1643;24;14;1;380;0%;380;Cartão de Crédito
2410;2026-01-10;1267;1;11;3;4500;0%;13500;Cartão de Crédito
2411;2025-12-28;986;17;15;1;650;0%;650;Cartão de Crédito
2412;2025-11-27;636;24;2;1;380;0%;380;Pix
2413;2025-10-22;241;6;4;1;220;0%;220;Cartão de Crédito
2414;2025-11-26;442;7;15;1;320;0%;320;Pix
2415;2025-11-15;612;6;3;3;220;0%;660;Boleto
2416;2026-02-03;1363;8;11;1;110;0%;110;Cartão de Crédito
2417;2026-07-05;980;27;16;1;350;0%;350;Cartão de Crédito
2418;2026-04-22;1679;29;4;2;380;0%;760;Pix
2419;2026-08-07;2262;5;10;1;950;0%;950;Pix
2420;2026-09-10;860;2;16;3;80;0%;240;Cartão de Crédito
2421;2026-08-13;139;1;12;1;4500;0%;4500;Boleto
2422;2025-12-01;1601;15;7;1;750;0%;750;Cartão de Crédito
2423;2026-03-07;271;32;2;1;480;10%;432;Cartão de Crédito
2424;2025-09-28;1033;33;13;1;1200;0%;1200;Pix
2425;2025-12-16;2039;27;15;1;350;0%;350;Boleto
2426;2026-08-15;1629;7;11;2;320;0%;640;Boleto
2427;2026-04-30;545;6;11;1;220;0%;220;Cartão de Crédito
2428;2026-09-09;1730;19;11;1;490;0%;490;Boleto
2429;2026-06-29;754;7;1;1;320;0%;320;Cartão de Crédito
2430;2025-12-05;1027;9;14;1;150;0%;150;Pix
2431;2025-10-29;1995;15;11;2;750;0%;1500;Pix
2432;2025-11-26;173;42;5;1;35;5%;33,25;Cartão de Crédito
2433;2026-01-12;2101;4;16;1;1400;0%;1400;Pix
2434;2026-02-01;829;29;6;1;380;0%;380;Pix
2435;2026-04-13;158;1;1;2;4500;0%;9000;Pix
2436;2026-08-01;1478;1;11;1;4500;5%;4275;Pix
2437;2026-07-23;1528;25;11;1;310;0%;310;Cartão de Crédito
2438;2025-09-13;429;39;16;1;290;0%;290;Cartão de Crédito
2439;2026-05-26;827;29;7;1;380;0%;380;Cartão de Crédito
2440;2025-11-26;1362;45;17;1;180;0%;180;Pix
2441;2026-01-30;2175;5;13;3;950;10%;2565;Cartão de Débito
2442;2026-06-09;2419;7;7;3;320;0%;960;Pix
2443;2026-04-22;162;6;15;5;220;0%;1100;Cartão de Crédito
2444;2026-07-11;2242;14;10;1;350;0%;350;Cartão de Crédito
2445;2026-06-14;1870;45;2;1;180;0%;180;Pix
2446;2026-02-04;1363;13;1;1;2900;0%;2900;Cartão de Débito
2447;2026-04-08;2414;29;3;1;380;0%;380;Cartão de Crédito
2448;2026-05-12;1710;1;15;1;4500;0%;4500;Pix
2449;2026-07-20;2343;8;8;1;110;0%;110;Pix
2450;2026-02-20;2421;23;8;3;400;0%;1200;Cartão de Débito
2451;2026-04-30;1085;6;10;2;220;0%;440;Pix
2452;2026-08-11;159;30;8;1;160;0%;160;Pix
2453;2026-08-20;2374;18;9;5;280;0%;1400;Boleto
2454;2026-04-02;1087;29;1;1;380;10%;342;Pix
2455;2026-06-10;939;15;2;1;750;0%;750;Cartão de Crédito
2456;2026-01-03;1841;28;8;1;420;0%;420;Cartão de Crédito
2457;2026-04-03;10;30;14;1;160;0%;160;Pix
2458;2025-10-06;312;23;9;2;400;0%;800;Boleto
2459;2026-06-13;2239;45;14;1;180;0%;180;Cartão de Crédito
2460;2025-09-20;2056;8;10;3;110;0%;330;Boleto
2461;2026-07-16;210;45;16;2;180;0%;360;Pix
2462;2026-07-06;875;13;18;1;2900;5%;2755;Cartão de Crédito
2463;2026-08-16;2263;17;10;1;650;0%;650;Cartão de Débito
2464;2025-11-10;962;20;13;1;190;5%;180,5;Cartão de Crédito
2465;2026-06-26;1346;19;6;1;490;0%;490;Cartão de Crédito
2466;2026-06-18;821;17;1;2;650;5%;1235;Boleto
2467;2026-08-28;1760;1;3;2;4500;0%;9000;Cartão de Crédito
2468;2026-02-27;1006;6;16;3;220;0%;660;Pix
2469;2025-09-22;408;7;5;1;320;0%;320;Cartão de Crédito
2470;2026-01-22;693;12;10;1;180;0%;180;Pix
2471;2026-08-21;1054;19;14;1;490;0%;490;Cartão de Débito
2472;2025-12-03;1747;24;7;1;380;5%;361;Boleto
2473;2025-12-04;1481;9;4;1;150;0%;150;Cartão de Crédito
2474;2026-02-06;1268;26;18;2;2200;0%;4400;Cartão de Crédito
2475;2026-09-01;2248;24;3;2;380;5%;722;Cartão de Crédito
2476;2025-10-21;638;12;4;1;180;0%;180;Pix
2477;2025-09-13;982;13;3;3;2900;5%;8265;Cartão de Crédito
2478;2026-01-28;734;1;4;1;4500;0%;4500;Boleto
2479;2026-05-01;1383;21;4;1;1600;0%;1600;Cartão de Débito
2480;2026-05-26;2190;7;15;1;320;0%;320;Cartão de Crédito
2481;2026-05-31;501;35;16;1;250;0%;250;Pix
2482;2026-08-20;1140;3;3;1;250;0%;250;Cartão de Débito
2483;2026-03-13;377;36;12;2;550;5%;1045;Cartão de Crédito
2484;2025-12-11;1589;1;7;1;4500;0%;4500;Cartão de Crédito
2485;2026-06-18;1026;24;1;1;380;5%;361;Pix
2486;2026-07-26;354;2;3;3;80;0%;240;Pix
2487;2025-12-04;598;8;11;1;110;0%;110;Cartão de Crédito
2488;2025-12-03;2139;14;18;1;350;0%;350;Pix
2489;2025-12-20;1961;8;12;1;110;0%;110;Cartão de Crédito
2490;2025-09-27;1394;28;13;2;420;0%;840;Cartão de Crédito
2491;2026-04-21;425;19;17;1;490;0%;490;Pix
2492;2026-04-06;870;19;6;1;490;0%;490;Cartão de Crédito
2493;2025-12-18;1981;4;3;2;1400;0%;2800;Cartão de Débito
2494;2026-01-06;2025;2;18;4;80;0%;320;Cartão de Crédito
2495;2026-05-04;1587;32;11;1;480;10%;432;Pix
2496;2026-08-06;1511;21;7;1;1600;0%;1600;Boleto
2497;2025-10-03;150;19;15;3;490;0%;1470;Cartão de Crédito
2498;2025-12-17;16;31;12;1;120;0%;120;Cartão de Crédito
2499;2025-09-20;1526;31;11;1;120;0%;120;Boleto
2500;2026-04-12;31;40;11;3;600;0%;1800;Cartão de Crédito
2501;2026-05-07;350;11;5;1;3800;0%;3800;Pix
2502;2025-10-31;2436;34;17;1;890;0%;890;Pix
2503;2026-06-26;478;28;5;2;420;5%;798;Pix
2504;2026-05-12;2025;11;18;3;3800;0%;11400;Cartão de Crédito
2505;2026-06-21;1396;8;4;1;110;0%;110;Cartão de Crédito
2506;2026-07-28;134;1;11;1;4500;5%;4275;Cartão de Crédito
2507;2026-01-15;1279;5;18;2;950;5%;1805;Boleto
2508;2026-04-17;1202;24;2;2;380;0%;760;Cartão de Débito
2509;2025-11-05;225;36;10;3;550;0%;1650;Cartão de Crédito
2510;2026-08-18;561;9;9;3;150;0%;450;Cartão de Crédito
2511;2026-03-25;627;5;9;3;950;0%;2850;Pix
2512;2026-03-05;1688;21;3;2;1600;0%;3200;Cartão de Crédito
2513;2026-06-10;1491;44;3;2;55;5%;104,5;Cartão de Crédito
2514;2026-05-25;1264;13;10;3;2900;0%;8700;Cartão de Crédito
2515;2026-04-08;94;29;1;1;380;0%;380;Cartão de Crédito
2516;2026-02-04;1343;2;6;1;80;0%;80;Cartão de Crédito
2517;2026-09-11;382;23;5;1;400;0%;400;Pix
2518;2026-06-07;2470;36;4;1;550;5%;522,5;Boleto
2519;2026-03-16;465;10;4;1;50;10%;45;Cartão de Crédito
2520;2026-01-25;1368;14;11;1;350;0%;350;Cartão de Débito
2521;2025-11-14;749;19;7;1;490;0%;490;Cartão de Crédito
2522;2026-07-07;323;21;8;1;1600;0%;1600;Cartão de Crédito
2523;2025-10-07;1133;7;10;2;320;0%;640;Cartão de Crédito
2524;2026-06-20;2218;33;3;1;1200;5%;1140;Cartão de Crédito
2525;2026-09-11;2249;26;18;1;2200;0%;2200;Cartão de Crédito
2526;2026-02-11;2263;21;10;4;1600;10%;5760;Cartão de Crédito
2527;2025-11-02;1654;7;2;2;320;0%;640;Pix
2528;2026-02-18;1722;5;3;1;950;0%;950;Cartão de Crédito
2529;2026-08-14;1366;16;9;2;520;0%;1040;Cartão de Crédito
2530;2025-10-08;561;21;3;1;1600;0%;1600;Pix
2531;2025-10-30;2410;8;1;1;110;5%;104,5;Pix
2532;2025-11-05;1954;32;2;1;480;0%;480;Boleto
2533;2026-05-10;1480;24;13;1;380;10%;342;Cartão de Crédito
2534;2026-06-16;438;15;9;1;750;0%;750;Cartão de Crédito
2535;2025-12-02;2421;23;18;1;400;0%;400;Pix
2536;2026-01-16;336;15;11;1;750;5%;712,5;Cartão de Crédito
2537;2025-12-07;759;29;4;1;380;0%;380;Pix
2538;2026-07-31;69;13;16;2;2900;5%;5510;Cartão de Crédito
2539;2026-01-01;519;2;6;1;80;0%;80;Cartão de Crédito
2540;2026-08-27;2088;7;8;1;320;5%;304;Boleto
2541;2026-04-08;22;21;17;1;1600;0%;1600;Cartão de Crédito
2542;2026-01-29;2363;4;7;3;1400;0%;4200;Cartão de Crédito
2543;2026-05-22;2243;15;8;1;750;0%;750;Cartão de Crédito
2544;2025-10-12;1761;8;7;1;110;0%;110;Cartão de Crédito
2545;2026-07-22;1592;14;7;2;350;0%;700;Pix
2546;2026-06-09;1199;16;12;2;520;0%;1040;Cartão de Crédito
2547;2025-11-20;1657;16;14;1;520;5%;494;Boleto
2548;2026-07-05;1179;4;9;1;1400;0%;1400;Cartão de Crédito
2549;2026-01-17;511;36;14;1;550;0%;550;Cartão de Débito
2550;2026-01-20;2480;28;16;2;420;0%;840;Cartão de Crédito
2551;2025-09-12;470;6;13;1;220;0%;220;Cartão de Crédito
2552;2026-07-11;784;7;9;1;320;0%;320;Cartão de Crédito
2553;2026-08-31;526;22;6;1;850;10%;765;Cartão de Crédito
2554;2026-08-06;2377;19;4;1;490;5%;465,5;Pix
2555;2026-08-21;1020;10;5;1;50;0%;50;Cartão de Crédito
2556;2026-09-11;165;26;8;2;2200;10%;3960;Cartão de Crédito
2557;2026-01-17;191;18;3;1;280;0%;280;Pix
2558;2026-08-28;1617;8;5;1;110;0%;110;Cartão de Crédito
2559;2026-01-01;1133;16;4;2;520;0%;1040;Pix
2560;2026-07-03;12;11;7;2;3800;5%;7220;Cartão de Crédito
2561;2025-11-07;57;7;14;1;320;0%;320;Cartão de Crédito
2562;2025-11-05;1399;42;7;1;35;0%;35;Pix
2563;2026-04-28;592;1;5;5;4500;0%;22500;Cartão de Crédito
2564;2026-08-09;505;13;12;1;2900;5%;2755;Cartão de Crédito
2565;2026-02-25;1684;17;13;1;650;5%;617,5;Cartão de Crédito
2566;2026-08-15;2126;24;9;2;380;0%;760;Cartão de Débito
2567;2026-04-27;826;2;5;2;80;0%;160;Cartão de Crédito
2568;2025-12-26;1595;15;12;1;750;0%;750;Cartão de Crédito
2569;2025-12-17;995;3;16;4;250;5%;950;Cartão de Crédito
2570;2026-05-20;1122;32;14;1;480;0%;480;Cartão de Crédito
2571;2025-10-07;1033;12;1;1;180;5%;171;Boleto
2572;2026-04-21;1899;4;6;1;1400;0%;1400;Cartão de Crédito
2573;2025-10-13;245;5;15;1;950;0%;950;Cartão de Crédito
2574;2026-06-07;1185;24;7;1;380;0%;380;Cartão de Débito
2575;2026-04-11;453;12;10;3;180;0%;540;Boleto
2576;2025-11-23;1161;32;9;3;480;0%;1440;Cartão de Débito
2577;2025-12-11;1746;26;1;1;2200;5%;2090;Cartão de Crédito
2578;2026-05-12;2170;10;3;3;50;10%;135;Cartão de Crédito
2579;2026-07-09;1862;2;12;4;80;0%;320;Pix
2580;2026-02-14;919;7;15;1;320;0%;320;Cartão de Crédito
2581;2025-12-23;1129;8;16;1;110;10%;99;Cartão de Crédito
2582;2026-03-30;1105;8;6;1;110;0%;110;Cartão de Crédito
2583;2026-05-15;904;35;15;1;250;0%;250;Pix
2584;2025-11-19;71;25;8;1;310;0%;310;Pix
2585;2026-08-08;1991;14;13;1;350;0%;350;Boleto
2586;2026-01-02;2260;19;17;1;490;0%;490;Pix
2587;2026-08-06;593;14;4;3;350;0%;1050;Cartão de Débito
2588;2026-01-27;1519;16;17;1;520;0%;520;Pix
2589;2026-01-20;405;32;9;1;480;0%;480;Cartão de Crédito
2590;2026-08-15;2116;12;10;2;180;0%;360;Pix
2591;2026-04-06;84;36;3;3;550;10%;1485;Boleto
2592;2026-06-29;439;12;8;1;180;5%;171;Cartão de Crédito
2593;2026-02-03;1033;21;8;1;1600;0%;1600;Boleto
2594;2026-08-20;2278;15;17;1;750;10%;675;Cartão de Crédito
2595;2025-12-14;2036;17;17;1;650;5%;617,5;Pix
2596;2025-09-13;611;26;1;2;2200;0%;4400;Boleto
2597;2026-02-26;2269;6;14;3;220;0%;660;Cartão de Débito
2598;2026-06-29;1398;36;1;2;550;5%;1045;Pix
2599;2026-05-16;793;18;6;1;280;0%;280;Pix
2600;2025-11-06;1255;23;14;1;400;0%;400;Cartão de Crédito
2601;2026-01-18;1114;9;7;1;150;0%;150;Cartão de Crédito
2602;2026-07-30;1647;5;12;4;950;0%;3800;Pix
2603;2025-10-31;1557;5;16;1;950;0%;950;Pix
2604;2026-07-28;804;9;8;1;150;5%;142,5;Boleto
2605;2026-02-25;188;3;11;2;250;0%;500;Pix
2606;2026-03-13;1931;15;8;1;750;0%;750;Cartão de Crédito
2607;2026-06-11;1366;33;16;2;1200;0%;2400;Boleto
2608;2026-01-06;1765;33;18;1;1200;0%;1200;Cartão de Crédito
2609;2025-09-20;313;16;4;1;520;5%;494;Cartão de Crédito
2610;2026-06-28;562;17;8;1;650;0%;650;Cartão de Crédito
2611;2026-04-10;180;28;7;2;420;5%;798;Cartão de Débito
2612;2026-05-09;1690;26;18;1;2200;0%;2200;Pix
2613;2025-10-19;421;45;18;1;180;0%;180;Cartão de Débito
2614;2026-04-25;556;37;8;2;140;5%;266;Cartão de Crédito
2615;2025-12-30;895;12;12;1;180;0%;180;Pix
2616;2025-10-31;150;18;9;1;280;10%;252;Boleto
2617;2025-09-17;2407;12;14;1;180;0%;180;Cartão de Crédito
2618;2025-11-12;1149;18;15;2;280;0%;560;Boleto
2619;2025-12-28;383;4;11;2;1400;0%;2800;Cartão de Crédito
2620;2026-01-11;487;2;3;1;80;0%;80;Cartão de Crédito
2621;2026-01-18;2451;25;18;1;310;0%;310;Cartão de Crédito
2622;2026-07-31;988;33;2;1;1200;0%;1200;Cartão de Débito
2623;2026-05-13;1135;10;18;1;50;0%;50;Cartão de Crédito
2624;2025-12-06;27;4;16;1;1400;0%;1400;Cartão de Crédito
2625;2025-12-31;1687;20;11;1;190;0%;190;Cartão de Crédito
2626;2025-11-02;364;1;17;1;4500;0%;4500;Cartão de Crédito
2627;2026-07-07;940;14;9;2;350;0%;700;Pix
2628;2025-09-12;1750;9;12;2;150;0%;300;Pix
2629;2026-03-13;1853;14;18;1;350;0%;350;Cartão de Crédito
2630;2026-09-03;673;18;1;1;280;0%;280;Pix
2631;2025-10-31;2342;24;1;1;380;5%;361;Cartão de Crédito
2632;2026-08-19;1128;28;7;1;420;0%;420;Cartão de Crédito
2633;2025-12-09;643;1;8;3;4500;0%;13500;Pix
2634;2025-10-05;735;2;7;4;80;0%;320;Cartão de Crédito
2635;2025-12-28;810;3;5;1;250;0%;250;Cartão de Crédito
2636;2026-02-10;1888;21;2;1;1600;0%;1600;Pix
2637;2026-08-16;1842;13;8;3;2900;10%;7830;Boleto
2638;2026-07-25;551;5;2;1;950;0%;950;Cartão de Crédito
2639;2025-11-11;837;20;12;1;190;0%;190;Pix
2640;2026-07-30;1228;34;14;1;890;0%;890;Cartão de Débito
2641;2025-11-29;260;41;6;1;45;0%;45;Cartão de Crédito
2642;2026-05-12;1549;25;1;1;310;5%;294,5;Cartão de Crédito
2643;2025-12-08;1535;20;2;3;190;0%;570;Boleto
2644;2026-06-11;718;11;14;1;3800;5%;3610;Boleto
2645;2025-11-06;348;37;6;4;140;0%;560;Boleto
2646;2025-12-29;300;44;5;1;55;0%;55;Pix
2647;2026-04-12;445;10;14;1;50;0%;50;Boleto
2648;2026-01-07;681;5;9;2;950;0%;1900;Pix
2649;2026-09-12;2131;8;18;1;110;5%;104,5;Pix
2650;2026-08-24;2175;21;11;1;1600;0%;1600;Cartão de Crédito
2651;2026-05-01;645;7;18;1;320;0%;320;Boleto
2652;2026-08-16;2324;7;7;1;320;0%;320;Boleto
2653;2026-04-29;1741;34;6;2;890;0%;1780;Pix
2654;2026-07-21;1824;11;9;1;3800;0%;3800;Pix
2655;2026-02-20;1066;35;7;3;250;0%;750;Cartão de Crédito
2656;2025-09-22;804;9;13;1;150;0%;150;Boleto
2657;2026-02-10;1539;23;18;4;400;5%;1520;Pix
2658;2026-05-08;373;18;4;1;280;0%;280;Pix
2659;2026-09-02;520;12;2;1;180;0%;180;Cartão de Débito
2660;2026-01-07;2186;28;4;1;420;0%;420;Cartão de Crédito
2661;2026-06-25;1964;36;13;1;550;0%;550;Cartão de Débito
2662;2026-08-10;2379;3;5;1;250;5%;237,5;Boleto
2663;2025-10-09;2122;24;6;5;380;5%;1805;Boleto
2664;2026-06-14;950;19;5;2;490;0%;980;Cartão de Débito
2665;2026-01-13;208;18;17;1;280;0%;280;Pix
2666;2026-07-19;2227;2;3;1;80;5%;76;Cartão de Crédito
2667;2026-01-13;2208;5;18;1;950;0%;950;Cartão de Crédito
2668;2025-10-24;1390;3;17;2;250;5%;475;Cartão de Crédito
2669;2026-06-14;384;6;9;1;220;0%;220;Pix
2670;2026-01-23;1361;21;18;3;1600;0%;4800;Cartão de Crédito
2671;2025-11-20;731;41;2;1;45;0%;45;Pix
2672;2026-04-18;2010;9;7;1;150;0%;150;Cartão de Crédito
2673;2025-11-22;904;8;3;2;110;0%;220;Cartão de Crédito
2674;2026-06-04;606;6;15;4;220;5%;836;Boleto
2675;2025-10-18;1730;16;18;4;520;0%;2080;Cartão de Crédito
2676;2025-10-23;1319;15;15;1;750;0%;750;Cartão de Débito
2677;2025-12-05;1132;20;11;1;190;0%;190;Pix
2678;2025-09-27;136;4;1;2;1400;0%;2800;Cartão de Crédito
2679;2025-09-25;100;28;1;3;420;10%;1134;Cartão de Crédito
2680;2025-10-24;1321;6;6;1;220;0%;220;Cartão de Crédito
2681;2026-08-04;2400;7;3;2;320;0%;640;Boleto
2682;2025-10-24;780;13;16;2;2900;0%;5800;Cartão de Crédito
2683;2025-11-01;1799;22;18;1;850;0%;850;Boleto
2684;2026-08-09;1522;21;2;2;1600;0%;3200;Cartão de Crédito
2685;2026-07-31;2478;16;1;2;520;0%;1040;Cartão de Crédito
2686;2025-11-27;1448;29;11;1;380;0%;380;Pix
2687;2026-03-25;472;20;17;1;190;5%;180,5;Boleto
2688;2026-08-08;1188;1;10;1;4500;0%;4500;Pix
2689;2026-01-23;653;23;3;1;400;0%;400;Pix
2690;2026-06-18;606;28;18;1;420;0%;420;Pix
2691;2026-05-14;1177;13;16;1;2900;0%;2900;Cartão de Crédito
2692;2026-06-06;314;22;5;2;850;0%;1700;Cartão de Crédito
2693;2025-12-10;1184;21;17;1;1600;0%;1600;Pix
2694;2026-07-27;174;6;11;1;220;0%;220;Cartão de Crédito
2695;2026-03-25;1921;28;2;1;420;0%;420;Cartão de Crédito
2696;2026-05-29;1781;17;15;4;650;5%;2470;Pix
2697;2025-09-25;181;3;2;2;250;0%;500;Cartão de Crédito
2698;2025-09-13;1071;11;8;2;3800;0%;7600;Cartão de Crédito
2699;2026-03-24;1415;4;11;2;1400;0%;2800;Cartão de Crédito
2700;2025-10-27;1481;11;17;1;3800;0%;3800;Cartão de Crédito
2701;2026-01-30;2172;33;5;1;1200;0%;1200;Cartão de Débito
2702;2026-04-07;1548;3;4;5;250;0%;1250;Cartão de Crédito
2703;2026-01-10;1692;20;5;2;190;0%;380;Pix
2704;2026-01-27;2096;32;8;1;480;0%;480;Pix
2705;2026-02-23;1514;25;2;3;310;0%;930;Cartão de Crédito
2706;2026-03-18;1271;2;6;1;80;10%;72;Cartão de Crédito
2707;2026-07-04;1538;17;2;2;650;0%;1300;Cartão de Débito
2708;2026-06-21;162;18;16;2;280;0%;560;Cartão de Crédito
2709;2025-10-09;1666;8;7;1;110;0%;110;Cartão de Débito
2710;2026-01-13;1681;36;18;1;550;0%;550;Cartão de Crédito
2711;2026-05-05;1455;16;1;2;520;5%;988;Cartão de Crédito
2712;2026-07-28;2154;34;6;1;890;0%;890;Boleto
2713;2025-11-15;265;2;2;3;80;0%;240;Cartão de Crédito
2714;2026-01-27;193;30;4;1;160;0%;160;Pix
2715;2026-03-31;1036;4;17;2;1400;5%;2660;Pix
2716;2025-11-14;2277;11;17;3;3800;0%;11400;Pix
2717;2025-09-14;1072;42;9;1;35;0%;35;Pix
2718;2026-08-07;727;12;18;1;180;0%;180;Pix
2719;2026-05-12;2042;9;8;1;150;5%;142,5;Cartão de Crédito
2720;2026-06-03;795;18;13;1;280;0%;280;Cartão de Débito
2721;2025-12-17;2165;3;3;1;250;0%;250;Pix
2722;2026-04-04;1097;25;8;1;310;0%;310;Cartão de Crédito
2723;2025-11-30;269;3;5;2;250;5%;475;Cartão de Crédito
2724;2026-09-03;1639;12;10;2;180;0%;360;Cartão de Crédito
2725;2025-12-08;2137;7;10;1;320;0%;320;Cartão de Crédito
2726;2026-04-08;1219;20;6;1;190;0%;190;Pix
2727;2025-09-22;995;13;14;1;2900;0%;2900;Cartão de Crédito
2728;2025-11-17;1509;7;17;2;320;0%;640;Pix
2729;2026-04-20;877;36;4;1;550;5%;522,5;Cartão de Crédito
2730;2026-02-17;1032;16;3;1;520;0%;520;Cartão de Crédito
2731;2026-05-06;168;20;13;2;190;0%;380;Cartão de Crédito
2732;2026-02-08;1597;7;6;2;320;5%;608;Cartão de Crédito
2733;2026-03-12;1531;35;10;1;250;5%;237,5;Cartão de Crédito
2734;2025-10-03;765;29;13;1;380;0%;380;Cartão de Crédito
2735;2026-01-07;1512;6;11;3;220;0%;660;Cartão de Crédito
2736;2026-06-17;766;23;10;1;400;0%;400;Cartão de Crédito
2737;2025-12-19;96;24;3;1;380;0%;380;Cartão de Débito
2738;2026-05-10;1546;45;10;1;180;0%;180;Pix
2739;2026-04-10;1147;3;10;1;250;5%;237,5;Boleto
2740;2026-06-01;2359;25;17;1;310;0%;310;Boleto
2741;2026-05-28;93;18;8;1;280;0%;280;Cartão de Crédito
2742;2025-11-06;1509;5;8;3;950;0%;2850;Pix
2743;2026-06-23;2052;6;17;2;220;0%;440;Cartão de Débito
2744;2025-12-12;1129;24;11;1;380;0%;380;Cartão de Crédito
2745;2025-11-19;1908;27;2;3;350;0%;1050;Pix
2746;2026-08-22;1393;20;2;2;190;5%;361;Cartão de Crédito
2747;2026-02-07;236;7;10;1;320;0%;320;Cartão de Crédito
2748;2026-01-12;839;24;7;3;380;0%;1140;Pix
2749;2025-12-27;1455;16;7;2;520;5%;988;Cartão de Crédito
2750;2026-06-08;1056;25;11;3;310;0%;930;Pix
2751;2026-09-09;501;4;13;1;1400;0%;1400;Cartão de Crédito
2752;2026-01-03;580;40;4;1;600;0%;600;Boleto
2753;2025-10-28;388;11;15;2;3800;0%;7600;Pix
2754;2026-06-08;1911;8;4;4;110;5%;418;Cartão de Débito
2755;2026-06-17;198;39;7;2;290;0%;580;Cartão de Débito
2756;2026-01-13;2431;2;3;2;80;5%;152;Cartão de Crédito
2757;2026-08-01;811;19;16;1;490;0%;490;Cartão de Crédito
2758;2025-12-31;552;1;13;2;4500;0%;9000;Cartão de Crédito
2759;2026-08-07;1324;27;8;1;350;0%;350;Cartão de Débito
2760;2025-10-02;1666;8;2;1;110;5%;104,5;Pix
2761;2025-10-21;344;25;17;1;310;5%;294,5;Pix
2762;2026-05-24;1342;26;13;1;2200;0%;2200;Cartão de Crédito
2763;2025-10-30;1892;5;17;1;950;0%;950;Cartão de Crédito
2764;2026-04-08;2264;30;17;2;160;10%;288;Cartão de Crédito
2765;2025-09-16;44;39;6;1;290;0%;290;Pix
2766;2025-12-27;109;3;1;2;250;5%;475;Boleto
2767;2026-07-09;438;3;11;1;250;0%;250;Cartão de Crédito
2768;2026-04-12;459;18;18;1;280;0%;280;Boleto
2769;2025-11-16;2447;2;17;1;80;0%;80;Pix
2770;2025-09-18;1002;9;13;1;150;0%;150;Boleto
2771;2026-03-01;1935;11;16;5;3800;0%;19000;Pix
2772;2026-01-25;1162;13;4;2;2900;5%;5510;Pix
2773;2026-04-12;13;23;7;1;400;10%;360;Pix
2774;2026-03-31;1507;11;12;1;3800;0%;3800;Cartão de Crédito
2775;2025-11-19;238;32;3;2;480;0%;960;Cartão de Débito
2776;2026-02-18;2473;35;3;1;250;0%;250;Cartão de Crédito
2777;2025-11-14;2155;3;10;2;250;0%;500;Pix
2778;2025-11-06;2209;23;10;1;400;0%;400;Cartão de Crédito
2779;2026-01-05;948;14;13;1;350;0%;350;Boleto
2780;2026-06-10;1956;18;11;3;280;0%;840;Cartão de Crédito
2781;2025-09-25;2403;7;5;2;320;0%;640;Pix
2782;2026-04-08;798;26;6;1;2200;5%;2090;Cartão de Crédito
2783;2025-12-01;884;33;17;1;1200;0%;1200;Cartão de Crédito
2784;2025-11-26;302;24;8;1;380;0%;380;Cartão de Crédito
2785;2026-05-01;1127;37;11;1;140;0%;140;Cartão de Débito
2786;2026-03-03;1714;40;3;2;600;0%;1200;Pix
2787;2025-10-29;1046;24;2;1;380;0%;380;Cartão de Crédito
2788;2026-09-03;1205;34;5;2;890;0%;1780;Pix
2789;2026-06-05;2196;14;14;1;350;5%;332,5;Cartão de Crédito
2790;2025-10-03;1503;6;1;3;220;0%;660;Pix
2791;2026-03-03;974;10;16;1;50;5%;47,5;Pix
2792;2026-04-02;1756;18;14;1;280;0%;280;Cartão de Crédito
2793;2025-10-05;2128;3;4;1;250;5%;237,5;Pix
2794;2025-11-10;528;25;14;3;310;5%;883,5;Pix
2795;2025-09-21;173;43;7;1;65;0%;65;Cartão de Crédito
2796;2025-10-10;2131;37;7;2;140;0%;280;Pix
2797;2026-03-15;1600;44;13;2;55;0%;110;Pix
2798;2026-07-20;363;22;1;1;850;0%;850;Cartão de Crédito
2799;2026-03-28;631;22;15;1;850;0%;850;Cartão de Crédito
2800;2025-10-19;1313;10;7;2;50;0%;100;Cartão de Débito
2801;2025-11-02;719;13;7;1;2900;0%;2900;Pix
2802;2026-01-20;1395;38;12;3;390;0%;1170;Cartão de Crédito
2803;2025-10-08;1761;12;17;1;180;0%;180;Pix
2804;2026-06-20;752;2;14;2;80;5%;152;Cartão de Crédito
2805;2026-07-01;446;24;16;1;380;0%;380;Cartão de Crédito
2806;2026-07-29;1988;13;14;1;2900;0%;2900;Boleto
2807;2026-06-26;585;14;7;1;350;0%;350;Cartão de Débito
2808;2026-06-07;1081;14;10;1;350;0%;350;Pix
2809;2025-10-02;475;22;8;1;850;0%;850;Pix
2810;2026-02-14;2272;35;1;1;250;0%;250;Cartão de Crédito
2811;2026-06-09;1833;35;7;1;250;0%;250;Cartão de Crédito
2812;2026-03-06;1223;29;8;1;380;0%;380;Cartão de Crédito
2813;2026-05-14;2254;33;17;1;1200;0%;1200;Pix
2814;2025-11-20;1669;37;2;3;140;0%;420;Cartão de Débito
2815;2025-12-29;958;12;12;1;180;5%;171;Cartão de Crédito
2816;2026-07-23;509;10;2;1;50;0%;50;Cartão de Crédito
2817;2025-11-03;1518;36;15;2;550;0%;1100;Cartão de Crédito
2818;2026-08-31;74;8;2;3;110;0%;330;Cartão de Crédito
2819;2026-05-29;1509;4;3;1;1400;0%;1400;Cartão de Crédito
2820;2026-02-07;1171;21;6;1;1600;5%;1520;Pix
2821;2025-09-20;1856;8;9;1;110;10%;99;Cartão de Crédito
2822;2026-07-07;679;6;13;3;220;5%;627;Cartão de Crédito
2823;2026-07-15;2347;26;14;1;2200;0%;2200;Cartão de Crédito
2824;2026-07-28;2346;27;13;1;350;0%;350;Cartão de Crédito
2825;2026-08-14;1215;4;18;1;1400;0%;1400;Cartão de Crédito
2826;2026-08-06;2477;6;15;1;220;0%;220;Cartão de Crédito
2827;2025-10-27;2139;2;10;1;80;10%;72;Cartão de Crédito
2828;2025-11-25;2193;2;12;2;80;0%;160;Pix
2829;2026-07-05;1574;41;8;1;45;5%;42,75;Pix
2830;2025-11-26;1354;15;4;1;750;0%;750;Cartão de Débito
2831;2026-02-09;88;20;17;1;190;0%;190;Cartão de Crédito
2832;2026-02-17;2333;10;7;3;50;0%;150;Cartão de Crédito
2833;2025-12-10;780;1;4;2;4500;5%;8550;Cartão de Crédito
2834;2025-12-15;914;27;10;3;350;0%;1050;Pix
2835;2025-11-23;1761;6;13;1;220;5%;209;Cartão de Crédito
2836;2026-06-27;2294;5;2;1;950;0%;950;Boleto
2837;2026-04-08;95;41;18;1;45;5%;42,75;Cartão de Crédito
2838;2026-05-12;635;34;13;1;890;0%;890;Cartão de Crédito
2839;2026-08-05;483;21;15;1;1600;0%;1600;Cartão de Crédito
2840;2026-04-13;126;38;15;1;390;0%;390;Pix
2841;2025-12-10;885;14;10;2;350;0%;700;Cartão de Crédito
2842;2026-06-26;935;27;17;1;350;0%;350;Cartão de Débito
2843;2026-07-19;903;38;11;1;390;5%;370,5;Cartão de Crédito
2844;2026-08-21;2468;14;12;2;350;5%;665;Cartão de Crédito
2845;2026-08-10;1000;15;17;2;750;0%;1500;Cartão de Crédito
2846;2025-11-21;2299;28;1;1;420;0%;420;Pix
2847;2026-02-04;13;16;12;1;520;0%;520;Boleto
2848;2026-04-08;483;13;5;5;2900;0%;14500;Cartão de Crédito
2849;2026-09-02;2320;21;14;2;1600;0%;3200;Cartão de Crédito
2850;2026-03-05;123;25;18;2;310;0%;620;Pix
2851;2025-11-26;1664;15;12;1;750;5%;712,5;Cartão de Crédito
2852;2026-06-17;601;20;14;2;190;0%;380;Pix
2853;2026-08-16;1090;13;3;1;2900;0%;2900;Cartão de Crédito
2854;2026-06-20;1567;3;13;1;250;0%;250;Cartão de Crédito
2855;2026-03-07;1667;12;3;3;180;0%;540;Pix
2856;2025-12-31;62;8;18;2;110;5%;209;Pix
2857;2026-05-16;1745;12;4;2;180;0%;360;Pix
2858;2026-08-22;597;16;7;1;520;0%;520;Pix
2859;2026-06-09;1285;15;11;4;750;5%;2850;Pix
2860;2025-11-12;1032;39;7;1;290;5%;275,5;Pix
2861;2026-01-26;1633;18;18;1;280;0%;280;Cartão de Crédito
2862;2025-11-27;986;32;10;1;480;5%;456;Cartão de Crédito
2863;2026-05-30;1114;34;2;1;890;0%;890;Pix
2864;2025-09-27;673;13;16;1;2900;10%;2610;Cartão de Crédito
2865;2026-01-04;5;10;1;1;50;5%;47,5;Boleto
2866;2026-08-19;2105;3;14;1;250;0%;250;Cartão de Crédito
2867;2026-07-16;1601;1;13;2;4500;0%;9000;Pix
2868;2025-10-14;226;34;4;1;890;0%;890;Cartão de Crédito
2869;2026-03-29;2064;14;7;5;350;0%;1750;Cartão de Crédito
2870;2025-10-20;333;26;7;1;2200;0%;2200;Boleto
2871;2026-07-22;1372;13;1;1;2900;0%;2900;Pix
2872;2025-10-06;272;13;13;1;2900;0%;2900;Cartão de Crédito
2873;2026-06-09;230;16;9;2;520;5%;988;Cartão de Crédito
2874;2025-10-23;1201;30;3;1;160;0%;160;Pix
2875;2026-02-23;223;13;15;1;2900;0%;2900;Cartão de Débito
2876;2026-04-08;726;36;17;1;550;0%;550;Cartão de Crédito
2877;2025-12-21;2386;33;15;1;1200;5%;1140;Cartão de Crédito
2878;2026-08-06;1685;11;5;1;3800;0%;3800;Pix
2879;2025-10-07;1509;12;8;2;180;0%;360;Pix
2880;2026-08-04;1147;5;9;1;950;0%;950;Boleto
2881;2025-09-20;2029;1;15;2;4500;0%;9000;Cartão de Crédito
2882;2026-04-26;2453;28;10;1;420;0%;420;Boleto
2883;2026-03-31;665;25;2;1;310;10%;279;Cartão de Crédito
2884;2026-09-12;1840;4;5;3;1400;0%;4200;Boleto
2885;2026-04-06;1687;17;5;3;650;0%;1950;Pix
2886;2026-07-14;562;4;12;2;1400;5%;2660;Cartão de Crédito
2887;2025-09-21;2276;14;3;1;350;0%;350;Cartão de Débito
2888;2026-05-21;1943;41;13;1;45;0%;45;Pix
2889;2025-10-06;660;24;3;2;380;0%;760;Pix
2890;2026-01-24;94;32;13;2;480;0%;960;Boleto
2891;2026-06-07;2186;8;9;1;110;5%;104,5;Cartão de Crédito
2892;2025-10-16;800;8;7;2;110;0%;220;Cartão de Crédito
2893;2025-12-24;1860;28;8;1;420;0%;420;Cartão de Crédito
2894;2025-10-27;544;9;11;1;150;0%;150;Cartão de Crédito
2895;2026-03-14;702;38;7;1;390;0%;390;Boleto
2896;2026-03-07;1644;8;4;1;110;5%;104,5;Pix
2897;2026-05-09;2232;23;3;1;400;0%;400;Cartão de Crédito
2898;2026-05-07;44;24;7;2;380;0%;760;Boleto
2899;2025-12-05;417;9;3;1;150;5%;142,5;Pix
2900;2026-07-17;670;4;1;1;1400;0%;1400;Pix
2901;2026-03-25;462;32;8;1;480;5%;456;Boleto
2902;2026-04-16;975;30;17;1;160;0%;160;Cartão de Crédito
2903;2026-08-20;1302;12;5;1;180;5%;171;Cartão de Crédito
2904;2026-05-09;2031;42;18;1;35;0%;35;Pix
2905;2026-07-02;1413;2;13;1;80;5%;76;Cartão de Crédito
2906;2025-11-13;780;9;7;1;150;0%;150;Cartão de Crédito
2907;2026-04-29;305;3;18;1;250;0%;250;Cartão de Crédito
2908;2026-02-10;1258;14;9;1;350;5%;332,5;Boleto
2909;2026-07-12;202;36;6;2;550;0%;1100;Cartão de Crédito
2910;2026-07-05;1324;22;2;1;850;0%;850;Cartão de Crédito
2911;2025-11-23;1621;32;10;5;480;0%;2400;Pix
2912;2026-05-31;177;3;4;1;250;0%;250;Cartão de Crédito
2913;2026-04-20;1129;31;10;1;120;0%;120;Pix
2914;2025-10-09;969;6;15;1;220;5%;209;Pix
2915;2025-12-25;1025;45;4;4;180;0%;720;Cartão de Crédito
2916;2026-04-03;1927;45;18;2;180;0%;360;Pix
2917;2025-11-06;581;11;15;2;3800;0%;7600;Boleto
2918;2026-05-25;2103;1;6;2;4500;0%;9000;Cartão de Crédito
2919;2025-12-16;308;37;1;1;140;0%;140;Cartão de Crédito
2920;2025-12-03;378;21;16;1;1600;0%;1600;Cartão de Crédito
2921;2026-07-10;2197;8;6;1;110;0%;110;Cartão de Crédito
2922;2025-11-03;793;15;9;3;750;0%;2250;Pix
2923;2026-06-04;1720;23;6;1;400;0%;400;Pix
2924;2026-07-02;2237;39;11;2;290;0%;580;Cartão de Crédito
2925;2026-05-21;2485;39;15;1;290;5%;275,5;Cartão de Crédito
2926;2026-01-09;1745;16;8;1;520;0%;520;Cartão de Crédito
2927;2026-06-15;996;22;4;1;850;5%;807,5;Cartão de Débito
2928;2026-06-02;726;21;18;1;1600;5%;1520;Cartão de Crédito
2929;2026-08-26;1305;13;14;2;2900;0%;5800;Cartão de Crédito
2930;2025-09-26;1387;25;8;1;310;0%;310;Cartão de Crédito
2931;2026-07-02;1842;34;1;1;890;0%;890;Pix
2932;2026-05-22;2411;13;18;1;2900;0%;2900;Pix
2933;2026-08-03;1756;3;13;1;250;0%;250;Cartão de Crédito
2934;2026-08-26;488;16;15;1;520;0%;520;Pix
2935;2026-05-14;251;23;13;1;400;0%;400;Cartão de Crédito
2936;2026-05-24;967;14;13;1;350;0%;350;Cartão de Débito
2937;2026-06-04;601;5;1;2;950;0%;1900;Cartão de Crédito
2938;2026-03-17;10;4;13;1;1400;0%;1400;Boleto
2939;2026-06-15;589;7;3;2;320;0%;640;Pix
2940;2026-08-15;701;33;6;2;1200;5%;2280;Pix
2941;2026-01-04;1431;4;11;2;1400;0%;2800;Cartão de Crédito
2942;2026-08-23;653;22;3;1;850;0%;850;Cartão de Crédito
2943;2026-04-01;1500;1;1;1;4500;0%;4500;Cartão de Crédito
2944;2026-03-02;2209;7;15;1;320;10%;288;Cartão de Crédito
2945;2025-11-04;1086;18;13;1;280;5%;266;Pix
2946;2026-06-30;616;19;3;1;490;0%;490;Pix
2947;2026-06-06;714;35;3;2;250;5%;475;Pix
2948;2026-07-01;569;22;11;1;850;5%;807,5;Cartão de Crédito
2949;2026-06-29;1630;6;15;5;220;0%;1100;Boleto
2950;2026-07-13;162;16;18;1;520;0%;520;Cartão de Crédito
2951;2026-07-11;2189;12;9;1;180;0%;180;Cartão de Débito
2952;2026-01-10;1762;4;18;5;1400;0%;7000;Cartão de Crédito
2953;2026-02-06;2240;4;1;1;1400;10%;1260;Cartão de Débito
2954;2025-12-02;520;5;2;1;950;0%;950;Pix
2955;2026-02-28;139;7;8;1;320;0%;320;Cartão de Crédito
2956;2026-08-17;2222;23;14;3;400;0%;1200;Pix
2957;2026-07-15;1028;9;17;2;150;0%;300;Cartão de Débito
2958;2026-02-08;533;2;10;1;80;0%;80;Boleto
2959;2026-07-19;1384;38;17;2;390;0%;780;Cartão de Crédito
2960;2026-06-22;271;29;3;1;380;0%;380;Cartão de Crédito
2961;2026-02-04;1421;20;15;1;190;5%;180,5;Pix
2962;2026-07-29;2236;2;17;5;80;5%;380;Boleto
2963;2026-05-04;147;43;15;1;65;0%;65;Boleto
2964;2025-10-28;1463;28;6;3;420;0%;1260;Cartão de Crédito
2965;2026-01-10;2229;11;13;1;3800;0%;3800;Pix
2966;2026-04-29;1600;1;16;3;4500;5%;12825;Cartão de Débito
2967;2025-12-21;2209;4;6;2;1400;0%;2800;Cartão de Crédito
2968;2025-09-25;1852;22;9;1;850;10%;765;Cartão de Crédito
2969;2026-03-25;320;22;3;1;850;5%;807,5;Cartão de Débito
2970;2026-07-30;1890;14;16;2;350;0%;700;Boleto
2971;2026-07-21;2180;7;16;1;320;0%;320;Cartão de Crédito
2972;2026-03-27;2220;4;5;2;1400;0%;2800;Cartão de Crédito
2973;2026-07-28;2354;13;14;1;2900;0%;2900;Cartão de Crédito
2974;2026-05-28;2037;17;5;1;650;0%;650;Cartão de Crédito
2975;2025-11-17;1312;36;17;1;550;0%;550;Cartão de Crédito
2976;2026-07-04;804;43;16;1;65;0%;65;Cartão de Crédito
2977;2025-10-01;2180;28;11;2;420;0%;840;Cartão de Crédito
2978;2026-08-26;2148;1;1;1;4500;5%;4275;Pix
2979;2026-04-04;763;38;8;1;390;5%;370,5;Cartão de Débito
2980;2026-03-19;213;45;9;3;180;0%;540;Boleto
2981;2025-09-27;1477;7;13;2;320;0%;640;Cartão de Débito
2982;2026-03-26;1360;35;15;1;250;0%;250;Cartão de Crédito
2983;2026-06-30;157;8;1;1;110;0%;110;Pix
2984;2026-08-22;512;5;6;1;950;0%;950;Cartão de Crédito
2985;2026-02-02;2220;14;6;2;350;0%;700;Cartão de Crédito
2986;2026-03-06;1535;4;9;1;1400;0%;1400;Boleto
2987;2026-01-18;748;32;17;3;480;0%;1440;Cartão de Crédito
2988;2026-04-01;1887;26;13;1;2200;10%;1980;Cartão de Crédito
2989;2025-12-21;575;25;12;1;310;5%;294,5;Boleto
2990;2026-07-22;1205;41;6;2;45;0%;90;Boleto
2991;2026-08-04;1011;33;5;4;1200;0%;4800;Cartão de Crédito
2992;2026-08-27;2182;15;9;1;750;5%;712,5;Cartão de Crédito
2993;2026-03-31;911;28;7;1;420;0%;420;Cartão de Crédito
2994;2026-06-18;2346;22;4;1;850;0%;850;Boleto
2995;2026-03-05;1659;38;6;1;390;0%;390;Cartão de Crédito
2996;2026-01-23;327;1;11;1;4500;0%;4500;Cartão de Crédito
2997;2025-12-16;2184;20;11;1;190;0%;190;Cartão de Crédito
2998;2026-05-17;729;40;11;2;600;0%;1200;Cartão de Crédito
2999;2026-03-30;687;2;6;4;80;10%;288;Cartão de Crédito
3000;2026-04-06;2414;10;8;3;50;5%;142,5;Cartão de Crédito
3001;2026-09-02;911;3;11;2;250;0%;500;Pix
3002;2026-06-10;2491;39;12;1;290;0%;290;Boleto
3003;2025-11-03;916;43;17;1;65;10%;58,5;Cartão de Crédito
3004;2025-11-05;2294;33;13;3;1200;0%;3600;Pix
3005;2026-03-20;1499;32;1;1;480;0%;480;Cartão de Crédito
3006;2026-08-08;2006;20;17;1;190;5%;180,5;Cartão de Débito
3007;2026-01-24;1583;2;18;1;80;0%;80;Pix
3008;2026-02-25;65;10;11;1;50;0%;50;Cartão de Crédito
3009;2026-05-19;1177;18;9;2;280;5%;532;Pix
3010;2026-01-04;32;33;7;1;1200;0%;1200;Cartão de Crédito
3011;2026-02-15;492;11;17;1;3800;5%;3610;Cartão de Crédito
3012;2026-07-04;306;3;4;2;250;0%;500;Cartão de Débito
3013;2026-05-16;2454;5;16;2;950;0%;1900;Cartão de Crédito
3014;2025-12-05;193;28;7;2;420;0%;840;Pix
3015;2026-06-06;1367;14;8;2;350;0%;700;Pix
3016;2026-01-27;155;30;3;4;160;0%;640;Pix
3017;2026-03-17;861;14;13;3;350;0%;1050;Cartão de Débito
3018;2026-02-16;362;10;11;2;50;0%;100;Cartão de Crédito
3019;2026-02-09;1859;41;4;1;45;0%;45;Boleto
3020;2026-02-26;1343;19;7;1;490;0%;490;Pix
3021;2025-11-05;888;22;6;1;850;0%;850;Cartão de Crédito
3022;2026-03-18;879;9;14;1;150;0%;150;Pix
3023;2026-05-13;2149;19;4;1;490;0%;490;Cartão de Crédito
3024;2026-01-11;1746;33;15;1;1200;0%;1200;Cartão de Crédito
3025;2026-02-21;188;35;1;1;250;0%;250;Pix
3026;2026-07-26;1089;8;5;1;110;10%;99;Pix
3027;2026-09-03;447;33;10;1;1200;0%;1200;Cartão de Crédito
3028;2025-10-26;145;6;12;1;220;0%;220;Pix
3029;2025-12-11;1871;31;13;1;120;10%;108;Cartão de Crédito
3030;2026-07-24;2168;30;4;1;160;0%;160;Pix
3031;2026-09-03;2424;15;17;1;750;0%;750;Cartão de Débito
3032;2026-05-12;2300;38;2;1;390;0%;390;Cartão de Débito
3033;2026-07-18;540;15;16;2;750;0%;1500;Cartão de Crédito
3034;2025-09-15;1113;4;12;1;1400;0%;1400;Cartão de Crédito
3035;2025-11-17;963;21;17;2;1600;0%;3200;Boleto
3036;2026-06-08;2285;42;12;1;35;0%;35;Cartão de Crédito
3037;2026-04-05;667;23;5;1;400;0%;400;Cartão de Crédito
3038;2026-02-28;2284;8;14;1;110;0%;110;Cartão de Crédito
3039;2026-04-13;240;24;11;1;380;0%;380;Cartão de Crédito
3040;2026-07-07;2075;3;14;1;250;0%;250;Cartão de Crédito
3041;2026-04-30;2208;22;15;1;850;0%;850;Cartão de Crédito
3042;2026-02-02;1224;21;6;1;1600;5%;1520;Pix
3043;2025-11-21;2019;12;11;1;180;0%;180;Boleto
3044;2026-05-31;1382;44;9;1;55;0%;55;Pix
3045;2026-06-16;1391;21;14;1;1600;0%;1600;Cartão de Crédito
3046;2026-03-17;1300;36;10;1;550;0%;550;Cartão de Crédito
3047;2025-12-12;2057;26;5;1;2200;0%;2200;Pix
3048;2026-02-14;487;14;3;1;350;0%;350;Cartão de Crédito
3049;2026-09-01;1754;20;11;3;190;0%;570;Cartão de Crédito
3050;2025-09-25;558;5;1;2;950;0%;1900;Pix
3051;2025-10-02;176;30;5;1;160;0%;160;Pix
3052;2026-02-16;1526;1;8;1;4500;5%;4275;Pix
3053;2026-07-09;951;7;3;1;320;0%;320;Pix
3054;2026-01-11;538;44;4;5;55;0%;275;Cartão de Crédito
3055;2026-02-25;1300;24;3;1;380;0%;380;Cartão de Crédito
3056;2025-12-27;23;3;11;1;250;0%;250;Cartão de Crédito
3057;2026-03-05;1969;16;2;2;520;0%;1040;Cartão de Crédito
3058;2026-06-06;836;9;14;1;150;0%;150;Cartão de Débito
3059;2026-06-23;747;7;4;1;320;0%;320;Cartão de Débito
3060;2026-02-04;1243;37;10;2;140;0%;280;Cartão de Débito
3061;2026-06-05;2150;2;13;1;80;5%;76;Cartão de Débito
3062;2026-03-28;2403;4;16;1;1400;0%;1400;Cartão de Crédito
3063;2025-11-24;2047;42;8;1;35;0%;35;Pix
3064;2026-04-16;1840;18;15;2;280;0%;560;Pix
3065;2026-02-08;1693;19;5;1;490;0%;490;Boleto
3066;2025-09-15;532;13;12;5;2900;0%;14500;Cartão de Crédito
3067;2026-06-02;687;12;12;2;180;0%;360;Cartão de Crédito
3068;2026-02-06;857;4;3;1;1400;5%;1330;Cartão de Crédito
3069;2026-06-08;895;26;6;3;2200;0%;6600;Cartão de Crédito
3070;2026-09-09;2226;21;4;2;1600;0%;3200;Cartão de Crédito
3071;2025-11-19;780;44;3;1;55;0%;55;Cartão de Crédito
3072;2025-11-15;820;28;5;1;420;0%;420;Cartão de Crédito
3073;2026-08-08;30;1;10;1;4500;0%;4500;Cartão de Crédito
3074;2026-07-28;380;16;2;5;520;0%;2600;Boleto
3075;2026-03-24;34;21;3;1;1600;0%;1600;Cartão de Crédito
3076;2026-06-05;1003;20;14;3;190;0%;570;Pix
3077;2026-01-24;2006;9;6;3;150;0%;450;Cartão de Débito
3078;2025-12-25;2265;26;15;1;2200;0%;2200;Pix
3079;2026-03-07;100;10;18;1;50;0%;50;Cartão de Crédito
3080;2025-12-05;1932;6;13;1;220;0%;220;Cartão de Débito
3081;2026-06-04;357;42;15;1;35;0%;35;Pix
3082;2025-12-11;741;30;12;1;160;0%;160;Cartão de Crédito
3083;2026-05-15;1902;6;11;3;220;0%;660;Cartão de Débito
3084;2026-01-23;1488;41;18;3;45;0%;135;Cartão de Crédito
3085;2026-07-30;1089;17;16;1;650;0%;650;Cartão de Crédito
3086;2025-11-20;1553;10;5;2;50;0%;100;Pix
3087;2026-07-01;134;31;11;1;120;0%;120;Pix
3088;2025-11-23;370;6;17;1;220;0%;220;Boleto
3089;2026-08-20;1858;10;13;1;50;0%;50;Cartão de Crédito
3090;2026-08-14;2269;29;8;2;380;0%;760;Cartão de Crédito
3091;2025-11-03;1608;11;2;2;3800;0%;7600;Cartão de Crédito
3092;2026-06-20;745;5;15;1;950;5%;902,5;Cartão de Crédito
3093;2025-11-12;1921;33;6;1;1200;0%;1200;Cartão de Crédito
3094;2025-10-14;1873;9;7;1;150;5%;142,5;Pix
3095;2025-12-22;1815;26;7;1;2200;0%;2200;Boleto
3096;2026-06-28;2387;20;6;1;190;0%;190;Cartão de Crédito
3097;2025-09-26;1335;7;6;1;320;0%;320;Cartão de Crédito
3098;2025-12-09;636;8;7;4;110;0%;440;Cartão de Débito
3099;2026-04-10;702;35;4;2;250;5%;475;Cartão de Crédito
3100;2026-04-18;1340;5;3;1;950;0%;950;Cartão de Crédito
3101;2026-08-05;1242;18;8;2;280;0%;560;Cartão de Crédito
3102;2026-06-22;2256;3;5;5;250;0%;1250;Cartão de Crédito
3103;2026-01-11;683;43;11;4;65;0%;260;Boleto
3104;2026-08-12;1490;43;8;1;65;0%;65;Cartão de Crédito
3105;2026-07-04;2213;20;7;1;190;0%;190;Cartão de Crédito
3106;2026-02-22;2278;14;10;4;350;0%;1400;Cartão de Crédito
3107;2026-01-26;1712;32;4;2;480;0%;960;Pix
3108;2026-05-20;1897;23;16;1;400;10%;360;Cartão de Crédito
3109;2026-01-02;662;19;13;3;490;0%;1470;Cartão de Débito
3110;2026-02-07;1013;11;1;1;3800;0%;3800;Cartão de Crédito
3111;2026-07-01;1363;21;9;2;1600;5%;3040;Cartão de Crédito
3112;2026-01-19;2366;1;16;1;4500;0%;4500;Cartão de Débito
3113;2026-07-21;478;10;6;2;50;5%;95;Pix
3114;2026-04-28;2473;31;15;1;120;0%;120;Cartão de Crédito
3115;2025-09-13;766;15;6;1;750;0%;750;Cartão de Crédito
3116;2026-04-25;287;28;6;1;420;10%;378;Pix
3117;2025-10-10;1357;8;8;1;110;0%;110;Cartão de Crédito
3118;2026-08-19;2441;21;15;1;1600;0%;1600;Pix
3119;2026-06-08;2039;11;4;1;3800;0%;3800;Cartão de Crédito
3120;2025-12-30;2009;12;11;1;180;0%;180;Cartão de Crédito
3121;2025-11-21;2374;33;18;2;1200;0%;2400;Cartão de Crédito
3122;2026-06-04;996;7;5;2;320;0%;640;Cartão de Crédito
3123;2025-11-27;116;30;4;1;160;5%;152;Cartão de Crédito
3124;2025-11-19;1493;4;13;1;1400;0%;1400;Cartão de Débito
3125;2025-10-09;2245;18;7;2;280;0%;560;Boleto
3126;2025-12-09;155;1;2;2;4500;0%;9000;Pix
3127;2026-01-25;2271;44;16;1;55;0%;55;Cartão de Débito
3128;2026-07-19;1908;34;17;1;890;0%;890;Cartão de Débito
3129;2026-05-27;2073;17;15;1;650;0%;650;Cartão de Crédito
3130;2026-03-09;863;44;12;1;55;0%;55;Pix
3131;2026-08-19;2107;33;12;1;1200;0%;1200;Cartão de Crédito
3132;2025-12-15;970;20;18;1;190;0%;190;Cartão de Crédito
3133;2026-04-01;250;6;2;1;220;0%;220;Pix
3134;2025-12-24;72;10;9;1;50;0%;50;Pix
3135;2026-02-13;968;26;13;2;2200;0%;4400;Cartão de Crédito
3136;2026-08-08;336;14;11;1;350;5%;332,5;Cartão de Crédito
3137;2025-11-07;1886;3;3;1;250;0%;250;Pix
3138;2026-03-08;668;34;7;1;890;0%;890;Cartão de Crédito
3139;2026-07-01;384;23;1;1;400;0%;400;Pix
3140;2025-11-27;2365;22;6;2;850;5%;1615;Pix
3141;2026-07-09;1427;8;1;2;110;0%;220;Boleto
3142;2025-10-29;1241;29;7;1;380;0%;380;Cartão de Crédito
3143;2026-05-14;1136;4;17;1;1400;10%;1260;Boleto
3144;2025-12-19;233;4;7;1;1400;0%;1400;Cartão de Crédito
3145;2025-09-14;2362;18;14;1;280;0%;280;Cartão de Crédito
3146;2026-05-10;339;38;7;2;390;0%;780;Boleto
3147;2026-08-29;2431;8;16;1;110;0%;110;Pix
3148;2025-10-29;2494;26;4;3;2200;5%;6270;Pix
3149;2025-11-25;1630;14;2;1;350;0%;350;Cartão de Crédito
3150;2026-08-02;619;14;5;2;350;0%;700;Pix
3151;2025-11-10;849;16;6;1;520;0%;520;Cartão de Crédito
3152;2025-11-11;1886;15;14;2;750;0%;1500;Boleto
3153;2026-05-08;572;36;2;2;550;0%;1100;Cartão de Crédito
3154;2025-11-09;2482;9;3;1;150;5%;142,5;Pix
3155;2025-11-10;462;4;13;1;1400;0%;1400;Pix
3156;2026-04-06;429;34;5;2;890;5%;1691;Cartão de Crédito
3157;2025-12-13;172;8;4;1;110;0%;110;Boleto
3158;2026-07-25;131;27;15;1;350;0%;350;Cartão de Crédito
3159;2025-11-20;1405;18;17;1;280;0%;280;Cartão de Crédito
3160;2026-04-24;1019;31;7;2;120;0%;240;Pix
3161;2026-07-27;877;24;2;1;380;0%;380;Cartão de Débito
3162;2026-02-09;2343;13;7;1;2900;0%;2900;Cartão de Crédito
3163;2026-04-20;1558;38;11;2;390;0%;780;Cartão de Crédito
3164;2025-12-27;2197;15;1;1;750;0%;750;Cartão de Crédito
3165;2026-08-16;733;1;15;2;4500;0%;9000;Pix
3166;2026-08-11;1235;21;17;1;1600;0%;1600;Pix
3167;2025-11-04;613;11;10;1;3800;5%;3610;Pix
3168;2025-12-11;412;3;3;1;250;0%;250;Cartão de Crédito
3169;2026-02-04;94;2;18;1;80;0%;80;Pix
3170;2026-08-27;1618;28;17;1;420;0%;420;Cartão de Crédito
3171;2025-11-22;1381;28;1;2;420;0%;840;Cartão de Crédito
3172;2026-07-04;1338;38;5;1;390;0%;390;Cartão de Crédito
3173;2025-11-27;2443;14;10;2;350;0%;700;Pix
3174;2026-03-23;528;31;1;1;120;0%;120;Pix
3175;2026-07-11;794;32;12;1;480;5%;456;Cartão de Crédito
3176;2026-03-10;1559;8;3;1;110;0%;110;Pix
3177;2026-08-13;6;35;7;1;250;0%;250;Pix
3178;2026-08-19;2331;10;12;1;50;0%;50;Cartão de Crédito
3179;2025-11-16;2390;19;16;2;490;0%;980;Cartão de Crédito
3180;2025-09-20;399;27;8;1;350;0%;350;Cartão de Crédito
3181;2026-05-02;486;3;5;1;250;5%;237,5;Boleto
3182;2026-01-31;782;39;14;2;290;5%;551;Boleto
3183;2026-03-14;2252;10;11;1;50;0%;50;Cartão de Crédito
3184;2026-06-15;1502;6;13;1;220;0%;220;Cartão de Crédito
3185;2026-02-16;534;20;7;1;190;5%;180,5;Pix
3186;2025-09-25;1063;20;3;2;190;0%;380;Cartão de Crédito
3187;2025-11-30;106;8;5;3;110;0%;330;Pix
3188;2026-05-16;221;12;14;1;180;0%;180;Cartão de Crédito
3189;2025-11-14;1483;2;6;1;80;0%;80;Boleto
3190;2026-05-15;946;35;18;1;250;0%;250;Cartão de Crédito
3191;2026-05-23;1139;22;2;1;850;0%;850;Pix
3192;2025-12-06;2454;18;2;2;280;0%;560;Cartão de Débito
3193;2026-04-26;350;12;14;1;180;0%;180;Pix
3194;2026-04-18;2420;12;1;1;180;0%;180;Cartão de Crédito
3195;2026-04-11;935;38;5;1;390;0%;390;Cartão de Crédito
3196;2025-11-15;1153;36;17;2;550;0%;1100;Cartão de Crédito
3197;2026-08-10;439;30;11;1;160;0%;160;Cartão de Débito
3198;2026-02-22;1070;12;6;1;180;0%;180;Cartão de Crédito
3199;2026-08-28;32;41;8;2;45;0%;90;Cartão de Débito
3200;2026-09-06;1170;16;2;2;520;0%;1040;Cartão de Crédito
3201;2026-01-17;241;2;4;1;80;0%;80;Cartão de Crédito
3202;2025-09-20;1488;32;13;2;480;0%;960;Cartão de Crédito
3203;2026-05-24;2312;21;15;1;1600;0%;1600;Pix
3204;2026-03-19;1734;2;10;1;80;0%;80;Cartão de Crédito
3205;2026-07-27;266;42;12;2;35;0%;70;Pix
3206;2026-04-26;2418;19;12;1;490;0%;490;Pix
3207;2026-03-21;1168;6;14;3;220;0%;660;Cartão de Crédito
3208;2025-12-09;1009;4;9;1;1400;0%;1400;Cartão de Crédito
3209;2026-05-15;436;14;5;1;350;0%;350;Pix
3210;2026-01-18;1892;13;14;3;2900;0%;8700;Cartão de Crédito
3211;2025-09-13;453;19;2;2;490;0%;980;Cartão de Crédito
3212;2026-06-23;244;9;4;1;150;5%;142,5;Boleto
3213;2026-06-02;503;17;2;1;650;0%;650;Cartão de Crédito
3214;2025-12-27;110;18;14;3;280;0%;840;Cartão de Crédito
3215;2026-06-22;942;22;4;2;850;0%;1700;Cartão de Crédito
3216;2026-04-30;1633;41;9;1;45;0%;45;Cartão de Crédito
3217;2025-10-28;2003;29;6;1;380;0%;380;Cartão de Crédito
3218;2026-04-16;2115;24;2;1;380;0%;380;Boleto
3219;2026-06-17;54;3;17;1;250;10%;225;Cartão de Crédito
3220;2025-10-31;1501;24;15;1;380;0%;380;Cartão de Crédito
3221;2025-11-05;607;31;1;2;120;0%;240;Cartão de Crédito
3222;2025-11-06;1404;3;2;1;250;0%;250;Cartão de Crédito
3223;2026-05-07;346;29;7;4;380;0%;1520;Pix
3224;2026-05-30;174;43;14;1;65;0%;65;Cartão de Crédito
3225;2026-05-01;417;35;8;1;250;5%;237,5;Cartão de Crédito
3226;2025-10-09;1893;9;8;3;150;0%;450;Boleto
3227;2026-03-01;327;21;2;2;1600;0%;3200;Boleto
3228;2026-02-06;1480;36;17;2;550;0%;1100;Cartão de Débito
3229;2026-01-31;2016;4;10;5;1400;5%;6650;Cartão de Crédito
3230;2025-12-23;1641;21;6;1;1600;0%;1600;Pix
3231;2025-11-09;806;7;1;3;320;0%;960;Cartão de Débito
3232;2025-09-20;2315;12;14;1;180;0%;180;Pix
3233;2025-12-14;1430;30;18;1;160;0%;160;Boleto
3234;2026-06-09;1456;11;15;1;3800;0%;3800;Pix
3235;2026-04-18;1760;2;9;1;80;0%;80;Cartão de Crédito
3236;2026-05-24;122;24;7;1;380;0%;380;Pix
3237;2025-11-12;2299;10;1;1;50;0%;50;Cartão de Crédito
3238;2026-03-01;815;3;7;3;250;0%;750;Boleto
3239;2026-07-19;1649;9;6;1;150;0%;150;Pix
3240;2026-04-25;1042;36;14;4;550;0%;2200;Cartão de Débito
3241;2026-04-01;1790;1;5;1;4500;5%;4275;Cartão de Crédito
3242;2025-10-22;1447;8;3;1;110;0%;110;Pix
3243;2026-06-07;986;8;5;1;110;0%;110;Cartão de Débito
3244;2026-09-05;1946;10;1;2;50;10%;90;Pix
3245;2025-09-28;236;1;9;1;4500;0%;4500;Pix
3246;2026-04-06;1700;17;14;1;650;0%;650;Cartão de Débito
3247;2025-11-02;1273;37;11;1;140;5%;133;Cartão de Crédito
3248;2026-07-29;2414;1;1;1;4500;5%;4275;Pix
3249;2025-10-16;478;4;2;1;1400;0%;1400;Cartão de Débito
3250;2026-04-28;2411;34;16;2;890;0%;1780;Cartão de Crédito
3251;2026-08-19;1915;1;4;4;4500;5%;17100;Cartão de Crédito
3252;2026-01-19;153;25;1;1;310;10%;279;Cartão de Débito
3253;2026-08-13;1076;6;8;1;220;0%;220;Pix
3254;2026-06-17;2262;6;3;2;220;10%;396;Pix
3255;2026-06-27;1105;18;1;2;280;0%;560;Cartão de Débito
3256;2026-02-20;1022;34;3;1;890;10%;801;Pix
3257;2026-02-21;706;1;2;1;4500;0%;4500;Cartão de Crédito
3258;2026-01-20;2494;8;17;1;110;0%;110;Cartão de Crédito
3259;2025-10-01;2416;3;10;1;250;0%;250;Pix
3260;2026-08-09;2450;15;16;1;750;0%;750;Boleto
3261;2026-04-02;2483;22;17;1;850;10%;765;Boleto
3262;2026-05-22;917;23;3;1;400;0%;400;Pix
3263;2025-12-22;1898;17;15;5;650;5%;3087,5;Cartão de Crédito
3264;2026-08-28;493;20;14;5;190;0%;950;Pix
3265;2026-03-26;2470;1;18;1;4500;5%;4275;Cartão de Crédito
3266;2026-02-08;419;9;14;2;150;0%;300;Cartão de Débito
3267;2026-03-26;408;21;5;1;1600;0%;1600;Pix
3268;2025-12-31;1987;24;10;3;380;0%;1140;Boleto
3269;2025-10-07;1987;18;16;1;280;10%;252;Pix
3270;2026-07-01;1091;23;8;2;400;5%;760;Cartão de Débito
3271;2026-01-09;714;5;11;1;950;0%;950;Pix
3272;2026-04-23;750;1;7;1;4500;0%;4500;Cartão de Débito
3273;2026-08-30;2112;13;10;2;2900;0%;5800;Cartão de Crédito
3274;2026-07-07;2329;4;4;1;1400;5%;1330;Cartão de Débito
3275;2026-07-21;1828;2;1;1;80;0%;80;Cartão de Crédito
3276;2025-10-16;1082;10;6;1;50;0%;50;Pix
3277;2026-04-20;572;22;1;2;850;0%;1700;Boleto
3278;2025-12-30;1914;6;2;4;220;0%;880;Pix
3279;2026-06-02;1888;14;18;1;350;0%;350;Pix
3280;2025-12-08;433;18;3;1;280;10%;252;Cartão de Crédito
3281;2026-04-10;225;2;6;2;80;0%;160;Pix
3282;2026-08-16;113;1;9;1;4500;0%;4500;Pix
3283;2025-10-30;2236;6;3;2;220;0%;440;Cartão de Crédito
3284;2026-01-10;1513;13;17;1;2900;0%;2900;Cartão de Débito
3285;2026-07-13;2067;1;15;3;4500;5%;12825;Cartão de Crédito
3286;2025-11-26;459;9;3;4;150;0%;600;Cartão de Crédito
3287;2026-04-27;92;26;18;1;2200;5%;2090;Pix
3288;2026-05-27;2408;28;10;2;420;0%;840;Cartão de Crédito
3289;2026-08-16;2082;11;1;1;3800;0%;3800;Cartão de Crédito
3290;2025-10-18;2239;4;13;1;1400;5%;1330;Cartão de Crédito
3291;2026-01-23;1246;20;18;1;190;0%;190;Cartão de Crédito
3292;2025-11-21;659;2;4;1;80;0%;80;Cartão de Crédito
3293;2026-05-01;1459;25;17;1;310;0%;310;Cartão de Crédito
3294;2026-06-01;955;33;15;1;1200;0%;1200;Pix
3295;2026-05-29;1532;14;15;2;350;0%;700;Cartão de Crédito
3296;2025-09-17;2209;2;6;1;80;0%;80;Cartão de Crédito
3297;2025-10-13;106;33;9;1;1200;0%;1200;Cartão de Débito
3298;2026-06-15;192;41;14;4;45;5%;171;Cartão de Crédito
3299;2026-05-12;1312;19;16;1;490;0%;490;Boleto
3300;2026-08-19;384;17;6;5;650;0%;3250;Cartão de Crédito
3301;2025-12-17;1558;17;3;1;650;0%;650;Boleto
3302;2026-02-12;2440;38;13;1;390;0%;390;Boleto
3303;2025-10-28;345;34;6;1;890;0%;890;Cartão de Crédito
3304;2026-05-31;2047;39;9;1;290;0%;290;Cartão de Crédito
3305;2025-12-05;2458;24;14;1;380;5%;361;Cartão de Crédito
3306;2026-06-25;2068;44;5;1;55;0%;55;Boleto
3307;2026-05-07;1607;7;16;1;320;0%;320;Pix
3308;2026-08-18;205;9;9;1;150;0%;150;Cartão de Crédito
3309;2025-10-04;2412;1;12;2;4500;0%;9000;Cartão de Débito
3310;2026-01-07;483;25;9;1;310;10%;279;Cartão de Débito
3311;2025-10-27;2380;3;14;1;250;0%;250;Pix
3312;2025-11-08;1453;24;14;2;380;0%;760;Cartão de Crédito
3313;2025-10-04;2025;16;18;1;520;0%;520;Cartão de Crédito
3314;2026-08-06;1017;9;6;1;150;0%;150;Cartão de Crédito
3315;2026-05-19;1164;11;18;1;3800;0%;3800;Cartão de Crédito
3316;2026-06-24;919;10;11;2;50;0%;100;Pix
3317;2026-03-24;1451;41;4;1;45;0%;45;Pix
3318;2026-05-05;2380;34;13;4;890;0%;3560;Cartão de Crédito
3319;2025-12-14;1200;21;2;1;1600;0%;1600;Cartão de Crédito
3320;2026-07-18;1728;25;10;1;310;0%;310;Boleto
3321;2026-07-21;1542;2;13;2;80;0%;160;Cartão de Crédito
3322;2026-06-18;1019;41;9;1;45;5%;42,75;Cartão de Crédito
3323;2026-07-22;1759;7;1;1;320;0%;320;Cartão de Crédito
3324;2026-01-26;1856;1;17;1;4500;0%;4500;Cartão de Crédito
3325;2026-02-18;622;26;3;4;2200;0%;8800;Cartão de Crédito
3326;2026-04-27;48;7;5;1;320;0%;320;Boleto
3327;2026-06-26;1385;22;4;1;850;0%;850;Cartão de Débito
3328;2026-03-28;584;17;6;3;650;0%;1950;Cartão de Crédito
3329;2026-03-13;2376;22;8;1;850;0%;850;Cartão de Crédito
3330;2026-07-31;1666;16;9;1;520;5%;494;Pix
3331;2026-06-16;2240;11;5;2;3800;0%;7600;Cartão de Crédito
3332;2025-09-12;2059;2;8;2;80;0%;160;Cartão de Crédito
3333;2026-01-26;2190;42;13;1;35;0%;35;Cartão de Crédito
3334;2026-06-11;2056;34;8;1;890;0%;890;Pix
3335;2026-07-23;169;10;14;2;50;0%;100;Cartão de Crédito
3336;2025-11-21;1059;2;13;2;80;0%;160;Pix
3337;2026-05-15;620;14;17;1;350;0%;350;Cartão de Crédito
3338;2026-04-27;2466;17;3;1;650;5%;617,5;Cartão de Crédito
3339;2026-04-17;91;23;3;2;400;0%;800;Pix
3340;2025-10-27;1229;45;3;1;180;5%;171;Cartão de Crédito
3341;2025-12-30;463;12;8;1;180;0%;180;Cartão de Crédito
3342;2026-03-14;2457;22;6;1;850;0%;850;Boleto
3343;2025-12-25;1669;16;4;2;520;5%;988;Cartão de Crédito
3344;2026-01-09;874;21;16;1;1600;0%;1600;Pix
3345;2026-04-08;2;42;11;3;35;0%;105;Pix
3346;2025-12-16;1019;5;2;1;950;0%;950;Cartão de Crédito
3347;2026-01-20;1316;10;18;1;50;0%;50;Cartão de Crédito
3348;2026-05-31;387;6;13;1;220;0%;220;Cartão de Crédito
3349;2026-03-01;90;36;6;1;550;0%;550;Cartão de Crédito
3350;2026-03-15;1141;16;10;1;520;0%;520;Cartão de Crédito
3351;2026-05-23;593;23;9;5;400;0%;2000;Cartão de Crédito
3352;2025-11-14;399;11;14;1;3800;0%;3800;Boleto
3353;2026-02-21;130;33;7;1;1200;0%;1200;Cartão de Crédito
3354;2026-09-03;1185;5;9;1;950;5%;902,5;Cartão de Crédito
3355;2025-09-26;2324;41;14;1;45;5%;42,75;Pix
3356;2026-04-05;259;7;16;3;320;5%;912;Pix
3357;2026-05-17;268;30;17;2;160;0%;320;Pix
3358;2025-11-15;1060;11;18;1;3800;0%;3800;Cartão de Débito
3359;2026-07-02;2239;17;2;1;650;0%;650;Cartão de Débito
3360;2026-06-18;2217;29;1;1;380;5%;361;Cartão de Crédito
3361;2026-04-05;1892;28;18;1;420;5%;399;Pix
3362;2025-11-25;397;36;9;1;550;0%;550;Pix
3363;2025-10-22;1814;6;9;2;220;0%;440;Pix
3364;2026-04-11;2118;6;4;3;220;0%;660;Boleto
3365;2026-01-05;1338;4;6;1;1400;10%;1260;Cartão de Crédito
3366;2026-04-01;1543;6;9;4;220;0%;880;Pix
3367;2026-06-18;1730;20;18;2;190;0%;380;Boleto
3368;2026-07-25;1020;14;13;1;350;0%;350;Pix
3369;2026-09-03;2251;11;15;1;3800;0%;3800;Cartão de Crédito
3370;2026-02-18;2076;24;13;1;380;0%;380;Boleto
3371;2026-06-29;1280;1;3;2;4500;0%;9000;Cartão de Crédito
3372;2026-02-26;1394;45;9;2;180;0%;360;Pix
3373;2026-02-19;202;14;4;1;350;5%;332,5;Cartão de Crédito
3374;2025-11-14;553;15;6;1;750;0%;750;Cartão de Crédito
3375;2025-10-11;1957;3;12;3;250;0%;750;Pix
3376;2026-01-16;1563;23;2;1;400;0%;400;Cartão de Crédito
3377;2026-03-10;465;39;3;1;290;0%;290;Pix
3378;2026-05-12;322;20;14;1;190;0%;190;Cartão de Débito
3379;2026-08-27;254;27;8;2;350;0%;700;Pix
3380;2026-07-14;2203;39;18;1;290;0%;290;Cartão de Crédito
3381;2026-04-02;849;8;14;1;110;0%;110;Boleto
3382;2026-02-19;1019;34;14;1;890;5%;845,5;Cartão de Crédito
3383;2026-09-10;516;3;4;1;250;5%;237,5;Cartão de Crédito
3384;2026-06-02;2373;10;9;1;50;0%;50;Cartão de Crédito
3385;2026-02-26;1526;30;2;1;160;5%;152;Cartão de Crédito
3386;2026-03-25;1989;35;1;1;250;0%;250;Boleto
3387;2025-10-07;102;24;10;1;380;0%;380;Pix
3388;2025-11-20;1224;3;17;2;250;0%;500;Pix
3389;2026-07-06;1025;7;6;2;320;5%;608;Cartão de Crédito
3390;2025-10-06;1202;28;13;1;420;0%;420;Pix
3391;2026-03-23;1123;11;18;1;3800;0%;3800;Pix
3392;2026-07-23;1782;14;14;1;350;0%;350;Cartão de Crédito
3393;2026-05-24;1682;33;2;4;1200;0%;4800;Cartão de Crédito
3394;2026-02-26;1786;18;9;3;280;0%;840;Pix
3395;2025-12-03;59;16;10;1;520;10%;468;Pix
3396;2026-02-20;1736;4;12;1;1400;0%;1400;Pix
3397;2026-05-20;1815;1;11;1;4500;5%;4275;Cartão de Crédito
3398;2026-06-14;120;8;15;1;110;0%;110;Cartão de Crédito
3399;2026-02-16;1307;35;8;3;250;0%;750;Cartão de Crédito
3400;2025-12-19;2075;8;1;1;110;0%;110;Cartão de Débito
3401;2026-04-17;536;6;8;1;220;0%;220;Cartão de Crédito
3402;2026-03-20;1058;5;13;1;950;0%;950;Pix
3403;2026-03-26;536;14;6;1;350;0%;350;Boleto
3404;2026-04-14;1379;4;10;1;1400;0%;1400;Pix
3405;2025-10-09;445;14;13;1;350;0%;350;Cartão de Crédito
3406;2026-08-01;1369;10;12;1;50;5%;47,5;Pix
3407;2026-01-07;220;13;1;1;2900;0%;2900;Cartão de Crédito
3408;2026-09-02;1743;45;6;3;180;0%;540;Cartão de Crédito
3409;2025-12-16;486;23;6;1;400;0%;400;Boleto
3410;2025-11-28;1205;15;6;2;750;0%;1500;Pix
3411;2026-05-01;1754;16;16;1;520;0%;520;Pix
3412;2026-09-02;1942;21;10;1;1600;0%;1600;Pix
3413;2026-04-05;551;24;11;1;380;0%;380;Cartão de Crédito
3414;2026-07-22;276;19;13;1;490;0%;490;Cartão de Débito
3415;2025-09-26;425;13;3;1;2900;0%;2900;Cartão de Crédito
3416;2025-12-11;1151;8;4;2;110;0%;220;Pix
3417;2025-10-29;1526;35;17;1;250;0%;250;Cartão de Crédito
3418;2026-01-18;2185;34;17;3;890;0%;2670;Cartão de Crédito
3419;2026-08-05;1591;9;2;1;150;10%;135;Pix
3420;2025-09-15;2199;36;1;1;550;0%;550;Cartão de Crédito
3421;2025-11-06;1944;33;17;3;1200;5%;3420;Pix
3422;2026-04-02;1971;6;16;2;220;0%;440;Cartão de Débito
3423;2026-06-25;524;30;7;1;160;0%;160;Cartão de Crédito
3424;2025-10-22;709;5;12;2;950;0%;1900;Cartão de Crédito
3425;2026-04-27;56;9;9;3;150;0%;450;Cartão de Crédito
3426;2026-04-28;553;26;14;3;2200;0%;6600;Cartão de Crédito
3427;2026-01-24;673;4;14;1;1400;0%;1400;Cartão de Crédito
3428;2025-10-20;604;30;4;4;160;0%;640;Cartão de Crédito
3429;2025-12-05;220;4;7;2;1400;0%;2800;Cartão de Crédito
3430;2026-06-09;1030;30;8;1;160;0%;160;Cartão de Crédito
3431;2026-05-15;1402;28;8;1;420;0%;420;Cartão de Crédito
3432;2026-04-20;1417;41;13;3;45;10%;121,5;Boleto
3433;2026-06-11;197;7;15;1;320;0%;320;Cartão de Crédito
3434;2026-06-22;1436;30;6;4;160;0%;640;Cartão de Crédito
3435;2026-03-19;1085;32;17;3;480;0%;1440;Boleto
3436;2025-12-10;1269;3;5;1;250;0%;250;Pix
3437;2025-11-14;2284;10;8;1;50;10%;45;Pix
3438;2026-05-27;1329;7;9;2;320;0%;640;Cartão de Crédito
3439;2026-03-16;1100;7;2;1;320;0%;320;Pix
3440;2025-09-28;1759;31;9;1;120;0%;120;Cartão de Crédito
3441;2026-02-15;1505;16;10;1;520;0%;520;Cartão de Débito
3442;2026-08-11;1914;16;11;2;520;0%;1040;Pix
3443;2025-11-25;807;6;3;2;220;0%;440;Boleto
3444;2025-11-08;574;30;7;2;160;5%;304;Cartão de Débito
3445;2025-11-29;1833;19;10;1;490;0%;490;Pix
3446;2026-06-14;2013;1;3;5;4500;0%;22500;Cartão de Crédito
3447;2026-04-30;1796;7;13;1;320;0%;320;Cartão de Crédito
3448;2025-12-26;995;25;10;2;310;0%;620;Cartão de Crédito
3449;2026-08-08;682;28;16;1;420;5%;399;Boleto
3450;2025-12-07;126;20;7;4;190;5%;722;Boleto
3451;2026-06-23;2208;1;13;3;4500;10%;12150;Cartão de Crédito
3452;2026-08-28;696;4;3;2;1400;0%;2800;Cartão de Crédito
3453;2026-05-13;1449;4;1;1;1400;5%;1330;Cartão de Crédito
3454;2026-08-13;2224;6;2;1;220;0%;220;Cartão de Crédito
3455;2025-10-16;2486;16;13;1;520;0%;520;Cartão de Crédito
3456;2026-01-16;171;8;9;1;110;10%;99;Cartão de Crédito
3457;2026-02-27;797;8;2;1;110;0%;110;Cartão de Crédito
3458;2026-03-28;2494;15;8;1;750;0%;750;Cartão de Crédito
3459;2026-02-25;2234;45;17;2;180;0%;360;Pix
3460;2025-11-25;1093;32;8;4;480;0%;1920;Pix
3461;2026-02-28;941;17;10;1;650;0%;650;Cartão de Crédito
3462;2025-09-18;147;4;4;1;1400;0%;1400;Cartão de Crédito
3463;2026-06-02;284;5;13;1;950;0%;950;Pix
3464;2026-04-25;1943;3;17;5;250;0%;1250;Boleto
3465;2026-02-05;2107;35;3;1;250;0%;250;Cartão de Crédito
3466;2026-04-17;1415;9;6;1;150;0%;150;Boleto
3467;2026-02-01;1041;24;9;2;380;0%;760;Cartão de Crédito
3468;2026-08-21;1473;15;9;1;750;0%;750;Cartão de Crédito
3469;2026-01-24;1752;35;2;1;250;0%;250;Cartão de Crédito
3470;2026-06-11;862;11;18;1;3800;0%;3800;Cartão de Débito
3471;2026-03-16;271;15;16;1;750;0%;750;Cartão de Crédito
3472;2026-07-17;891;38;15;1;390;0%;390;Cartão de Crédito
3473;2026-09-07;2263;24;4;1;380;0%;380;Boleto
3474;2025-09-19;1313;39;8;1;290;0%;290;Pix
3475;2026-08-07;2441;4;4;1;1400;10%;1260;Cartão de Crédito
3476;2025-11-26;2199;31;15;1;120;0%;120;Boleto
3477;2026-05-27;2100;12;9;1;180;5%;171;Cartão de Crédito
3478;2026-06-14;1582;7;14;2;320;5%;608;Cartão de Crédito
3479;2026-07-09;2162;36;17;1;550;0%;550;Pix
3480;2025-11-30;2453;27;2;2;350;5%;665;Cartão de Crédito
3481;2026-02-15;1289;2;16;1;80;0%;80;Cartão de Crédito
3482;2026-07-05;545;6;16;1;220;0%;220;Cartão de Crédito
3483;2025-11-04;1124;20;15;2;190;0%;380;Boleto
3484;2026-08-26;564;43;9;1;65;0%;65;Cartão de Crédito
3485;2026-03-23;953;28;2;2;420;0%;840;Boleto
3486;2025-10-27;2451;9;18;1;150;0%;150;Cartão de Crédito
3487;2026-03-26;1035;38;6;1;390;0%;390;Cartão de Crédito
3488;2026-01-27;542;37;7;1;140;10%;126;Pix
3489;2026-06-24;928;30;15;4;160;10%;576;Pix
3490;2025-12-04;2136;13;8;1;2900;0%;2900;Cartão de Crédito
3491;2026-01-11;2327;20;4;1;190;5%;180,5;Cartão de Crédito
3492;2025-11-28;462;26;18;2;2200;10%;3960;Cartão de Débito
3493;2026-05-25;124;17;13;2;650;0%;1300;Pix
3494;2025-12-01;2321;36;7;2;550;0%;1100;Cartão de Crédito
3495;2025-12-09;2118;11;17;1;3800;0%;3800;Cartão de Crédito
3496;2025-10-07;2368;33;18;1;1200;0%;1200;Cartão de Crédito
3497;2025-12-29;688;12;5;4;180;0%;720;Cartão de Crédito
3498;2025-11-13;184;3;4;1;250;0%;250;Pix
3499;2025-09-19;759;12;8;1;180;5%;171;Cartão de Crédito
3500;2025-12-10;9;17;1;3;650;0%;1950;Pix
3501;2025-10-14;2139;3;13;1;250;0%;250;Cartão de Crédito
3502;2026-05-06;1778;38;13;2;390;0%;780;Pix
3503;2025-11-09;186;43;1;1;65;5%;61,75;Boleto
3504;2026-05-30;2445;29;18;1;380;0%;380;Cartão de Crédito
3505;2026-08-24;1970;1;13;3;4500;10%;12150;Cartão de Crédito
3506;2025-11-13;46;9;18;2;150;0%;300;Cartão de Crédito
3507;2025-10-24;1211;11;7;1;3800;0%;3800;Cartão de Crédito
3508;2026-03-21;1572;3;3;1;250;0%;250;Boleto
3509;2026-02-06;253;8;8;3;110;0%;330;Pix
3510;2026-06-22;1186;13;11;1;2900;0%;2900;Cartão de Crédito
3511;2026-08-10;1000;5;3;1;950;0%;950;Cartão de Crédito
3512;2026-07-10;2091;11;2;1;3800;0%;3800;Cartão de Crédito
3513;2026-05-17;1132;1;14;3;4500;0%;13500;Cartão de Crédito
3514;2026-06-20;567;20;7;2;190;0%;380;Boleto
3515;2026-02-20;1268;32;14;1;480;0%;480;Cartão de Débito
3516;2026-07-10;1296;42;4;2;35;0%;70;Cartão de Crédito
3517;2025-09-29;15;35;7;2;250;10%;450;Cartão de Crédito
3518;2025-09-20;1873;7;13;2;320;0%;640;Cartão de Crédito
3519;2025-12-14;15;39;12;1;290;0%;290;Pix
3520;2026-02-01;1350;4;13;1;1400;0%;1400;Pix
3521;2026-04-24;306;30;11;1;160;10%;144;Cartão de Crédito
3522;2025-09-22;189;15;14;1;750;0%;750;Cartão de Crédito
3523;2026-04-21;1598;18;14;1;280;10%;252;Cartão de Crédito
3524;2026-01-27;377;42;3;1;35;0%;35;Pix
3525;2025-09-18;1610;43;12;1;65;0%;65;Boleto
3526;2026-02-12;355;27;3;2;350;0%;700;Cartão de Crédito
3527;2026-09-07;921;9;10;2;150;0%;300;Cartão de Crédito
3528;2025-09-12;1831;4;18;2;1400;5%;2660;Pix
3529;2026-02-24;412;18;13;1;280;0%;280;Cartão de Crédito
3530;2026-07-23;2423;2;9;1;80;10%;72;Cartão de Crédito
3531;2026-07-25;1923;12;2;2;180;0%;360;Cartão de Crédito
3532;2026-06-06;62;27;12;2;350;0%;700;Cartão de Crédito
3533;2026-06-26;798;9;14;2;150;0%;300;Cartão de Crédito
3534;2026-04-14;2246;15;7;1;750;0%;750;Cartão de Crédito
3535;2026-02-09;2270;2;5;1;80;0%;80;Pix
3536;2026-03-24;2189;25;13;1;310;0%;310;Cartão de Crédito
3537;2025-12-02;1591;22;15;1;850;0%;850;Cartão de Crédito
3538;2025-09-19;2163;5;8;1;950;0%;950;Boleto
3539;2026-06-15;1776;5;18;1;950;0%;950;Boleto
3540;2026-06-23;2131;21;4;3;1600;5%;4560;Cartão de Crédito
3541;2026-05-11;2168;3;16;1;250;0%;250;Cartão de Crédito
3542;2026-07-23;298;16;12;1;520;0%;520;Boleto
3543;2025-09-27;1520;11;14;1;3800;0%;3800;Cartão de Crédito
3544;2025-12-13;1487;31;15;2;120;5%;228;Boleto
3545;2025-10-21;2333;20;15;1;190;0%;190;Cartão de Crédito
3546;2026-03-24;96;10;8;1;50;5%;47,5;Cartão de Crédito
3547;2025-11-15;92;14;3;1;350;0%;350;Cartão de Débito
3548;2025-11-18;1768;22;12;1;850;0%;850;Cartão de Crédito
3549;2026-05-02;2139;31;18;1;120;0%;120;Cartão de Crédito
3550;2025-12-16;1558;28;1;1;420;0%;420;Pix
3551;2026-02-13;323;36;18;1;550;0%;550;Boleto
3552;2025-09-14;2342;23;12;2;400;0%;800;Boleto
3553;2025-11-22;299;1;15;3;4500;0%;13500;Cartão de Débito
3554;2026-03-15;1375;35;17;1;250;0%;250;Cartão de Crédito
3555;2026-02-19;483;5;15;1;950;0%;950;Cartão de Crédito
3556;2026-05-19;1872;44;10;2;55;0%;110;Pix
3557;2026-09-08;370;18;5;1;280;0%;280;Cartão de Crédito
3558;2026-05-19;1216;3;13;1;250;0%;250;Pix
3559;2026-07-17;758;36;3;1;550;5%;522,5;Cartão de Débito
3560;2025-10-31;2220;9;18;3;150;0%;450;Cartão de Crédito
3561;2025-11-25;1149;36;3;2;550;5%;1045;Cartão de Crédito
3562;2026-07-20;2426;3;13;2;250;0%;500;Pix
3563;2025-11-21;1785;45;9;1;180;0%;180;Boleto
3564;2025-12-11;667;32;5;1;480;5%;456;Boleto
3565;2026-07-17;1956;41;11;1;45;0%;45;Cartão de Crédito
3566;2026-06-01;2407;32;3;1;480;0%;480;Boleto
3567;2026-04-30;219;7;9;2;320;5%;608;Cartão de Crédito
3568;2026-03-18;1092;10;5;3;50;0%;150;Cartão de Crédito
3569;2025-11-04;2268;12;12;1;180;0%;180;Cartão de Crédito
3570;2026-08-26;1203;16;12;1;520;0%;520;Pix
3571;2026-05-18;186;22;11;3;850;0%;2550;Pix
3572;2026-04-22;2072;25;5;1;310;0%;310;Boleto
3573;2025-09-13;2368;8;5;2;110;0%;220;Cartão de Crédito
3574;2025-11-15;1504;2;16;1;80;0%;80;Pix
3575;2025-09-12;2354;1;1;2;4500;0%;9000;Pix
3576;2025-10-07;260;23;13;1;400;0%;400;Cartão de Crédito
3577;2026-01-02;1402;23;14;1;400;0%;400;Cartão de Crédito
3578;2026-01-30;217;8;15;1;110;0%;110;Cartão de Crédito
3579;2025-12-08;866;14;5;2;350;0%;700;Pix
3580;2026-02-01;1926;2;6;1;80;5%;76;Cartão de Crédito
3581;2026-05-27;668;1;18;1;4500;0%;4500;Pix
3582;2026-07-21;1344;36;9;5;550;0%;2750;Cartão de Crédito
3583;2025-09-14;240;5;3;1;950;0%;950;Cartão de Crédito
3584;2026-05-18;2131;8;17;1;110;0%;110;Cartão de Débito
3585;2025-12-14;660;44;9;1;55;0%;55;Cartão de Crédito
3586;2026-05-01;985;6;3;1;220;0%;220;Cartão de Débito
3587;2025-11-20;1720;2;3;5;80;0%;400;Cartão de Crédito
3588;2026-03-30;2222;12;12;1;180;0%;180;Cartão de Crédito
3589;2025-09-15;1973;11;3;1;3800;0%;3800;Cartão de Crédito
3590;2025-10-12;1440;11;18;5;3800;5%;18050;Boleto
3591;2026-08-06;242;30;3;4;160;0%;640;Boleto
3592;2025-11-10;2353;15;12;1;750;10%;675;Pix
3593;2025-09-12;730;29;15;4;380;5%;1444;Pix
3594;2025-11-06;353;18;11;2;280;5%;532;Boleto
3595;2025-12-16;1751;24;3;2;380;0%;760;Cartão de Crédito
3596;2025-10-04;1486;20;8;3;190;0%;570;Cartão de Crédito
3597;2026-04-25;219;32;5;2;480;5%;912;Pix
3598;2025-12-23;180;10;2;1;50;0%;50;Boleto
3599;2026-05-06;291;22;14;1;850;0%;850;Pix
3600;2026-07-12;1286;1;1;3;4500;0%;13500;Cartão de Crédito
3601;2025-09-14;1982;14;9;1;350;0%;350;Pix
3602;2026-09-05;355;1;17;1;4500;0%;4500;Pix
3603;2026-07-02;1280;14;18;2;350;0%;700;Pix
3604;2026-09-11;1341;7;10;1;320;0%;320;Pix
3605;2026-01-06;577;22;17;2;850;10%;1530;Cartão de Crédito
3606;2026-05-09;1693;18;18;4;280;0%;1120;Cartão de Crédito
3607;2026-07-02;874;29;14;1;380;0%;380;Cartão de Crédito
3608;2026-03-07;539;3;9;1;250;10%;225;Boleto
3609;2026-02-01;1935;34;4;1;890;5%;845,5;Cartão de Crédito
3610;2026-04-11;361;14;17;2;350;0%;700;Cartão de Crédito
3611;2025-11-23;1943;14;7;1;350;0%;350;Boleto
3612;2026-02-18;2206;13;3;1;2900;5%;2755;Cartão de Crédito
3613;2025-12-30;290;41;2;1;45;5%;42,75;Cartão de Crédito
3614;2026-01-22;1362;42;2;1;35;0%;35;Cartão de Crédito
3615;2025-11-29;1441;4;18;1;1400;0%;1400;Pix
3616;2026-08-17;1652;29;8;4;380;0%;1520;Cartão de Crédito
3617;2026-08-28;751;11;3;5;3800;0%;19000;Boleto
3618;2026-05-09;1216;7;7;1;320;5%;304;Cartão de Débito
3619;2026-03-15;1794;34;9;1;890;0%;890;Pix
3620;2026-06-07;992;43;11;3;65;0%;195;Cartão de Crédito
3621;2025-11-28;1724;19;17;1;490;0%;490;Cartão de Crédito
3622;2025-10-12;1662;13;9;1;2900;0%;2900;Boleto
3623;2026-06-18;1784;11;2;1;3800;5%;3610;Pix
3624;2026-04-19;1835;3;7;1;250;0%;250;Cartão de Crédito
3625;2026-07-10;2245;15;8;2;750;0%;1500;Cartão de Crédito
3626;2026-01-18;1228;37;18;2;140;0%;280;Pix
3627;2026-05-27;800;15;18;1;750;5%;712,5;Cartão de Crédito
3628;2026-02-14;725;22;11;3;850;5%;2422,5;Pix
3629;2026-01-06;1568;7;10;1;320;0%;320;Cartão de Crédito
3630;2026-04-07;565;16;18;1;520;10%;468;Cartão de Crédito
3631;2025-10-06;1356;40;11;2;600;5%;1140;Cartão de Crédito
3632;2025-10-09;1825;11;15;1;3800;0%;3800;Cartão de Crédito
3633;2026-01-31;206;15;13;2;750;0%;1500;Cartão de Débito
3634;2026-03-15;1840;16;11;1;520;0%;520;Cartão de Crédito
3635;2026-03-11;328;8;12;1;110;5%;104,5;Cartão de Crédito
3636;2026-04-03;654;21;7;1;1600;0%;1600;Cartão de Crédito
3637;2026-06-28;749;11;1;1;3800;0%;3800;Pix
3638;2026-07-13;140;23;18;1;400;0%;400;Cartão de Crédito
3639;2026-03-01;1330;33;4;2;1200;0%;2400;Cartão de Crédito
3640;2025-10-03;2021;18;10;1;280;0%;280;Cartão de Crédito
3641;2025-09-26;2458;2;4;2;80;0%;160;Boleto
3642;2026-01-09;409;5;3;1;950;10%;855;Boleto
3643;2025-11-02;1896;13;17;2;2900;0%;5800;Cartão de Débito
3644;2026-03-29;389;33;1;1;1200;0%;1200;Cartão de Crédito
3645;2025-11-23;1346;17;10;5;650;0%;3250;Cartão de Crédito
3646;2026-09-07;1824;2;13;1;80;0%;80;Cartão de Crédito
3647;2025-10-09;726;11;6;2;3800;10%;6840;Cartão de Crédito
3648;2026-08-02;98;3;13;1;250;0%;250;Cartão de Débito
3649;2026-07-26;1520;19;8;2;490;0%;980;Boleto
3650;2026-02-20;1098;44;3;3;55;0%;165;Cartão de Débito
3651;2026-08-27;726;8;1;1;110;0%;110;Cartão de Crédito
3652;2025-10-24;554;33;6;2;1200;0%;2400;Pix
3653;2026-04-24;1286;26;12;1;2200;0%;2200;Boleto
3654;2025-10-12;44;25;6;2;310;0%;620;Boleto
3655;2026-04-13;208;12;3;1;180;0%;180;Cartão de Crédito
3656;2026-02-22;455;11;11;3;3800;0%;11400;Boleto
3657;2025-12-30;750;17;12;1;650;0%;650;Cartão de Crédito
3658;2026-08-13;2410;4;9;2;1400;5%;2660;Pix
3659;2026-04-25;1392;25;2;1;310;0%;310;Cartão de Crédito
3660;2026-04-24;1158;13;2;1;2900;0%;2900;Pix
3661;2026-05-22;410;29;15;1;380;0%;380;Pix
3662;2026-09-07;784;11;5;2;3800;5%;7220;Pix
3663;2026-05-07;2437;18;18;2;280;0%;560;Pix
3664;2025-10-07;1450;25;12;1;310;0%;310;Boleto
3665;2026-08-07;115;24;8;2;380;0%;760;Cartão de Débito
3666;2026-08-19;270;30;2;2;160;0%;320;Pix
3667;2025-09-16;1609;18;10;1;280;0%;280;Pix
3668;2026-08-24;886;13;10;1;2900;0%;2900;Boleto
3669;2025-09-18;833;30;4;1;160;0%;160;Cartão de Crédito
3670;2025-09-13;1137;28;12;1;420;0%;420;Boleto
3671;2025-11-15;129;1;7;1;4500;0%;4500;Cartão de Crédito
3672;2026-04-19;187;5;17;2;950;0%;1900;Pix
3673;2026-07-22;1165;12;3;4;180;5%;684;Cartão de Crédito
3674;2025-10-18;2224;23;10;2;400;0%;800;Cartão de Crédito
3675;2026-07-29;385;12;8;1;180;0%;180;Pix
3676;2026-08-12;1380;1;6;5;4500;0%;22500;Pix
3677;2026-06-18;1472;17;12;3;650;0%;1950;Cartão de Crédito
3678;2026-01-14;1532;2;11;1;80;0%;80;Cartão de Crédito
3679;2025-11-26;188;10;12;1;50;0%;50;Cartão de Crédito
3680;2026-03-29;290;36;2;3;550;0%;1650;Cartão de Crédito
3681;2025-10-12;1670;3;16;1;250;0%;250;Cartão de Crédito
3682;2026-06-30;2366;33;1;3;1200;0%;3600;Pix
3683;2026-08-07;79;39;13;3;290;10%;783;Cartão de Crédito
3684;2026-07-01;1756;24;18;1;380;0%;380;Cartão de Crédito
3685;2025-10-12;302;36;18;1;550;5%;522,5;Cartão de Crédito
3686;2026-03-29;1800;20;16;3;190;5%;541,5;Cartão de Crédito
3687;2026-01-24;181;14;8;1;350;0%;350;Pix
3688;2026-05-15;2052;45;9;1;180;0%;180;Cartão de Crédito
3689;2026-09-02;514;18;7;1;280;0%;280;Pix
3690;2026-08-17;794;21;10;1;1600;0%;1600;Cartão de Crédito
3691;2026-02-16;2380;36;12;1;550;0%;550;Cartão de Crédito
3692;2026-01-05;85;11;1;3;3800;0%;11400;Cartão de Débito
3693;2026-04-01;2011;2;15;1;80;5%;76;Boleto
3694;2026-03-24;644;17;11;1;650;5%;617,5;Pix
3695;2026-02-26;33;1;7;1;4500;0%;4500;Boleto
3696;2025-12-03;1426;41;1;3;45;5%;128,25;Pix
3697;2025-10-19;2021;29;7;1;380;0%;380;Pix
3698;2026-03-25;1283;39;9;1;290;0%;290;Cartão de Crédito
3699;2025-11-17;1603;24;6;1;380;0%;380;Boleto
3700;2026-02-05;434;6;15;1;220;0%;220;Pix
3701;2026-06-14;1044;31;6;4;120;5%;456;Cartão de Crédito
3702;2026-07-07;251;19;6;1;490;0%;490;Boleto
3703;2026-08-16;2346;42;5;2;35;0%;70;Cartão de Crédito
3704;2026-01-02;907;8;10;1;110;0%;110;Cartão de Crédito
3705;2026-02-28;391;12;3;1;180;0%;180;Pix
3706;2025-09-19;131;1;2;1;4500;0%;4500;Cartão de Crédito
3707;2026-08-07;1728;4;2;1;1400;0%;1400;Pix
3708;2026-03-13;1001;31;1;1;120;0%;120;Pix
3709;2026-08-04;2216;14;18;2;350;0%;700;Cartão de Crédito
3710;2026-04-11;2091;28;9;1;420;0%;420;Cartão de Crédito
3711;2026-01-14;58;12;5;1;180;0%;180;Pix
3712;2025-11-10;363;30;13;2;160;0%;320;Cartão de Débito
3713;2026-04-01;1819;13;8;1;2900;5%;2755;Pix
3714;2025-11-20;27;6;10;2;220;0%;440;Boleto
3715;2026-08-25;1371;24;15;1;380;0%;380;Boleto
3716;2026-03-02;2305;20;18;1;190;0%;190;Pix
3717;2026-06-17;1848;2;11;2;80;0%;160;Cartão de Crédito
3718;2026-06-28;763;14;3;1;350;0%;350;Cartão de Crédito
3719;2025-12-08;2431;27;14;1;350;0%;350;Pix
3720;2026-02-18;687;39;13;1;290;0%;290;Cartão de Crédito
3721;2025-10-05;946;6;8;2;220;0%;440;Cartão de Crédito
3722;2026-04-14;734;36;1;1;550;0%;550;Cartão de Crédito
3723;2026-09-02;580;38;15;3;390;0%;1170;Cartão de Crédito
3724;2026-03-20;1449;30;17;1;160;0%;160;Cartão de Crédito
3725;2025-12-16;319;5;9;1;950;0%;950;Cartão de Crédito
3726;2026-05-06;1898;5;1;1;950;0%;950;Cartão de Crédito
3727;2026-09-02;2441;31;5;2;120;0%;240;Pix
3728;2025-09-12;1823;2;4;1;80;0%;80;Pix
3729;2025-10-28;1411;21;6;2;1600;0%;3200;Cartão de Crédito
3730;2026-01-05;2256;12;1;2;180;0%;360;Pix
3731;2025-12-13;775;37;14;2;140;5%;266;Pix
3732;2026-09-05;690;8;4;1;110;5%;104,5;Cartão de Crédito
3733;2026-08-09;2491;14;6;1;350;0%;350;Pix
3734;2025-10-16;1445;11;17;1;3800;0%;3800;Cartão de Débito
3735;2025-11-14;2140;33;16;2;1200;0%;2400;Pix
3736;2025-09-14;1500;6;4;1;220;0%;220;Cartão de Crédito
3737;2026-04-22;436;45;4;1;180;0%;180;Cartão de Crédito
3738;2026-05-27;1789;10;7;1;50;0%;50;Cartão de Crédito
3739;2026-06-13;1522;11;11;2;3800;0%;7600;Pix
3740;2026-06-20;2256;32;3;3;480;0%;1440;Cartão de Crédito
3741;2026-07-10;1282;29;15;1;380;5%;361;Cartão de Crédito
3742;2026-08-31;1927;29;6;1;380;0%;380;Cartão de Crédito
3743;2026-09-07;386;21;13;1;1600;10%;1440;Cartão de Crédito
3744;2026-06-23;2117;5;2;1;950;0%;950;Pix
3745;2026-09-09;207;7;11;1;320;0%;320;Pix
3746;2026-01-11;1961;11;18;1;3800;10%;3420;Cartão de Crédito
3747;2026-09-05;2474;15;7;2;750;0%;1500;Pix
3748;2025-10-16;2243;34;13;2;890;5%;1691;Pix
3749;2026-07-20;634;13;17;1;2900;0%;2900;Pix
3750;2026-07-06;1965;2;6;1;80;0%;80;Cartão de Crédito
3751;2026-05-30;1131;27;11;1;350;0%;350;Cartão de Crédito
3752;2026-02-18;219;7;4;1;320;0%;320;Pix
3753;2026-06-02;566;6;6;1;220;0%;220;Cartão de Crédito
3754;2026-05-14;666;15;1;5;750;5%;3562,5;Boleto
3755;2025-10-09;728;25;18;1;310;0%;310;Pix
3756;2025-12-30;1207;32;18;1;480;0%;480;Pix
3757;2025-11-16;937;35;5;1;250;0%;250;Pix
3758;2026-08-17;637;12;2;1;180;0%;180;Cartão de Débito
3759;2026-01-19;364;38;9;1;390;0%;390;Boleto
3760;2026-02-01;1996;16;9;1;520;5%;494;Cartão de Crédito
3761;2026-08-13;866;1;5;1;4500;0%;4500;Pix
3762;2026-06-07;450;20;3;2;190;0%;380;Cartão de Crédito
3763;2026-04-15;1475;16;7;1;520;5%;494;Pix
3764;2026-09-05;42;36;5;1;550;0%;550;Pix
3765;2026-07-30;54;24;5;1;380;0%;380;Cartão de Crédito
3766;2025-09-30;852;5;2;1;950;0%;950;Cartão de Crédito
3767;2026-01-31;612;25;8;1;310;0%;310;Pix
3768;2025-11-18;535;40;15;1;600;5%;570;Cartão de Crédito
3769;2026-05-24;1472;1;5;1;4500;5%;4275;Pix
3770;2026-09-03;423;11;8;1;3800;0%;3800;Cartão de Crédito
3771;2026-03-21;795;16;2;2;520;0%;1040;Cartão de Crédito
3772;2025-11-17;2062;3;3;1;250;5%;237,5;Cartão de Crédito
3773;2026-04-13;1375;11;2;1;3800;0%;3800;Pix
3774;2026-04-08;1039;13;13;1;2900;0%;2900;Cartão de Crédito
3775;2025-12-21;12;19;2;1;490;0%;490;Cartão de Crédito
3776;2026-03-07;2437;2;8;1;80;0%;80;Pix
3777;2026-04-25;1872;35;15;2;250;0%;500;Cartão de Crédito
3778;2026-03-13;1630;5;4;1;950;0%;950;Pix
3779;2026-07-21;2201;1;8;3;4500;0%;13500;Boleto
3780;2025-11-18;291;36;1;2;550;0%;1100;Pix
3781;2026-08-11;664;2;3;1;80;0%;80;Pix
3782;2026-04-12;304;9;16;1;150;0%;150;Cartão de Crédito
3783;2026-02-11;1549;11;2;2;3800;0%;7600;Cartão de Débito
3784;2025-12-02;2385;1;17;3;4500;0%;13500;Cartão de Crédito
3785;2026-01-01;489;9;1;1;150;0%;150;Boleto
3786;2026-01-24;1016;43;18;2;65;0%;130;Cartão de Crédito
3787;2026-01-31;274;45;13;2;180;0%;360;Pix
3788;2026-03-31;665;4;5;3;1400;0%;4200;Boleto
3789;2026-06-29;333;7;7;4;320;0%;1280;Pix
3790;2025-11-11;1720;21;16;1;1600;0%;1600;Cartão de Crédito
3791;2025-09-19;2053;18;2;1;280;0%;280;Cartão de Crédito
3792;2026-03-18;1663;5;18;1;950;0%;950;Cartão de Crédito
3793;2026-03-19;1711;30;13;1;160;0%;160;Cartão de Crédito
3794;2026-05-05;167;10;13;2;50;10%;90;Pix
3795;2026-01-09;1614;9;5;1;150;0%;150;Cartão de Crédito
3796;2025-10-25;2337;6;17;1;220;0%;220;Pix
3797;2026-04-01;1483;24;12;1;380;0%;380;Pix
3798;2025-10-12;1242;19;10;1;490;10%;441;Cartão de Crédito
3799;2026-01-20;1231;8;2;1;110;0%;110;Cartão de Crédito
3800;2026-04-25;1768;38;13;2;390;0%;780;Pix
3801;2025-12-21;1255;17;7;1;650;0%;650;Cartão de Crédito
3802;2026-01-05;2325;13;14;1;2900;0%;2900;Pix
3803;2026-03-07;35;3;10;1;250;5%;237,5;Pix
3804;2026-08-09;2477;2;13;2;80;0%;160;Pix
3805;2025-12-06;1859;3;7;2;250;0%;500;Cartão de Crédito
3806;2025-11-17;692;40;13;2;600;10%;1080;Cartão de Débito
3807;2025-11-19;1778;2;4;1;80;0%;80;Cartão de Crédito
3808;2025-10-27;1211;36;5;2;550;0%;1100;Pix
3809;2026-01-20;887;15;14;3;750;0%;2250;Cartão de Crédito
3810;2026-08-18;563;20;11;1;190;0%;190;Cartão de Crédito
3811;2026-08-13;2273;18;11;5;280;0%;1400;Cartão de Débito
3812;2026-01-26;620;6;4;1;220;5%;209;Cartão de Crédito
3813;2026-08-25;2109;9;17;2;150;0%;300;Pix
3814;2026-08-03;161;28;18;1;420;0%;420;Cartão de Débito
3815;2026-05-22;2434;6;4;2;220;5%;418;Pix
3816;2026-07-27;1670;32;5;2;480;0%;960;Cartão de Crédito
3817;2026-08-05;984;9;10;1;150;0%;150;Pix
3818;2026-09-11;347;3;13;1;250;0%;250;Pix
3819;2026-01-24;904;28;7;1;420;0%;420;Cartão de Crédito
3820;2026-06-25;1388;23;8;1;400;0%;400;Cartão de Débito
3821;2025-11-19;1154;33;15;3;1200;5%;3420;Cartão de Crédito
3822;2025-12-16;1498;27;2;1;350;0%;350;Boleto
3823;2026-03-17;2178;45;8;2;180;0%;360;Boleto
3824;2026-01-05;1006;25;9;2;310;0%;620;Pix
3825;2025-12-24;143;7;8;3;320;0%;960;Cartão de Crédito
3826;2025-10-21;323;16;12;5;520;0%;2600;Cartão de Crédito
3827;2026-08-20;2167;3;16;2;250;0%;500;Cartão de Débito
3828;2026-04-07;115;2;12;2;80;10%;144;Pix
3829;2026-01-26;1515;1;15;1;4500;0%;4500;Boleto
3830;2026-03-30;2309;7;9;1;320;0%;320;Pix
3831;2026-05-25;1356;27;15;2;350;0%;700;Boleto
3832;2026-04-05;2404;19;9;1;490;0%;490;Cartão de Crédito
3833;2026-08-03;1375;16;7;4;520;0%;2080;Cartão de Débito
3834;2026-03-15;983;25;14;1;310;0%;310;Boleto
3835;2026-03-20;2312;9;16;1;150;0%;150;Cartão de Crédito
3836;2026-01-28;1610;13;13;2;2900;0%;5800;Cartão de Crédito
3837;2026-07-13;2060;32;13;2;480;0%;960;Pix
3838;2025-10-14;1765;22;7;1;850;0%;850;Cartão de Crédito
3839;2026-02-02;519;38;3;1;390;0%;390;Pix
3840;2025-12-11;1406;39;10;1;290;0%;290;Cartão de Crédito
3841;2026-03-20;91;2;18;3;80;0%;240;Cartão de Crédito
3842;2026-09-04;33;1;11;2;4500;5%;8550;Cartão de Crédito
3843;2026-07-25;1255;13;17;1;2900;0%;2900;Pix
3844;2025-10-26;1400;16;6;2;520;0%;1040;Pix
3845;2026-04-04;2441;26;5;2;2200;5%;4180;Cartão de Crédito
3846;2026-02-24;1521;10;13;3;50;0%;150;Boleto
3847;2026-04-03;1238;23;15;3;400;0%;1200;Cartão de Crédito
3848;2025-12-14;463;36;8;1;550;0%;550;Boleto
3849;2025-09-18;1857;31;9;1;120;5%;114;Cartão de Crédito
3850;2025-11-20;982;30;12;1;160;0%;160;Pix
3851;2026-07-10;487;5;9;1;950;5%;902,5;Cartão de Crédito
3852;2025-12-13;1577;8;4;3;110;0%;330;Cartão de Crédito
3853;2026-02-05;216;10;9;1;50;0%;50;Pix
3854;2026-08-11;2231;10;7;3;50;0%;150;Pix
3855;2026-01-16;645;13;14;1;2900;0%;2900;Cartão de Crédito
3856;2025-11-10;1233;25;11;1;310;0%;310;Pix
3857;2026-02-17;875;19;2;3;490;0%;1470;Cartão de Crédito
3858;2026-05-01;2321;9;14;2;150;0%;300;Cartão de Débito
3859;2026-01-02;1876;26;8;1;2200;0%;2200;Cartão de Crédito
3860;2025-11-04;75;1;1;2;4500;0%;9000;Cartão de Crédito
3861;2026-06-12;500;5;16;2;950;0%;1900;Pix
3862;2026-06-10;1460;11;6;1;3800;0%;3800;Cartão de Crédito
3863;2025-11-23;493;12;3;1;180;0%;180;Cartão de Crédito
3864;2026-03-19;2249;17;15;5;650;0%;3250;Cartão de Crédito
3865;2025-10-29;2282;1;9;2;4500;0%;9000;Pix
3866;2026-02-21;641;31;7;1;120;0%;120;Cartão de Crédito
3867;2026-03-16;1145;22;6;2;850;5%;1615;Pix
3868;2026-04-21;2071;32;15;2;480;0%;960;Pix
3869;2026-01-22;1094;2;16;1;80;0%;80;Cartão de Crédito
3870;2025-10-06;461;18;16;2;280;10%;504;Cartão de Crédito
3871;2025-12-20;671;7;1;1;320;0%;320;Pix
3872;2026-09-01;2167;31;14;2;120;5%;228;Cartão de Crédito
3873;2026-03-05;605;25;8;1;310;0%;310;Cartão de Crédito
3874;2026-04-27;1896;13;15;1;2900;0%;2900;Boleto
3875;2025-11-18;2365;1;14;1;4500;0%;4500;Boleto
3876;2026-04-04;1327;25;14;4;310;0%;1240;Cartão de Débito
3877;2025-12-17;799;33;15;2;1200;0%;2400;Cartão de Crédito
3878;2025-09-13;457;6;9;1;220;0%;220;Pix
3879;2025-10-13;192;26;12;3;2200;0%;6600;Cartão de Crédito
3880;2025-11-29;1800;12;18;1;180;0%;180;Pix
3881;2025-10-14;101;44;12;1;55;0%;55;Boleto
3882;2026-02-25;2127;4;2;1;1400;0%;1400;Pix
3883;2025-09-30;104;17;5;1;650;0%;650;Pix
3884;2026-05-17;730;3;5;3;250;0%;750;Boleto
3885;2025-10-15;1267;23;6;1;400;0%;400;Pix
3886;2026-02-22;1897;10;7;1;50;0%;50;Pix
3887;2025-11-12;1743;24;1;2;380;0%;760;Cartão de Crédito
3888;2026-07-18;1234;31;8;1;120;0%;120;Cartão de Crédito
3889;2026-07-02;506;2;7;1;80;0%;80;Boleto
3890;2026-04-03;2168;36;3;3;550;5%;1567,5;Boleto
3891;2026-05-23;674;7;2;1;320;0%;320;Cartão de Crédito
3892;2025-12-22;499;7;7;1;320;0%;320;Cartão de Crédito
3893;2026-03-24;1417;15;12;1;750;5%;712,5;Pix
3894;2026-09-10;632;6;17;3;220;0%;660;Pix
3895;2026-03-31;721;23;1;1;400;0%;400;Pix
3896;2026-07-16;764;13;16;3;2900;0%;8700;Pix
3897;2026-01-16;1409;9;5;1;150;0%;150;Cartão de Crédito
3898;2026-03-22;1443;1;7;1;4500;0%;4500;Pix
3899;2026-01-10;608;23;6;2;400;0%;800;Cartão de Crédito
3900;2025-11-28;1814;33;8;1;1200;0%;1200;Cartão de Crédito
3901;2026-09-05;779;42;17;1;35;0%;35;Boleto
3902;2026-07-17;2491;7;6;1;320;0%;320;Pix
3903;2025-09-12;1177;19;12;2;490;0%;980;Pix
3904;2026-05-12;910;11;12;1;3800;5%;3610;Cartão de Crédito
3905;2026-01-05;530;25;8;1;310;10%;279;Cartão de Crédito
3906;2026-04-16;1749;33;3;1;1200;5%;1140;Pix
3907;2026-05-29;1434;10;2;1;50;0%;50;Boleto
3908;2026-05-10;1627;4;3;3;1400;0%;4200;Cartão de Crédito
3909;2025-10-07;2258;24;15;4;380;0%;1520;Cartão de Crédito
3910;2025-10-05;2095;3;6;1;250;5%;237,5;Pix
3911;2026-03-30;2487;14;16;1;350;5%;332,5;Cartão de Crédito
3912;2025-11-12;2072;40;6;1;600;5%;570;Boleto
3913;2025-12-23;1562;5;2;1;950;0%;950;Cartão de Crédito
3914;2025-11-01;58;8;16;2;110;0%;220;Cartão de Crédito
3915;2025-11-14;639;44;13;1;55;0%;55;Cartão de Crédito
3916;2025-11-02;1451;4;18;1;1400;0%;1400;Cartão de Crédito
3917;2026-01-03;2287;31;18;2;120;0%;240;Cartão de Crédito
3918;2026-08-01;750;2;3;1;80;0%;80;Pix
3919;2026-05-22;1781;31;9;1;120;5%;114;Boleto
3920;2026-06-12;1058;20;13;1;190;5%;180,5;Cartão de Crédito
3921;2026-05-14;821;1;11;2;4500;0%;9000;Pix
3922;2026-04-26;1076;30;5;2;160;5%;304;Cartão de Crédito
3923;2025-11-25;860;37;7;1;140;0%;140;Pix
3924;2026-08-31;626;3;5;1;250;0%;250;Pix
3925;2025-12-03;2083;26;1;2;2200;0%;4400;Cartão de Crédito
3926;2026-08-02;435;4;10;1;1400;0%;1400;Cartão de Crédito
3927;2026-01-19;631;14;12;1;350;0%;350;Cartão de Crédito
3928;2026-06-25;2319;19;5;1;490;0%;490;Cartão de Débito
3929;2026-08-18;755;34;6;1;890;0%;890;Boleto
3930;2026-03-12;1659;28;2;1;420;0%;420;Pix
3931;2026-03-24;750;3;11;1;250;0%;250;Cartão de Crédito
3932;2025-12-29;1523;2;2;3;80;0%;240;Pix
3933;2026-03-30;993;7;16;1;320;0%;320;Pix
3934;2026-01-15;274;12;4;3;180;0%;540;Cartão de Crédito
3935;2026-06-11;228;28;9;1;420;0%;420;Cartão de Crédito
3936;2026-04-03;2015;26;9;1;2200;5%;2090;Pix
3937;2025-11-04;968;29;1;1;380;0%;380;Cartão de Crédito
3938;2026-05-18;1292;2;8;1;80;0%;80;Boleto
3939;2026-06-25;1249;12;4;1;180;5%;171;Boleto
3940;2026-08-12;2301;8;11;2;110;0%;220;Cartão de Crédito
3941;2025-11-27;56;9;3;1;150;0%;150;Cartão de Crédito
3942;2026-01-02;1579;6;6;1;220;0%;220;Pix
3943;2026-04-05;235;8;17;1;110;0%;110;Cartão de Crédito
3944;2026-02-05;1636;36;8;1;550;10%;495;Pix
3945;2026-07-01;1940;23;12;3;400;0%;1200;Cartão de Débito
3946;2026-03-28;260;24;11;1;380;0%;380;Cartão de Crédito
3947;2026-01-31;1951;14;2;1;350;0%;350;Cartão de Crédito
3948;2026-03-16;1305;41;9;1;45;0%;45;Cartão de Crédito
3949;2026-06-30;298;31;6;1;120;0%;120;Cartão de Crédito
3950;2026-07-29;276;35;12;1;250;0%;250;Cartão de Crédito
3951;2025-10-26;1754;9;9;1;150;0%;150;Cartão de Crédito
3952;2025-10-18;318;4;11;1;1400;0%;1400;Boleto
3953;2026-02-27;1755;7;9;3;320;0%;960;Cartão de Crédito
3954;2025-09-20;2333;26;3;1;2200;0%;2200;Pix
3955;2026-07-04;1540;39;7;2;290;0%;580;Cartão de Crédito
3956;2026-07-11;1315;34;15;1;890;0%;890;Pix
3957;2026-06-19;2035;9;12;1;150;0%;150;Pix
3958;2025-12-15;247;3;16;1;250;0%;250;Cartão de Crédito
3959;2025-09-12;562;4;1;1;1400;5%;1330;Pix
3960;2026-01-19;692;16;14;3;520;5%;1482;Boleto
3961;2025-12-02;62;39;3;1;290;0%;290;Cartão de Crédito
3962;2026-07-27;2033;20;4;1;190;0%;190;Pix
3963;2025-11-20;368;15;5;1;750;0%;750;Pix
3964;2026-02-16;301;37;7;1;140;0%;140;Cartão de Crédito
3965;2026-07-01;998;15;14;2;750;0%;1500;Cartão de Crédito
3966;2026-07-26;1653;44;15;1;55;0%;55;Cartão de Crédito
3967;2026-06-11;2321;3;15;1;250;0%;250;Cartão de Débito
3968;2026-04-07;149;11;17;3;3800;0%;11400;Cartão de Crédito
3969;2026-05-12;884;18;3;2;280;0%;560;Boleto
3970;2025-12-05;1747;1;16;1;4500;0%;4500;Cartão de Crédito
3971;2026-05-17;948;17;3;1;650;0%;650;Cartão de Crédito
3972;2026-07-17;760;7;5;2;320;0%;640;Cartão de Crédito
3973;2026-04-24;1595;39;1;1;290;0%;290;Pix
3974;2026-05-05;1390;20;17;2;190;0%;380;Cartão de Crédito
3975;2026-06-12;1947;36;18;2;550;0%;1100;Cartão de Crédito
3976;2026-04-15;1444;7;8;1;320;0%;320;Cartão de Crédito
3977;2026-08-04;852;4;10;1;1400;5%;1330;Cartão de Crédito
3978;2025-12-24;473;8;3;1;110;5%;104,5;Pix
3979;2026-07-31;1566;3;11;2;250;5%;475;Cartão de Crédito
3980;2026-02-17;772;20;1;1;190;5%;180,5;Pix
3981;2026-06-01;2369;39;11;3;290;0%;870;Cartão de Crédito
3982;2025-12-14;956;35;4;1;250;0%;250;Boleto
3983;2025-11-25;188;12;6;1;180;0%;180;Cartão de Crédito
3984;2025-11-12;2401;1;3;3;4500;0%;13500;Cartão de Crédito
3985;2026-03-11;97;6;12;1;220;0%;220;Boleto
3986;2026-05-18;1549;9;9;1;150;0%;150;Cartão de Crédito
3987;2026-02-03;2307;18;15;1;280;0%;280;Pix
3988;2026-02-04;1966;29;1;1;380;5%;361;Cartão de Crédito
3989;2026-09-11;205;10;1;1;50;0%;50;Boleto
3990;2025-11-22;1724;16;18;2;520;0%;1040;Cartão de Crédito
3991;2026-05-07;1621;30;10;1;160;0%;160;Cartão de Crédito
3992;2026-02-17;2232;12;14;2;180;0%;360;Cartão de Crédito
3993;2026-05-24;1643;26;10;1;2200;5%;2090;Cartão de Crédito
3994;2026-07-02;1835;17;15;3;650;0%;1950;Boleto
3995;2026-02-17;365;32;14;1;480;0%;480;Cartão de Crédito
3996;2025-12-24;1580;35;12;2;250;5%;475;Pix
3997;2026-04-18;139;11;9;1;3800;10%;3420;Cartão de Crédito
3998;2026-02-28;136;18;1;2;280;0%;560;Cartão de Crédito
3999;2026-04-08;1001;19;12;4;490;5%;1862;Cartão de Crédito
4000;2026-02-20;904;26;16;1;2200;0%;2200;Boleto
4001;2025-12-22;155;1;13;1;4500;0%;4500;Cartão de Crédito
4002;2026-01-29;2315;7;14;4;320;0%;1280;Cartão de Crédito
4003;2026-07-24;764;12;15;1;180;0%;180;Cartão de Crédito
4004;2026-04-25;324;44;4;1;55;0%;55;Pix
4005;2026-08-03;2317;30;12;5;160;10%;720;Cartão de Débito
4006;2025-11-21;2332;25;13;1;310;0%;310;Cartão de Crédito
4007;2026-01-04;1316;17;7;2;650;0%;1300;Pix
4008;2025-10-07;1520;35;15;1;250;0%;250;Cartão de Crédito
4009;2025-09-16;735;14;12;2;350;0%;700;Pix
4010;2026-03-10;452;31;6;1;120;0%;120;Cartão de Crédito
4011;2026-06-09;660;36;15;1;550;0%;550;Boleto
4012;2026-04-11;846;22;14;1;850;5%;807,5;Cartão de Crédito
4013;2026-02-12;962;28;3;1;420;0%;420;Pix
4014;2026-02-19;1188;28;17;1;420;5%;399;Pix
4015;2026-07-26;2293;45;11;1;180;0%;180;Cartão de Crédito
4016;2026-07-22;1612;4;12;1;1400;0%;1400;Cartão de Crédito
4017;2026-02-03;1696;25;14;1;310;0%;310;Cartão de Crédito
4018;2026-01-16;1223;2;11;1;80;0%;80;Pix
4019;2026-01-24;1197;35;8;4;250;5%;950;Cartão de Crédito
4020;2026-02-16;1055;3;3;1;250;0%;250;Cartão de Crédito
4021;2026-02-15;497;8;13;1;110;0%;110;Cartão de Débito
4022;2026-06-30;2472;32;8;2;480;0%;960;Boleto
4023;2026-07-20;994;40;9;1;600;0%;600;Pix
4024;2026-01-31;2369;13;15;2;2900;5%;5510;Cartão de Débito
4025;2026-02-04;928;13;9;1;2900;0%;2900;Boleto
4026;2026-04-09;1081;2;1;1;80;0%;80;Cartão de Crédito
4027;2026-06-08;2300;11;6;2;3800;0%;7600;Pix
4028;2025-11-25;920;5;2;1;950;0%;950;Cartão de Crédito
4029;2026-07-12;1345;45;17;1;180;5%;171;Boleto
4030;2026-04-15;526;11;16;3;3800;0%;11400;Cartão de Crédito
4031;2026-01-01;2358;24;18;2;380;0%;760;Cartão de Crédito
4032;2026-08-06;2140;18;9;1;280;5%;266;Cartão de Crédito
4033;2025-11-02;1021;14;6;3;350;0%;1050;Cartão de Débito
4034;2025-11-04;33;2;15;3;80;0%;240;Cartão de Crédito
4035;2025-11-17;251;22;6;1;850;5%;807,5;Cartão de Crédito
4036;2025-11-09;1961;6;2;1;220;5%;209;Cartão de Débito
4037;2026-05-15;1339;3;10;1;250;0%;250;Pix
4038;2026-06-04;1425;36;7;1;550;10%;495;Pix
4039;2026-02-05;1691;9;12;1;150;0%;150;Cartão de Crédito
4040;2026-03-03;1936;2;5;1;80;0%;80;Cartão de Crédito
4041;2025-11-15;153;21;8;1;1600;0%;1600;Cartão de Crédito
4042;2025-09-17;176;32;10;1;480;0%;480;Cartão de Débito
4043;2026-02-01;2322;23;14;1;400;0%;400;Pix
4044;2026-02-14;1563;40;3;2;600;10%;1080;Cartão de Crédito
4045;2025-11-26;916;15;2;1;750;0%;750;Cartão de Crédito
4046;2025-09-26;580;37;12;2;140;0%;280;Cartão de Crédito
4047;2025-11-05;559;24;4;1;380;0%;380;Boleto
4048;2025-12-25;1891;23;11;2;400;0%;800;Cartão de Crédito
4049;2026-04-01;1460;22;17;3;850;10%;2295;Pix
4050;2026-09-08;2437;2;13;2;80;0%;160;Pix
4051;2025-12-18;1355;29;11;2;380;0%;760;Cartão de Débito
4052;2026-07-30;1931;3;1;5;250;5%;1187,5;Cartão de Crédito
4053;2026-06-23;1763;11;3;2;3800;10%;6840;Cartão de Crédito
4054;2026-07-02;2497;14;7;1;350;0%;350;Pix
4055;2025-10-17;1070;26;12;1;2200;10%;1980;Boleto
4056;2026-06-21;1223;12;7;2;180;0%;360;Pix
4057;2026-01-22;1341;40;13;1;600;0%;600;Boleto
4058;2026-03-29;907;32;3;1;480;0%;480;Cartão de Crédito
4059;2025-10-19;913;9;18;2;150;0%;300;Pix
4060;2026-06-20;1520;39;2;1;290;0%;290;Pix
4061;2025-12-25;1215;21;6;1;1600;0%;1600;Cartão de Crédito
4062;2025-12-18;1669;14;6;1;350;0%;350;Pix
4063;2026-08-21;556;2;2;2;80;0%;160;Cartão de Crédito
4064;2026-01-17;799;7;10;1;320;0%;320;Cartão de Débito
4065;2026-05-04;1200;3;6;2;250;0%;500;Pix
4066;2026-01-25;1666;30;7;1;160;5%;152;Pix
4067;2026-08-13;442;29;1;1;380;10%;342;Pix
4068;2026-02-13;951;11;15;2;3800;0%;7600;Pix
4069;2026-09-12;2374;22;14;3;850;0%;2550;Cartão de Crédito
4070;2026-05-28;1624;18;18;1;280;0%;280;Pix
4071;2025-09-26;134;30;18;1;160;5%;152;Cartão de Crédito
4072;2026-08-11;1286;23;5;1;400;10%;360;Pix
4073;2026-06-30;1150;1;13;1;4500;0%;4500;Cartão de Crédito
4074;2026-07-07;206;33;5;2;1200;0%;2400;Cartão de Crédito
4075;2026-08-12;368;37;16;1;140;0%;140;Pix
4076;2026-04-24;1172;22;3;1;850;0%;850;Cartão de Crédito
4077;2026-05-08;1080;20;7;1;190;0%;190;Cartão de Crédito
4078;2025-10-01;1238;14;7;1;350;0%;350;Boleto
4079;2026-02-22;240;8;5;1;110;0%;110;Pix
4080;2026-01-06;2198;27;12;1;350;0%;350;Pix
4081;2025-10-06;670;37;6;3;140;10%;378;Pix
4082;2026-06-25;2497;7;9;3;320;0%;960;Cartão de Crédito
4083;2026-04-16;1601;39;11;2;290;0%;580;Pix
4084;2025-12-13;1837;39;11;2;290;0%;580;Cartão de Débito
4085;2025-12-02;815;11;7;1;3800;0%;3800;Cartão de Crédito
4086;2025-11-19;2132;27;5;1;350;0%;350;Pix
4087;2026-07-28;958;18;1;1;280;0%;280;Cartão de Crédito
4088;2025-11-20;67;4;5;1;1400;0%;1400;Pix
4089;2026-02-28;1644;41;4;1;45;0%;45;Cartão de Débito
4090;2025-12-31;838;20;1;1;190;0%;190;Boleto
4091;2026-01-07;90;8;8;1;110;5%;104,5;Cartão de Crédito
4092;2025-12-22;1039;13;14;1;2900;0%;2900;Cartão de Crédito
4093;2026-05-09;1807;2;3;1;80;0%;80;Pix
4094;2026-09-01;504;14;14;1;350;0%;350;Cartão de Crédito
4095;2026-05-03;1496;16;1;1;520;0%;520;Cartão de Débito
4096;2026-04-24;1749;21;5;1;1600;0%;1600;Pix
4097;2026-05-14;2498;7;12;3;320;0%;960;Pix
4098;2026-02-20;1021;1;2;1;4500;0%;4500;Cartão de Crédito
4099;2025-12-09;1139;6;12;1;220;0%;220;Cartão de Crédito
4100;2025-12-28;230;43;3;1;65;0%;65;Cartão de Débito
4101;2025-12-09;946;30;18;1;160;0%;160;Cartão de Crédito
4102;2026-01-22;1998;36;6;3;550;0%;1650;Cartão de Crédito
4103;2026-01-10;119;37;7;1;140;0%;140;Pix
4104;2026-01-28;540;29;2;2;380;0%;760;Cartão de Crédito
4105;2025-11-16;2213;21;10;4;1600;0%;6400;Cartão de Crédito
4106;2026-05-04;279;8;1;2;110;0%;220;Pix
4107;2025-10-28;1861;24;6;1;380;0%;380;Pix
4108;2025-12-04;543;21;10;1;1600;0%;1600;Pix
4109;2025-10-08;1530;8;2;2;110;0%;220;Pix
4110;2026-04-24;1695;25;9;2;310;0%;620;Cartão de Crédito
4111;2026-08-16;2239;8;15;1;110;0%;110;Pix
4112;2025-11-03;1951;40;16;1;600;5%;570;Boleto
4113;2026-02-23;1067;13;14;3;2900;5%;8265;Cartão de Crédito
4114;2025-11-05;2461;29;6;1;380;0%;380;Cartão de Débito
4115;2026-01-25;205;28;13;2;420;0%;840;Pix
4116;2026-03-15;2219;33;8;1;1200;0%;1200;Pix
4117;2026-06-13;1806;2;5;1;80;0%;80;Cartão de Crédito
4118;2026-08-24;1922;8;5;2;110;0%;220;Pix
4119;2026-03-04;2072;12;3;1;180;5%;171;Cartão de Crédito
4120;2025-12-13;638;11;11;1;3800;0%;3800;Pix
4121;2026-07-15;165;30;11;1;160;0%;160;Cartão de Crédito
4122;2026-03-28;1615;23;18;1;400;10%;360;Pix
4123;2026-02-03;1044;10;17;5;50;0%;250;Cartão de Crédito
4124;2025-11-26;1014;10;16;1;50;0%;50;Cartão de Crédito
4125;2026-01-17;769;4;15;1;1400;0%;1400;Boleto
4126;2026-07-02;313;26;6;1;2200;0%;2200;Cartão de Crédito
4127;2025-11-02;533;12;3;1;180;0%;180;Cartão de Crédito
4128;2025-10-26;194;4;4;1;1400;5%;1330;Cartão de Crédito
4129;2026-06-10;1876;16;17;1;520;5%;494;Pix
4130;2025-10-03;966;38;12;1;390;0%;390;Cartão de Crédito
4131;2026-08-30;2265;30;14;1;160;5%;152;Pix
4132;2026-07-23;205;22;3;1;850;0%;850;Pix
4133;2026-05-02;203;42;16;1;35;0%;35;Pix
4134;2026-02-08;148;5;8;1;950;0%;950;Pix
4135;2026-07-15;619;12;12;1;180;0%;180;Boleto
4136;2025-11-04;2408;15;9;1;750;0%;750;Pix
4137;2026-09-02;1454;17;6;2;650;10%;1170;Cartão de Crédito
4138;2026-07-15;1304;3;4;1;250;0%;250;Cartão de Crédito
4139;2026-05-22;418;42;6;1;35;5%;33,25;Cartão de Crédito
4140;2025-12-10;583;18;16;1;280;5%;266;Pix
4141;2026-03-29;1043;28;8;1;420;0%;420;Pix
4142;2026-01-02;2284;37;15;3;140;0%;420;Pix
4143;2025-12-14;670;10;1;5;50;0%;250;Cartão de Crédito
4144;2026-03-15;1185;27;5;3;350;0%;1050;Cartão de Débito
4145;2025-11-24;463;33;13;2;1200;0%;2400;Pix
4146;2025-12-11;1544;18;11;2;280;0%;560;Boleto
4147;2026-08-28;1068;33;13;1;1200;0%;1200;Cartão de Crédito
4148;2025-12-19;800;12;1;1;180;0%;180;Boleto
4149;2026-09-01;2211;14;7;2;350;0%;700;Cartão de Crédito
4150;2025-12-24;1188;22;10;1;850;0%;850;Pix
4151;2026-02-13;1814;26;1;1;2200;0%;2200;Cartão de Débito
4152;2026-02-15;2058;19;17;1;490;0%;490;Cartão de Débito
4153;2026-05-25;2084;18;11;1;280;0%;280;Pix
4154;2025-09-18;1110;2;15;1;80;0%;80;Cartão de Crédito
4155;2025-09-22;681;10;1;1;50;0%;50;Cartão de Débito
4156;2026-03-22;1547;31;17;1;120;0%;120;Boleto
4157;2026-08-28;1431;20;3;1;190;0%;190;Pix
4158;2026-07-22;1283;9;7;1;150;0%;150;Pix
4159;2026-08-27;1836;3;16;1;250;0%;250;Pix
4160;2026-01-21;745;3;13;2;250;0%;500;Boleto
4161;2026-04-18;857;9;6;1;150;5%;142,5;Cartão de Crédito
4162;2026-07-15;1297;43;14;1;65;5%;61,75;Cartão de Crédito
4163;2026-01-09;1098;10;6;1;50;0%;50;Cartão de Crédito
4164;2026-05-01;2040;40;16;1;600;5%;570;Pix
4165;2026-02-22;699;1;6;1;4500;0%;4500;Cartão de Crédito
4166;2026-03-14;2324;5;5;2;950;5%;1805;Pix
4167;2025-09-20;1714;5;3;1;950;0%;950;Boleto
4168;2026-04-04;1431;11;18;2;3800;0%;7600;Cartão de Crédito
4169;2025-10-24;581;28;5;5;420;0%;2100;Cartão de Crédito
4170;2025-09-26;1511;11;6;1;3800;0%;3800;Cartão de Crédito
4171;2025-11-28;2427;22;10;3;850;0%;2550;Boleto
4172;2025-11-10;293;8;11;1;110;0%;110;Pix
4173;2026-04-10;895;16;2;1;520;0%;520;Cartão de Crédito
4174;2025-11-28;2423;6;11;2;220;0%;440;Pix
4175;2026-02-20;2383;16;13;2;520;0%;1040;Cartão de Crédito
4176;2026-01-09;1786;2;8;2;80;0%;160;Pix
4177;2026-05-07;632;3;14;2;250;5%;475;Cartão de Débito
4178;2025-12-09;1216;16;6;1;520;0%;520;Cartão de Crédito
4179;2025-10-03;1768;38;13;1;390;10%;351;Cartão de Débito
4180;2025-10-20;1374;7;9;1;320;0%;320;Cartão de Crédito
4181;2026-07-28;2107;12;1;1;180;0%;180;Pix
4182;2026-08-08;2258;31;11;2;120;0%;240;Cartão de Crédito
4183;2025-10-31;797;18;7;2;280;0%;560;Cartão de Crédito
4184;2025-11-05;914;22;18;1;850;5%;807,5;Boleto
4185;2025-10-02;179;18;9;1;280;5%;266;Pix
4186;2026-07-02;2190;37;8;1;140;0%;140;Boleto
4187;2026-09-07;644;18;3;1;280;5%;266;Cartão de Crédito
4188;2026-08-06;343;6;6;2;220;5%;418;Pix
4189;2025-11-28;387;16;6;1;520;0%;520;Pix
4190;2025-10-21;1525;37;10;1;140;0%;140;Pix
4191;2026-05-31;462;38;12;1;390;0%;390;Pix
4192;2026-06-14;630;7;14;2;320;0%;640;Cartão de Crédito
4193;2026-06-17;1709;19;18;2;490;5%;931;Boleto
4194;2026-05-25;1645;26;10;1;2200;0%;2200;Cartão de Crédito
4195;2025-09-16;426;37;4;1;140;0%;140;Cartão de Crédito
4196;2026-06-10;1339;14;9;1;350;0%;350;Cartão de Crédito
4197;2026-06-23;2201;20;2;1;190;0%;190;Pix
4198;2026-03-30;1267;41;10;3;45;0%;135;Cartão de Crédito
4199;2025-11-19;4;25;2;4;310;0%;1240;Cartão de Crédito
4200;2026-03-29;728;5;17;1;950;0%;950;Boleto
4201;2026-05-24;1812;25;17;1;310;5%;294,5;Pix
4202;2026-05-15;1002;42;11;3;35;0%;105;Cartão de Débito
4203;2026-06-05;1341;3;13;2;250;0%;500;Pix
4204;2026-08-04;1646;12;10;3;180;0%;540;Cartão de Crédito
4205;2026-04-04;1274;2;4;1;80;0%;80;Boleto
4206;2026-07-14;1784;18;5;1;280;0%;280;Cartão de Crédito
4207;2026-01-01;1214;3;6;1;250;0%;250;Cartão de Crédito
4208;2025-11-08;578;19;14;1;490;0%;490;Cartão de Crédito
4209;2025-11-25;734;33;3;1;1200;0%;1200;Cartão de Crédito
4210;2025-12-19;750;24;1;1;380;0%;380;Boleto
4211;2026-02-15;262;33;2;3;1200;5%;3420;Pix
4212;2026-02-04;669;24;9;1;380;5%;361;Pix
4213;2026-06-11;889;12;4;1;180;5%;171;Cartão de Crédito
4214;2026-02-03;1990;41;17;2;45;0%;90;Cartão de Débito
4215;2026-06-29;459;1;3;2;4500;5%;8550;Cartão de Crédito
4216;2026-05-11;1829;10;5;1;50;0%;50;Cartão de Crédito
4217;2026-04-08;2409;22;9;1;850;5%;807,5;Cartão de Crédito
4218;2026-07-03;2158;24;4;1;380;0%;380;Boleto
4219;2026-08-11;659;33;17;1;1200;0%;1200;Pix
4220;2026-09-04;816;14;4;1;350;0%;350;Cartão de Crédito
4221;2026-06-20;82;31;2;1;120;0%;120;Pix
4222;2026-01-02;1770;14;14;1;350;10%;315;Pix
4223;2026-04-09;86;7;6;1;320;0%;320;Pix
4224;2026-09-08;9;32;2;1;480;0%;480;Pix
4225;2025-09-14;1425;12;7;1;180;5%;171;Boleto
4226;2025-12-03;2209;5;11;1;950;0%;950;Cartão de Crédito
4227;2025-12-20;2229;42;13;2;35;0%;70;Cartão de Crédito
4228;2025-12-17;395;2;1;3;80;10%;216;Pix
4229;2026-02-23;191;6;11;3;220;0%;660;Cartão de Crédito
4230;2025-12-12;1107;11;8;1;3800;10%;3420;Boleto
4231;2026-06-10;963;5;18;2;950;0%;1900;Pix
4232;2026-09-10;8;38;12;1;390;0%;390;Cartão de Crédito
4233;2026-06-22;663;30;14;1;160;0%;160;Cartão de Crédito
4234;2026-07-24;701;2;2;1;80;0%;80;Cartão de Crédito
4235;2025-10-12;1848;8;13;1;110;5%;104,5;Pix
4236;2026-06-12;1771;2;6;2;80;0%;160;Cartão de Crédito
4237;2026-05-04;1787;4;8;1;1400;5%;1330;Cartão de Débito
4238;2026-01-06;727;11;18;1;3800;10%;3420;Cartão de Crédito
4239;2025-12-26;2055;43;13;1;65;10%;58,5;Cartão de Crédito
4240;2026-08-22;835;6;7;1;220;5%;209;Boleto
4241;2026-05-17;1670;28;3;1;420;0%;420;Pix
4242;2026-05-28;1378;24;4;2;380;0%;760;Cartão de Crédito
4243;2026-08-01;2222;16;13;2;520;0%;1040;Boleto
4244;2025-12-11;1629;39;15;2;290;0%;580;Pix
4245;2025-11-04;1016;37;14;1;140;0%;140;Pix
4246;2026-06-21;1249;11;4;2;3800;10%;6840;Boleto
4247;2025-09-12;305;1;7;1;4500;0%;4500;Cartão de Crédito
4248;2025-11-30;2072;42;6;3;35;0%;105;Cartão de Crédito
4249;2025-12-23;925;3;5;1;250;0%;250;Cartão de Crédito
4250;2025-11-01;2215;23;17;1;400;0%;400;Cartão de Crédito
4251;2026-01-04;1431;24;6;2;380;5%;722;Cartão de Crédito
4252;2026-05-06;2458;34;3;3;890;0%;2670;Cartão de Crédito
4253;2026-06-09;1954;26;11;3;2200;5%;6270;Pix
4254;2026-09-09;82;4;13;1;1400;0%;1400;Cartão de Débito
4255;2026-05-16;2020;3;13;1;250;0%;250;Pix
4256;2025-10-30;178;9;14;1;150;0%;150;Cartão de Crédito
4257;2026-07-31;1517;10;6;2;50;5%;95;Boleto
4258;2025-09-15;2205;10;17;2;50;0%;100;Cartão de Crédito
4259;2025-11-02;1092;33;8;1;1200;0%;1200;Boleto
4260;2025-10-20;522;5;15;1;950;10%;855;Pix
4261;2026-07-19;1822;18;14;1;280;0%;280;Pix
4262;2025-11-10;1887;20;17;1;190;0%;190;Boleto
4263;2026-09-02;454;4;12;1;1400;0%;1400;Cartão de Crédito
4264;2026-07-12;1717;1;18;1;4500;0%;4500;Cartão de Crédito
4265;2026-08-07;1012;39;18;1;290;0%;290;Cartão de Crédito
4266;2026-09-01;1225;24;12;1;380;5%;361;Cartão de Crédito
4267;2026-08-16;2038;19;6;2;490;0%;980;Cartão de Débito
4268;2026-08-23;69;33;5;2;1200;0%;2400;Pix
4269;2026-09-06;1601;10;13;1;50;0%;50;Cartão de Crédito
4270;2026-03-19;1636;12;18;1;180;0%;180;Boleto
4271;2026-03-27;700;23;12;1;400;0%;400;Boleto
4272;2026-07-03;386;29;5;1;380;0%;380;Cartão de Crédito
4273;2026-02-24;1836;41;7;1;45;0%;45;Pix
4274;2026-02-16;2078;10;6;4;50;5%;190;Cartão de Débito
4275;2026-03-06;1336;7;8;2;320;0%;640;Cartão de Crédito
4276;2026-07-17;1118;33;14;2;1200;0%;2400;Cartão de Crédito
4277;2026-07-30;37;28;15;1;420;0%;420;Boleto
4278;2026-02-11;560;32;1;2;480;0%;960;Pix
4279;2026-04-27;1099;37;16;1;140;0%;140;Cartão de Crédito
4280;2025-11-24;1688;9;14;1;150;0%;150;Cartão de Crédito
4281;2026-07-11;1248;18;3;1;280;0%;280;Boleto
4282;2026-04-24;2352;20;13;1;190;0%;190;Cartão de Crédito
4283;2026-05-18;89;31;18;1;120;0%;120;Cartão de Crédito
4284;2025-09-13;2267;8;15;1;110;10%;99;Cartão de Débito
4285;2026-02-16;2040;25;9;1;310;5%;294,5;Pix
4286;2026-06-25;1442;41;10;2;45;0%;90;Pix
4287;2026-04-07;1130;24;3;2;380;0%;760;Cartão de Crédito
4288;2026-05-30;793;5;17;1;950;0%;950;Cartão de Crédito
4289;2026-02-13;461;21;14;5;1600;0%;8000;Cartão de Crédito
4290;2026-05-06;994;21;10;2;1600;0%;3200;Cartão de Crédito
4291;2026-05-04;2126;22;11;1;850;0%;850;Boleto
4292;2025-12-26;1633;42;18;3;35;0%;105;Cartão de Débito
4293;2026-06-12;438;9;13;2;150;0%;300;Cartão de Crédito
4294;2026-02-08;2394;6;18;1;220;0%;220;Pix
4295;2025-09-26;1087;10;10;1;50;0%;50;Boleto
4296;2026-02-20;41;22;6;4;850;0%;3400;Cartão de Crédito
4297;2026-08-17;2109;7;13;1;320;0%;320;Cartão de Débito
4298;2025-09-17;1339;6;6;1;220;0%;220;Pix
4299;2025-11-11;129;15;6;1;750;0%;750;Cartão de Crédito
4300;2026-04-04;572;18;15;1;280;0%;280;Pix
4301;2025-10-02;1625;26;13;1;2200;0%;2200;Cartão de Crédito
4302;2026-02-07;2265;18;2;1;280;0%;280;Cartão de Crédito
4303;2025-09-21;2230;32;6;2;480;0%;960;Cartão de Crédito
4304;2026-01-28;2190;3;9;1;250;0%;250;Cartão de Crédito
4305;2026-03-14;2131;34;4;1;890;0%;890;Cartão de Crédito
4306;2026-01-03;3;18;18;1;280;5%;266;Pix
4307;2026-06-15;2348;4;18;4;1400;0%;5600;Pix
4308;2025-12-18;169;3;11;1;250;0%;250;Pix
4309;2026-05-17;1250;28;18;2;420;0%;840;Pix
4310;2026-06-21;971;13;16;1;2900;0%;2900;Cartão de Débito
4311;2026-01-24;435;18;18;1;280;0%;280;Cartão de Crédito
4312;2026-03-08;1704;21;8;1;1600;0%;1600;Pix
4313;2025-09-19;612;42;15;2;35;0%;70;Pix
4314;2026-03-20;53;11;2;1;3800;0%;3800;Pix
4315;2025-09-12;872;42;2;1;35;5%;33,25;Pix
4316;2026-08-25;1413;13;13;2;2900;0%;5800;Cartão de Crédito
4317;2026-08-25;1652;6;4;3;220;0%;660;Pix
4318;2026-07-12;2444;14;12;1;350;0%;350;Boleto
4319;2026-08-08;833;12;1;1;180;0%;180;Cartão de Crédito
4320;2026-03-14;1587;27;10;1;350;0%;350;Cartão de Crédito
4321;2025-10-31;2286;12;9;1;180;0%;180;Pix
4322;2026-06-28;785;17;15;1;650;0%;650;Cartão de Crédito
4323;2026-06-16;1206;18;14;2;280;0%;560;Boleto
4324;2026-04-29;2333;35;2;1;250;0%;250;Pix
4325;2026-05-27;1966;31;1;3;120;0%;360;Pix
4326;2026-08-12;485;19;17;1;490;0%;490;Cartão de Crédito
4327;2026-05-11;664;2;14;2;80;0%;160;Pix
4328;2026-08-07;144;9;1;1;150;0%;150;Pix
4329;2025-11-08;836;17;14;2;650;0%;1300;Pix
4330;2026-03-21;504;21;2;1;1600;5%;1520;Cartão de Crédito
4331;2026-01-08;1112;1;10;1;4500;0%;4500;Cartão de Crédito
4332;2026-02-14;1033;31;5;1;120;0%;120;Cartão de Crédito
4333;2026-07-16;2439;9;2;2;150;0%;300;Pix
4334;2026-04-01;1983;37;9;1;140;0%;140;Cartão de Débito
4335;2026-08-18;1405;8;14;1;110;0%;110;Cartão de Crédito
4336;2026-06-25;1642;25;12;2;310;0%;620;Cartão de Crédito
4337;2025-12-05;1233;23;2;1;400;0%;400;Pix
4338;2026-03-24;581;4;5;1;1400;0%;1400;Pix
4339;2025-11-10;1326;5;12;2;950;0%;1900;Cartão de Crédito
4340;2026-07-21;2447;7;14;1;320;5%;304;Pix
4341;2026-05-14;561;7;11;1;320;5%;304;Cartão de Crédito
4342;2026-04-17;731;42;6;2;35;0%;70;Cartão de Débito
4343;2025-12-13;512;7;1;2;320;0%;640;Cartão de Crédito
4344;2026-02-28;967;24;7;1;380;0%;380;Boleto
4345;2026-08-03;1208;16;15;1;520;10%;468;Cartão de Crédito
4346;2025-09-27;1060;28;16;2;420;0%;840;Pix
4347;2026-02-16;1968;29;13;1;380;0%;380;Cartão de Crédito
4348;2026-02-14;2217;7;10;2;320;0%;640;Boleto
4349;2026-08-28;1334;29;12;3;380;0%;1140;Cartão de Débito
4350;2026-07-14;913;22;14;1;850;0%;850;Cartão de Débito
4351;2026-02-26;700;28;4;2;420;0%;840;Pix
4352;2026-01-08;2189;24;8;2;380;0%;760;Cartão de Crédito
4353;2026-02-19;26;16;16;1;520;0%;520;Cartão de Crédito
4354;2025-10-23;562;7;10;1;320;0%;320;Boleto
4355;2026-03-01;1425;13;7;1;2900;0%;2900;Pix
4356;2025-11-03;681;6;2;3;220;0%;660;Cartão de Débito
4357;2025-09-13;1021;1;13;1;4500;0%;4500;Cartão de Crédito
4358;2025-11-16;758;9;3;5;150;5%;712,5;Cartão de Débito
4359;2025-10-16;1935;1;8;1;4500;0%;4500;Cartão de Crédito
4360;2026-08-05;587;21;15;1;1600;0%;1600;Cartão de Débito
4361;2026-05-23;644;25;14;1;310;5%;294,5;Cartão de Crédito
4362;2026-01-28;2196;4;18;1;1400;0%;1400;Pix
4363;2026-01-16;1420;14;18;1;350;10%;315;Cartão de Crédito
4364;2026-02-23;1316;3;18;1;250;0%;250;Pix
4365;2026-02-25;701;13;6;3;2900;0%;8700;Cartão de Crédito
4366;2026-07-08;1251;7;6;1;320;0%;320;Cartão de Crédito
4367;2026-08-26;1419;21;5;1;1600;0%;1600;Cartão de Crédito
4368;2026-09-11;1281;12;4;5;180;0%;900;Cartão de Crédito
4369;2026-04-07;474;13;17;1;2900;0%;2900;Cartão de Crédito
4370;2026-02-26;2004;36;12;1;550;0%;550;Cartão de Crédito
4371;2026-07-23;345;36;15;1;550;0%;550;Cartão de Crédito
4372;2025-10-16;225;10;11;2;50;0%;100;Pix
4373;2025-10-08;2168;39;2;2;290;5%;551;Cartão de Crédito
4374;2026-03-16;1264;2;3;3;80;0%;240;Pix
4375;2026-01-22;1836;21;15;1;1600;0%;1600;Cartão de Débito
4376;2026-02-16;1103;9;16;1;150;5%;142,5;Cartão de Crédito
4377;2026-01-07;1500;24;7;1;380;0%;380;Pix
4378;2026-03-13;579;33;10;1;1200;0%;1200;Cartão de Crédito
4379;2026-04-24;2167;18;10;1;280;0%;280;Cartão de Débito
4380;2025-11-08;1890;18;4;2;280;5%;532;Cartão de Crédito
4381;2026-03-13;2379;21;10;1;1600;0%;1600;Boleto
4382;2026-09-06;2340;19;15;1;490;0%;490;Boleto
4383;2025-12-23;1065;17;10;3;650;0%;1950;Cartão de Crédito
4384;2026-07-17;833;37;2;1;140;5%;133;Boleto
4385;2026-03-01;948;33;16;1;1200;5%;1140;Cartão de Crédito
4386;2026-05-31;2189;29;1;1;380;0%;380;Cartão de Débito
4387;2026-01-03;800;26;4;1;2200;0%;2200;Cartão de Crédito
4388;2026-06-10;892;18;14;2;280;0%;560;Cartão de Crédito
4389;2025-10-24;282;27;7;1;350;5%;332,5;Cartão de Crédito
4390;2026-01-12;2135;5;6;1;950;0%;950;Cartão de Débito
4391;2026-04-18;154;21;17;1;1600;0%;1600;Cartão de Crédito
4392;2026-05-12;2073;21;18;2;1600;0%;3200;Boleto
4393;2025-12-10;2281;29;3;2;380;5%;722;Cartão de Débito
4394;2026-03-11;714;4;16;1;1400;0%;1400;Pix
4395;2026-06-17;1947;2;7;1;80;0%;80;Pix
4396;2025-09-16;1169;12;18;1;180;0%;180;Pix
4397;2026-04-22;754;8;11;1;110;0%;110;Pix
4398;2026-08-28;257;22;11;1;850;0%;850;Pix
4399;2025-12-13;501;5;15;1;950;0%;950;Pix
4400;2026-09-01;1253;4;14;1;1400;5%;1330;Pix
4401;2026-02-26;872;23;11;1;400;0%;400;Pix
4402;2026-01-05;1977;13;17;1;2900;0%;2900;Cartão de Crédito
4403;2025-10-07;416;15;17;1;750;0%;750;Cartão de Crédito
4404;2026-06-28;440;12;12;2;180;0%;360;Cartão de Crédito
4405;2026-04-17;1960;19;7;1;490;10%;441;Cartão de Crédito
4406;2026-02-08;1144;21;13;1;1600;5%;1520;Cartão de Débito
4407;2026-05-24;359;15;16;1;750;0%;750;Pix
4408;2026-04-26;1552;35;6;1;250;0%;250;Cartão de Crédito
4409;2026-07-12;1629;22;3;1;850;0%;850;Cartão de Crédito
4410;2026-02-17;920;6;7;1;220;0%;220;Boleto
4411;2026-04-02;560;18;9;1;280;0%;280;Cartão de Crédito
4412;2026-03-23;1762;34;9;4;890;0%;3560;Pix
4413;2026-03-05;216;45;1;1;180;0%;180;Cartão de Crédito
4414;2026-08-31;152;32;4;1;480;0%;480;Pix
4415;2025-10-06;2181;38;18;1;390;0%;390;Boleto
4416;2026-03-05;1965;15;8;1;750;10%;675;Cartão de Débito
4417;2026-07-04;70;4;18;2;1400;0%;2800;Pix
4418;2026-01-09;1395;19;6;1;490;0%;490;Pix
4419;2025-10-30;349;4;18;2;1400;0%;2800;Pix
4420;2026-07-13;1678;3;17;2;250;0%;500;Cartão de Crédito
4421;2026-02-07;1178;29;6;1;380;0%;380;Cartão de Crédito
4422;2026-08-11;1208;42;13;1;35;0%;35;Boleto
4423;2026-01-31;2108;29;17;2;380;0%;760;Cartão de Crédito
4424;2026-02-11;1876;12;12;3;180;0%;540;Pix
4425;2026-04-24;700;30;18;1;160;0%;160;Boleto
4426;2026-03-20;2009;4;11;2;1400;0%;2800;Pix
4427;2026-08-03;2339;43;12;1;65;0%;65;Cartão de Crédito
4428;2026-06-05;518;3;17;3;250;0%;750;Pix
4429;2025-11-07;2427;18;2;2;280;0%;560;Cartão de Crédito
4430;2025-12-12;588;10;3;1;50;0%;50;Pix
4431;2026-04-25;2392;10;15;3;50;0%;150;Boleto
4432;2026-06-14;2496;39;3;2;290;0%;580;Cartão de Crédito
4433;2025-11-21;1226;21;17;1;1600;0%;1600;Pix
4434;2026-06-15;769;16;15;1;520;0%;520;Cartão de Crédito
4435;2025-10-23;1893;15;1;2;750;0%;1500;Cartão de Crédito
4436;2026-02-27;2379;1;17;1;4500;0%;4500;Boleto
4437;2026-02-12;1076;2;11;1;80;10%;72;Cartão de Crédito
4438;2025-11-01;1090;12;7;1;180;0%;180;Cartão de Crédito
4439;2026-04-17;2034;14;6;1;350;0%;350;Cartão de Crédito
4440;2026-06-06;1603;21;17;2;1600;0%;3200;Cartão de Crédito
4441;2025-11-04;340;31;6;1;120;0%;120;Pix
4442;2026-01-01;122;10;7;1;50;0%;50;Pix
4443;2026-06-09;2060;31;11;1;120;0%;120;Boleto
4444;2026-04-22;2197;6;4;1;220;10%;198;Pix
4445;2025-10-23;2368;1;8;2;4500;0%;9000;Pix
4446;2026-07-21;2014;19;18;1;490;0%;490;Cartão de Crédito
4447;2025-10-22;1127;9;11;1;150;0%;150;Pix
4448;2026-07-04;47;9;1;1;150;5%;142,5;Cartão de Crédito
4449;2026-07-25;2347;26;6;1;2200;5%;2090;Cartão de Crédito
4450;2025-11-04;1824;21;15;1;1600;0%;1600;Pix
4451;2026-07-04;193;40;12;4;600;0%;2400;Cartão de Crédito
4452;2026-02-20;606;15;18;4;750;0%;3000;Pix
4453;2026-04-17;1733;8;7;1;110;5%;104,5;Cartão de Crédito
4454;2026-01-03;1531;9;3;1;150;0%;150;Cartão de Crédito
4455;2026-07-30;1283;22;17;1;850;5%;807,5;Cartão de Crédito
4456;2026-06-14;85;7;15;2;320;0%;640;Cartão de Crédito
4457;2025-09-18;1305;26;7;1;2200;0%;2200;Cartão de Crédito
4458;2025-11-15;1617;23;1;1;400;0%;400;Cartão de Crédito
4459;2025-11-13;500;16;8;1;520;0%;520;Cartão de Crédito
4460;2026-07-08;327;14;1;1;350;0%;350;Pix
4461;2026-01-17;2182;1;5;2;4500;10%;8100;Cartão de Crédito
4462;2026-07-02;1943;8;10;5;110;0%;550;Cartão de Crédito
4463;2025-11-19;1291;33;12;1;1200;0%;1200;Cartão de Débito
4464;2025-11-13;997;15;14;1;750;0%;750;Cartão de Débito
4465;2025-10-03;2351;25;2;1;310;0%;310;Pix
4466;2026-08-31;2176;5;11;3;950;0%;2850;Cartão de Crédito
4467;2026-06-12;414;2;17;2;80;0%;160;Cartão de Crédito
4468;2025-11-13;175;13;10;1;2900;0%;2900;Cartão de Débito
4469;2026-02-26;250;9;5;4;150;0%;600;Pix
4470;2026-02-12;870;8;15;1;110;0%;110;Cartão de Crédito
4471;2025-12-26;1641;31;3;1;120;0%;120;Pix
4472;2026-03-06;2175;18;16;1;280;0%;280;Pix
4473;2025-12-26;1553;29;13;2;380;0%;760;Pix
4474;2025-11-22;1802;22;3;3;850;0%;2550;Pix
4475;2026-01-01;1429;35;17;1;250;0%;250;Cartão de Crédito
4476;2026-07-15;1643;12;8;1;180;5%;171;Cartão de Crédito
4477;2025-12-28;1447;39;8;1;290;0%;290;Cartão de Crédito
4478;2026-07-25;248;15;1;1;750;0%;750;Cartão de Crédito
4479;2026-07-29;1368;38;18;1;390;0%;390;Cartão de Crédito
4480;2026-02-23;1763;31;3;1;120;0%;120;Boleto
4481;2026-03-18;1196;40;15;1;600;0%;600;Pix
4482;2026-08-18;1009;29;3;1;380;0%;380;Cartão de Crédito
4483;2026-08-11;1370;34;13;1;890;0%;890;Pix
4484;2026-03-23;981;4;16;1;1400;5%;1330;Pix
4485;2026-06-29;762;15;12;2;750;10%;1350;Boleto
4486;2026-03-08;474;12;4;1;180;0%;180;Pix
4487;2026-03-25;1189;10;8;1;50;0%;50;Pix
4488;2026-04-01;175;8;5;1;110;0%;110;Pix
4489;2026-05-30;983;12;16;1;180;5%;171;Pix
4490;2026-05-18;745;40;15;1;600;0%;600;Cartão de Débito
4491;2025-09-26;649;1;18;1;4500;0%;4500;Cartão de Crédito
4492;2026-07-13;1728;30;13;1;160;5%;152;Cartão de Crédito
4493;2026-04-09;20;5;11;1;950;0%;950;Pix
4494;2026-01-17;1209;27;6;1;350;0%;350;Cartão de Crédito
4495;2026-06-05;337;6;13;1;220;0%;220;Pix
4496;2026-01-20;1051;5;3;1;950;0%;950;Cartão de Crédito
4497;2026-09-07;1689;16;3;2;520;0%;1040;Boleto
4498;2025-09-29;430;1;15;2;4500;0%;9000;Boleto
4499;2026-02-24;839;18;11;1;280;0%;280;Pix
4500;2026-06-13;1228;26;14;2;2200;0%;4400;Boleto
4501;2026-01-25;176;13;12;1;2900;0%;2900;Pix
4502;2025-11-14;154;9;7;3;150;0%;450;Cartão de Débito
4503;2026-08-20;2295;6;18;1;220;0%;220;Cartão de Débito
4504;2025-09-12;555;27;16;2;350;0%;700;Boleto
4505;2025-12-30;34;36;9;1;550;0%;550;Cartão de Crédito
4506;2025-11-24;1994;9;14;1;150;0%;150;Cartão de Débito
4507;2025-12-27;1730;36;5;2;550;0%;1100;Pix
4508;2026-05-30;420;26;9;2;2200;0%;4400;Pix
4509;2026-08-02;1062;8;9;2;110;5%;209;Cartão de Débito
4510;2026-05-02;476;25;17;1;310;0%;310;Pix
4511;2026-07-05;942;35;11;1;250;0%;250;Cartão de Crédito
4512;2025-12-29;89;24;14;2;380;5%;722;Cartão de Crédito
4513;2026-07-03;184;39;14;1;290;0%;290;Boleto
4514;2026-05-23;1648;26;9;2;2200;0%;4400;Pix
4515;2026-09-02;2486;14;1;3;350;0%;1050;Cartão de Crédito
4516;2026-06-30;712;36;6;1;550;5%;522,5;Cartão de Débito
4517;2026-05-28;2198;28;9;1;420;0%;420;Pix
4518;2026-07-23;2086;37;15;1;140;5%;133;Cartão de Débito
4519;2026-01-28;1311;34;12;2;890;0%;1780;Boleto
4520;2025-11-08;972;12;11;1;180;0%;180;Pix
4521;2026-06-14;1859;15;5;1;750;0%;750;Boleto
4522;2026-05-21;505;15;15;2;750;0%;1500;Cartão de Crédito
4523;2026-01-26;806;4;1;1;1400;10%;1260;Pix
4524;2026-08-06;1741;11;18;1;3800;0%;3800;Pix
4525;2026-06-25;491;41;4;1;45;0%;45;Cartão de Crédito
4526;2026-03-27;1110;20;2;1;190;0%;190;Cartão de Crédito
4527;2025-12-24;1250;22;7;1;850;0%;850;Cartão de Crédito
4528;2026-07-11;2064;5;17;1;950;0%;950;Cartão de Crédito
4529;2025-10-15;2078;17;16;1;650;0%;650;Cartão de Crédito
4530;2025-12-26;2247;38;16;1;390;0%;390;Boleto
4531;2026-04-26;1472;43;17;3;65;0%;195;Pix
4532;2026-01-03;959;6;7;1;220;0%;220;Cartão de Débito
4533;2026-04-07;1164;26;16;1;2200;0%;2200;Cartão de Crédito
4534;2026-04-30;58;17;9;1;650;0%;650;Pix
4535;2025-10-30;953;35;1;3;250;0%;750;Boleto
4536;2026-07-18;52;10;4;1;50;0%;50;Cartão de Crédito
4537;2026-03-09;791;12;17;1;180;0%;180;Cartão de Crédito
4538;2026-08-04;1717;23;1;1;400;0%;400;Boleto
4539;2025-12-16;2233;5;5;1;950;0%;950;Cartão de Crédito
4540;2026-04-02;546;1;12;2;4500;0%;9000;Pix
4541;2026-01-25;684;27;2;2;350;5%;665;Pix
4542;2026-01-24;278;14;6;2;350;10%;630;Pix
4543;2026-01-09;349;9;2;1;150;0%;150;Cartão de Débito
4544;2026-08-12;1459;3;15;1;250;5%;237,5;Boleto
4545;2026-05-06;549;12;1;1;180;0%;180;Cartão de Crédito
4546;2026-01-27;1145;4;3;3;1400;0%;4200;Cartão de Crédito
4547;2025-09-22;232;4;16;1;1400;0%;1400;Pix
4548;2026-08-31;2424;38;9;1;390;0%;390;Pix
4549;2025-11-02;2315;8;7;1;110;0%;110;Pix
4550;2025-12-02;1109;28;12;2;420;0%;840;Cartão de Crédito
4551;2026-01-12;2257;22;3;3;850;10%;2295;Boleto
4552;2025-10-12;1978;10;10;1;50;0%;50;Pix
4553;2025-11-01;592;30;5;1;160;0%;160;Cartão de Crédito
4554;2026-01-31;2229;20;15;1;190;0%;190;Cartão de Crédito
4555;2025-09-26;2406;2;18;1;80;0%;80;Pix
4556;2026-05-13;619;24;13;1;380;5%;361;Boleto
4557;2026-01-20;2353;16;14;1;520;0%;520;Pix
4558;2025-12-25;751;7;6;2;320;0%;640;Pix
4559;2026-03-22;321;10;16;2;50;0%;100;Pix
4560;2026-02-11;591;5;6;1;950;0%;950;Cartão de Crédito
4561;2026-02-07;58;12;9;1;180;0%;180;Cartão de Crédito
4562;2026-09-02;877;23;6;1;400;0%;400;Pix
4563;2026-04-14;409;7;4;1;320;0%;320;Cartão de Crédito
4564;2026-06-12;212;15;2;2;750;5%;1425;Cartão de Crédito
4565;2025-12-19;1252;10;13;1;50;0%;50;Cartão de Crédito
4566;2026-06-08;1768;10;4;1;50;0%;50;Cartão de Débito
4567;2026-08-30;1563;30;7;1;160;0%;160;Pix
4568;2025-10-07;1946;23;1;1;400;0%;400;Cartão de Crédito
4569;2025-11-27;2238;29;13;1;380;0%;380;Pix
4570;2026-04-29;696;11;2;1;3800;0%;3800;Pix
4571;2025-11-28;144;8;2;4;110;0%;440;Cartão de Crédito
4572;2026-07-13;1374;19;8;2;490;0%;980;Cartão de Débito
4573;2026-03-31;1697;4;5;2;1400;5%;2660;Cartão de Crédito
4574;2025-10-17;2340;15;12;1;750;5%;712,5;Pix
4575;2025-12-21;1677;41;18;1;45;0%;45;Pix
4576;2026-07-07;128;6;1;1;220;0%;220;Boleto
4577;2026-03-04;1905;23;16;1;400;0%;400;Pix
4578;2026-07-18;1283;9;1;1;150;0%;150;Boleto
4579;2025-10-12;393;7;16;1;320;5%;304;Pix
4580;2026-01-14;560;45;11;1;180;0%;180;Cartão de Crédito
4581;2026-06-27;51;25;1;1;310;0%;310;Cartão de Crédito
4582;2026-05-06;886;10;15;1;50;0%;50;Cartão de Crédito
4583;2025-10-27;777;24;2;1;380;0%;380;Pix
4584;2026-08-13;1850;14;6;1;350;0%;350;Cartão de Débito
4585;2025-12-03;384;7;4;2;320;0%;640;Pix
4586;2025-12-25;2215;15;13;1;750;5%;712,5;Pix
4587;2026-06-28;169;34;17;1;890;0%;890;Pix
4588;2026-05-11;310;8;13;4;110;0%;440;Boleto
4589;2026-05-23;584;39;6;2;290;0%;580;Pix
4590;2025-11-12;103;17;9;1;650;0%;650;Cartão de Crédito
4591;2026-02-20;1145;22;14;1;850;0%;850;Cartão de Crédito
4592;2025-11-08;2032;5;4;1;950;5%;902,5;Cartão de Crédito
4593;2026-06-30;685;33;18;1;1200;0%;1200;Pix
4594;2025-10-17;1942;40;1;1;600;0%;600;Cartão de Débito
4595;2026-05-02;1052;20;10;2;190;0%;380;Pix
4596;2026-01-15;1668;7;2;1;320;10%;288;Pix
4597;2025-11-25;924;28;10;1;420;0%;420;Cartão de Crédito
4598;2026-02-09;540;27;6;2;350;0%;700;Cartão de Débito
4599;2026-03-15;591;15;3;1;750;0%;750;Pix
4600;2026-08-09;1628;11;1;1;3800;5%;3610;Cartão de Crédito
4601;2025-11-24;1403;19;6;2;490;10%;882;Pix
4602;2025-12-30;2408;2;9;1;80;5%;76;Boleto
4603;2025-10-24;582;21;1;1;1600;0%;1600;Cartão de Débito
4604;2026-07-07;1113;44;10;3;55;5%;156,75;Boleto
4605;2026-04-28;1944;32;6;1;480;0%;480;Cartão de Débito
4606;2026-03-23;93;3;7;1;250;0%;250;Pix
4607;2026-08-23;749;13;14;1;2900;0%;2900;Cartão de Crédito
4608;2026-08-06;1447;4;11;1;1400;5%;1330;Pix
4609;2025-10-30;921;28;5;1;420;0%;420;Cartão de Crédito
4610;2026-05-10;1676;21;3;1;1600;0%;1600;Pix
4611;2026-08-11;1908;5;10;1;950;10%;855;Cartão de Crédito
4612;2026-06-24;99;5;5;2;950;0%;1900;Cartão de Crédito
4613;2026-01-28;1413;15;12;1;750;0%;750;Pix
4614;2026-07-08;2213;2;12;2;80;5%;152;Cartão de Crédito
4615;2025-11-08;1566;23;2;1;400;0%;400;Cartão de Crédito
4616;2025-11-18;434;31;4;1;120;0%;120;Cartão de Crédito
4617;2026-07-03;453;31;11;1;120;0%;120;Cartão de Crédito
4618;2026-06-13;2382;8;3;1;110;0%;110;Boleto
4619;2025-12-08;1761;14;18;1;350;5%;332,5;Pix
4620;2026-04-07;1170;8;18;1;110;0%;110;Pix
4621;2026-04-11;1046;44;16;1;55;5%;52,25;Pix
4622;2026-06-23;1753;15;17;1;750;0%;750;Cartão de Crédito
4623;2026-08-23;1726;15;5;2;750;5%;1425;Cartão de Crédito
4624;2025-12-30;1899;23;13;1;400;0%;400;Boleto
4625;2025-10-12;40;4;17;5;1400;0%;7000;Cartão de Crédito
4626;2026-06-08;1103;12;10;2;180;0%;360;Cartão de Crédito
4627;2026-05-03;1061;29;1;1;380;0%;380;Pix
4628;2026-05-31;946;13;15;1;2900;0%;2900;Cartão de Crédito
4629;2026-08-14;2284;37;3;3;140;5%;399;Cartão de Crédito
4630;2026-06-28;449;13;2;2;2900;0%;5800;Cartão de Crédito
4631;2026-05-21;1195;11;5;1;3800;0%;3800;Cartão de Débito
4632;2025-10-25;1791;37;10;1;140;0%;140;Cartão de Crédito
4633;2025-10-04;207;24;13;1;380;0%;380;Cartão de Crédito
4634;2026-07-01;2168;11;7;1;3800;0%;3800;Pix
4635;2026-04-01;2491;36;5;1;550;0%;550;Pix
4636;2025-12-22;1336;42;8;2;35;0%;70;Pix
4637;2026-02-01;2214;24;9;1;380;0%;380;Cartão de Crédito
4638;2026-05-31;1791;2;9;2;80;5%;152;Boleto
4639;2026-04-29;161;16;17;1;520;0%;520;Cartão de Débito
4640;2025-12-01;481;20;8;1;190;0%;190;Cartão de Débito
4641;2026-07-02;2162;23;14;2;400;0%;800;Cartão de Crédito
4642;2026-02-22;1124;35;14;1;250;0%;250;Pix
4643;2025-12-16;607;17;1;2;650;0%;1300;Cartão de Crédito
4644;2025-12-07;271;26;6;1;2200;0%;2200;Pix
4645;2025-12-23;2014;15;5;2;750;0%;1500;Cartão de Crédito
4646;2025-09-19;1472;25;11;1;310;0%;310;Boleto
4647;2025-09-12;853;6;7;2;220;0%;440;Pix
4648;2025-09-13;250;6;1;2;220;0%;440;Cartão de Crédito
4649;2025-09-21;2247;30;17;1;160;0%;160;Cartão de Débito
4650;2026-03-23;1019;1;10;1;4500;0%;4500;Cartão de Crédito
4651;2026-09-12;1652;18;15;1;280;0%;280;Pix
4652;2026-01-12;2432;22;4;1;850;5%;807,5;Cartão de Crédito
4653;2026-07-22;20;18;1;3;280;5%;798;Cartão de Crédito
4654;2026-06-03;2135;13;3;1;2900;0%;2900;Pix
4655;2025-11-13;1033;38;4;1;390;0%;390;Cartão de Crédito
4656;2026-04-07;11;22;1;1;850;0%;850;Cartão de Crédito
4657;2026-07-05;379;27;13;4;350;0%;1400;Cartão de Crédito
4658;2026-06-29;624;26;8;4;2200;5%;8360;Cartão de Crédito
4659;2025-11-22;2026;26;7;2;2200;0%;4400;Pix
4660;2026-05-03;2384;16;18;1;520;5%;494;Boleto
4661;2026-07-04;1884;31;2;2;120;0%;240;Cartão de Crédito
4662;2026-03-29;37;16;18;2;520;0%;1040;Pix
4663;2026-03-03;1230;25;18;1;310;0%;310;Cartão de Crédito
4664;2025-10-24;2244;29;14;4;380;0%;1520;Pix
4665;2026-05-15;1057;28;13;2;420;0%;840;Cartão de Débito
4666;2026-01-15;167;40;2;1;600;0%;600;Pix
4667;2025-09-23;2445;18;17;1;280;0%;280;Cartão de Débito
4668;2026-01-31;898;42;8;4;35;0%;140;Cartão de Débito
4669;2026-04-22;487;33;4;1;1200;0%;1200;Pix
4670;2026-01-15;1826;40;3;4;600;0%;2400;Pix
4671;2025-10-31;2144;26;3;1;2200;0%;2200;Cartão de Crédito
4672;2026-02-21;379;4;18;1;1400;0%;1400;Cartão de Crédito
4673;2026-08-08;1513;11;9;1;3800;0%;3800;Pix
4674;2026-02-27;2054;17;5;2;650;0%;1300;Cartão de Crédito
4675;2026-07-02;1266;11;5;2;3800;0%;7600;Pix
4676;2025-09-21;775;33;9;1;1200;0%;1200;Pix
4677;2026-08-18;50;12;3;1;180;0%;180;Boleto
4678;2026-03-16;834;15;11;4;750;5%;2850;Pix
4679;2026-01-12;1138;31;14;4;120;0%;480;Pix
4680;2026-04-10;123;1;15;1;4500;0%;4500;Cartão de Débito
4681;2026-02-23;1537;30;9;3;160;10%;432;Boleto
4682;2026-02-04;2384;9;9;1;150;0%;150;Cartão de Crédito
4683;2026-04-07;1770;17;15;1;650;5%;617,5;Boleto
4684;2025-11-26;220;39;4;1;290;0%;290;Boleto
4685;2025-10-11;2255;9;5;1;150;5%;142,5;Cartão de Crédito
4686;2026-01-26;66;11;5;1;3800;0%;3800;Cartão de Débito
4687;2026-09-08;2209;37;3;1;140;0%;140;Cartão de Crédito
4688;2026-08-30;2077;28;5;1;420;0%;420;Pix
4689;2025-11-21;912;4;17;1;1400;0%;1400;Cartão de Crédito
4690;2026-04-28;2444;9;10;1;150;0%;150;Pix
4691;2025-09-12;612;8;13;1;110;0%;110;Cartão de Crédito
4692;2025-11-23;138;30;17;3;160;0%;480;Cartão de Crédito
4693;2026-03-08;2052;33;3;2;1200;0%;2400;Pix
4694;2026-05-24;1074;19;11;2;490;0%;980;Pix
4695;2025-11-20;1916;29;8;1;380;5%;361;Boleto
4696;2026-03-14;790;6;14;1;220;0%;220;Pix
4697;2026-02-18;655;23;8;3;400;0%;1200;Cartão de Débito
4698;2026-03-07;1862;14;1;5;350;0%;1750;Pix
4699;2025-09-16;1207;42;3;2;35;0%;70;Pix
4700;2025-12-02;388;36;18;2;550;5%;1045;Cartão de Débito
4701;2025-11-22;2260;32;11;1;480;0%;480;Cartão de Crédito
4702;2025-11-05;2249;31;4;1;120;10%;108;Cartão de Crédito
4703;2026-08-29;1715;31;3;1;120;0%;120;Cartão de Débito
4704;2026-07-30;724;3;11;1;250;0%;250;Cartão de Crédito
4705;2026-03-08;2313;4;1;1;1400;0%;1400;Cartão de Crédito
4706;2026-02-05;1629;9;4;4;150;0%;600;Boleto
4707;2025-09-28;250;21;15;2;1600;0%;3200;Boleto
4708;2026-07-17;709;23;8;3;400;5%;1140;Pix
4709;2025-10-10;1084;35;14;1;250;0%;250;Boleto
4710;2026-04-09;97;13;2;1;2900;5%;2755;Cartão de Crédito
4711;2025-10-25;524;41;18;3;45;5%;128,25;Pix
4712;2026-01-14;2140;35;5;1;250;0%;250;Pix
4713;2026-05-04;355;24;1;5;380;10%;1710;Cartão de Crédito
4714;2025-10-27;720;15;7;1;750;0%;750;Pix
4715;2025-11-16;2326;43;14;1;65;0%;65;Cartão de Crédito
4716;2025-10-17;1438;20;3;1;190;0%;190;Cartão de Crédito
4717;2025-11-15;121;6;9;2;220;0%;440;Pix
4718;2026-06-11;1533;14;1;1;350;0%;350;Cartão de Crédito
4719;2026-05-24;1759;3;14;2;250;5%;475;Boleto
4720;2026-02-25;920;44;9;1;55;0%;55;Cartão de Crédito
4721;2026-02-18;1564;13;2;1;2900;0%;2900;Cartão de Crédito
4722;2026-02-15;728;26;5;2;2200;0%;4400;Pix
4723;2026-04-25;1717;3;8;3;250;0%;750;Cartão de Crédito
4724;2026-08-02;1229;18;13;1;280;0%;280;Pix
4725;2025-09-24;439;20;3;1;190;0%;190;Cartão de Crédito
4726;2026-03-01;970;16;1;1;520;5%;494;Cartão de Crédito
4727;2026-03-18;2045;14;7;1;350;5%;332,5;Pix
4728;2026-02-17;2015;8;5;1;110;0%;110;Pix
4729;2026-01-22;963;23;12;5;400;0%;2000;Cartão de Crédito
4730;2026-06-24;1728;31;3;1;120;0%;120;Cartão de Débito
4731;2026-05-21;1679;2;18;1;80;0%;80;Cartão de Crédito
4732;2025-12-07;669;11;11;1;3800;0%;3800;Cartão de Crédito
4733;2025-11-02;517;21;15;1;1600;0%;1600;Cartão de Débito
4734;2026-08-20;751;26;13;1;2200;0%;2200;Pix
4735;2026-05-01;16;37;17;2;140;0%;280;Cartão de Crédito
4736;2026-03-31;1714;3;13;2;250;0%;500;Cartão de Débito
4737;2026-03-10;1640;44;5;1;55;0%;55;Pix
4738;2025-11-17;1131;17;3;1;650;10%;585;Cartão de Crédito
4739;2026-07-27;1811;25;14;3;310;0%;930;Boleto
4740;2026-06-18;1811;31;17;1;120;0%;120;Boleto
4741;2026-01-28;1202;5;16;1;950;0%;950;Cartão de Crédito
4742;2026-05-09;330;5;6;1;950;0%;950;Cartão de Crédito
4743;2026-07-05;247;16;7;1;520;0%;520;Cartão de Crédito
4744;2026-03-16;62;25;2;2;310;0%;620;Boleto
4745;2026-04-11;446;26;17;1;2200;0%;2200;Cartão de Crédito
4746;2026-02-14;2051;32;16;2;480;0%;960;Cartão de Crédito
4747;2026-02-13;597;23;5;2;400;5%;760;Cartão de Crédito
4748;2026-01-10;1283;3;9;1;250;0%;250;Cartão de Crédito
4749;2025-12-28;1260;18;2;3;280;5%;798;Cartão de Crédito
4750;2026-02-16;1718;8;13;1;110;0%;110;Boleto
4751;2026-06-19;625;7;4;1;320;0%;320;Cartão de Crédito
4752;2025-11-28;356;15;11;2;750;0%;1500;Pix
4753;2026-08-04;1773;5;9;1;950;0%;950;Pix
4754;2026-07-18;1460;3;6;1;250;0%;250;Cartão de Crédito
4755;2026-03-13;1052;7;6;1;320;0%;320;Cartão de Crédito
4756;2025-09-20;1638;36;9;1;550;0%;550;Cartão de Débito
4757;2026-02-03;361;24;4;1;380;0%;380;Pix
4758;2025-11-02;2020;1;7;1;4500;5%;4275;Pix
4759;2026-06-18;2255;11;3;3;3800;0%;11400;Cartão de Crédito
4760;2026-06-10;602;19;15;2;490;5%;931;Cartão de Crédito
4761;2026-01-17;11;11;14;2;3800;0%;7600;Pix
4762;2026-01-09;1257;4;8;1;1400;0%;1400;Cartão de Crédito
4763;2026-03-03;2404;10;10;1;50;0%;50;Cartão de Crédito
4764;2026-05-26;2060;40;6;4;600;0%;2400;Cartão de Débito
4765;2025-10-15;2164;2;17;2;80;0%;160;Boleto
4766;2026-01-31;2404;33;14;1;1200;5%;1140;Cartão de Crédito
4767;2026-06-13;96;6;13;1;220;0%;220;Cartão de Crédito
4768;2026-04-07;1064;4;1;1;1400;0%;1400;Cartão de Crédito
4769;2026-03-08;403;15;4;1;750;0%;750;Pix
4770;2025-10-04;745;4;3;3;1400;0%;4200;Boleto
4771;2025-12-03;1520;28;10;1;420;0%;420;Boleto
4772;2025-12-21;1143;22;3;3;850;0%;2550;Boleto
4773;2025-12-16;1013;28;1;2;420;0%;840;Pix
4774;2025-11-11;1645;7;2;1;320;0%;320;Cartão de Crédito
4775;2026-02-18;2163;21;14;2;1600;0%;3200;Pix
4776;2025-09-14;982;5;16;3;950;0%;2850;Cartão de Crédito
4777;2025-11-23;412;9;17;1;150;0%;150;Cartão de Crédito
4778;2026-03-28;217;22;2;5;850;0%;4250;Cartão de Crédito
4779;2025-12-24;669;12;2;1;180;0%;180;Cartão de Crédito
4780;2026-09-04;826;6;4;1;220;0%;220;Boleto
4781;2026-07-13;1830;1;18;1;4500;0%;4500;Cartão de Débito
4782;2026-07-12;2476;20;2;2;190;5%;361;Cartão de Crédito
4783;2025-10-23;367;9;9;5;150;0%;750;Pix
4784;2025-09-28;55;22;7;1;850;0%;850;Pix
4785;2026-02-11;1945;2;4;1;80;5%;76;Boleto
4786;2026-01-13;439;26;16;4;2200;0%;8800;Pix
4787;2025-11-01;2416;6;15;1;220;0%;220;Boleto
4788;2026-08-11;2273;38;14;1;390;0%;390;Pix
4789;2025-10-05;430;9;13;1;150;10%;135;Cartão de Crédito
4790;2025-11-30;1454;6;2;1;220;0%;220;Cartão de Crédito
4791;2026-05-29;1059;15;4;1;750;0%;750;Cartão de Crédito
4792;2026-07-06;1167;29;15;2;380;0%;760;Cartão de Crédito
4793;2026-06-07;1347;30;12;1;160;0%;160;Boleto
4794;2025-09-16;494;15;3;1;750;0%;750;Cartão de Crédito
4795;2025-12-26;1793;2;11;1;80;0%;80;Pix
4796;2026-01-04;1384;9;17;2;150;5%;285;Cartão de Débito
4797;2025-12-05;489;29;1;3;380;5%;1083;Pix
4798;2026-05-11;682;24;18;1;380;0%;380;Cartão de Débito
4799;2026-06-09;1818;9;17;1;150;0%;150;Cartão de Débito
4800;2025-09-13;1932;10;5;1;50;0%;50;Cartão de Crédito
4801;2026-05-09;2453;11;2;1;3800;5%;3610;Cartão de Crédito
4802;2026-01-06;1917;28;4;1;420;10%;378;Cartão de Débito
4803;2026-04-12;434;41;14;1;45;0%;45;Pix
4804;2025-09-26;2264;8;17;1;110;0%;110;Cartão de Crédito
4805;2025-11-07;1926;12;5;3;180;0%;540;Cartão de Crédito
4806;2025-11-17;831;45;13;1;180;0%;180;Cartão de Débito
4807;2026-01-18;1971;5;16;1;950;0%;950;Cartão de Crédito
4808;2025-11-12;2194;27;7;1;350;0%;350;Cartão de Crédito
4809;2026-05-18;1388;19;8;1;490;0%;490;Cartão de Crédito
4810;2025-10-02;1833;5;14;1;950;5%;902,5;Cartão de Débito
4811;2026-06-25;435;1;1;2;4500;0%;9000;Pix
4812;2025-12-14;1175;45;18;5;180;5%;855;Cartão de Crédito
4813;2025-09-19;2249;21;12;4;1600;5%;6080;Cartão de Crédito
4814;2026-03-11;1907;15;17;1;750;0%;750;Cartão de Crédito
4815;2025-09-28;61;2;6;2;80;0%;160;Cartão de Crédito
4816;2026-08-11;1053;45;10;1;180;0%;180;Cartão de Crédito
4817;2025-12-20;553;35;7;3;250;0%;750;Pix
4818;2026-04-02;763;29;6;2;380;0%;760;Cartão de Débito
4819;2025-11-13;1601;7;2;1;320;0%;320;Cartão de Crédito
4820;2026-03-27;2468;19;13;3;490;0%;1470;Cartão de Crédito
4821;2026-06-21;1444;42;15;1;35;0%;35;Pix
4822;2026-01-22;1632;29;16;2;380;0%;760;Cartão de Crédito
4823;2025-09-22;1594;27;15;3;350;0%;1050;Cartão de Débito
4824;2026-08-27;1461;32;3;2;480;10%;864;Cartão de Crédito
4825;2026-04-23;485;20;8;1;190;0%;190;Boleto
4826;2026-07-04;1494;26;5;2;2200;10%;3960;Cartão de Crédito
4827;2025-10-27;1319;19;2;2;490;0%;980;Cartão de Crédito
4828;2025-11-10;1666;20;10;3;190;5%;541,5;Pix
4829;2025-11-25;1591;11;3;1;3800;0%;3800;Cartão de Débito
4830;2025-09-14;1968;44;1;1;55;10%;49,5;Cartão de Débito
4831;2026-01-01;810;42;12;1;35;0%;35;Cartão de Crédito
4832;2025-10-05;2141;40;9;1;600;0%;600;Pix
4833;2025-12-01;1156;9;7;1;150;0%;150;Boleto
4834;2026-09-06;461;37;18;1;140;0%;140;Cartão de Débito
4835;2026-01-03;2368;22;5;1;850;0%;850;Cartão de Crédito
4836;2026-02-06;2220;23;10;2;400;5%;760;Pix
4837;2026-05-27;271;23;8;1;400;0%;400;Pix
4838;2025-09-24;42;45;10;2;180;0%;360;Cartão de Crédito
4839;2025-11-05;1742;13;3;1;2900;5%;2755;Boleto
4840;2025-09-19;1296;36;8;2;550;0%;1100;Cartão de Crédito
4841;2025-10-05;604;33;4;1;1200;0%;1200;Pix
4842;2026-03-19;292;12;13;1;180;10%;162;Cartão de Crédito
4843;2026-05-13;1494;10;18;2;50;0%;100;Pix
4844;2026-03-29;1192;26;13;1;2200;0%;2200;Pix
4845;2026-09-12;1004;20;8;2;190;0%;380;Pix
4846;2026-08-19;1352;1;8;1;4500;5%;4275;Pix
4847;2026-02-17;2253;35;3;2;250;0%;500;Pix
4848;2025-10-29;13;15;11;1;750;5%;712,5;Pix
4849;2025-09-20;486;21;9;1;1600;10%;1440;Pix
4850;2026-05-25;1723;29;9;2;380;0%;760;Cartão de Crédito
4851;2025-11-30;2010;17;17;2;650;0%;1300;Pix
4852;2026-07-08;1739;9;4;2;150;0%;300;Cartão de Crédito
4853;2026-02-22;1936;11;8;1;3800;0%;3800;Cartão de Crédito
4854;2026-06-21;1381;12;11;1;180;0%;180;Cartão de Crédito
4855;2025-11-07;561;37;18;1;140;0%;140;Pix
4856;2025-10-21;1840;18;16;3;280;5%;798;Cartão de Crédito
4857;2026-02-27;404;15;5;1;750;0%;750;Cartão de Crédito
4858;2026-01-09;2426;24;12;1;380;5%;361;Cartão de Crédito
4859;2026-06-27;2039;15;17;1;750;0%;750;Pix
4860;2025-11-01;1399;1;12;1;4500;0%;4500;Boleto
4861;2026-01-22;634;20;13;1;190;0%;190;Cartão de Crédito
4862;2026-08-05;187;14;15;1;350;5%;332,5;Pix
4863;2025-12-03;931;8;13;1;110;0%;110;Pix
4864;2025-09-21;629;13;10;1;2900;0%;2900;Cartão de Crédito
4865;2026-02-08;1783;1;12;1;4500;0%;4500;Cartão de Crédito
4866;2026-02-02;1732;29;15;1;380;0%;380;Pix
4867;2026-05-09;579;9;2;2;150;5%;285;Cartão de Crédito
4868;2026-03-14;265;13;15;1;2900;0%;2900;Cartão de Débito
4869;2025-11-03;112;11;15;1;3800;0%;3800;Cartão de Crédito
4870;2025-12-25;251;2;17;1;80;0%;80;Boleto
4871;2026-05-07;502;4;12;1;1400;0%;1400;Cartão de Débito
4872;2026-03-27;1080;9;16;1;150;10%;135;Cartão de Crédito
4873;2026-06-11;942;8;16;1;110;5%;104,5;Cartão de Débito
4874;2026-08-18;251;10;7;2;50;0%;100;Cartão de Crédito
4875;2025-11-01;1994;38;11;3;390;0%;1170;Pix
4876;2026-02-16;935;14;17;1;350;0%;350;Cartão de Crédito
4877;2025-09-20;761;1;15;1;4500;5%;4275;Boleto
4878;2026-02-10;299;26;10;4;2200;0%;8800;Cartão de Crédito
4879;2026-05-27;1329;20;15;5;190;0%;950;Pix
4880;2026-08-21;742;1;13;2;4500;0%;9000;Pix
4881;2025-10-07;664;24;6;3;380;0%;1140;Cartão de Crédito
4882;2026-03-01;1064;27;13;2;350;0%;700;Cartão de Crédito
4883;2026-08-28;2164;19;13;3;490;0%;1470;Cartão de Crédito
4884;2025-11-26;1847;35;6;1;250;0%;250;Pix
4885;2026-06-23;2115;28;10;1;420;0%;420;Cartão de Crédito
4886;2025-10-05;1838;19;14;3;490;0%;1470;Cartão de Crédito
4887;2026-04-19;1027;6;5;5;220;0%;1100;Cartão de Crédito
4888;2025-09-17;1825;28;13;3;420;0%;1260;Cartão de Crédito
4889;2026-08-27;848;15;5;3;750;5%;2137,5;Cartão de Crédito
4890;2026-05-14;277;2;7;2;80;0%;160;Cartão de Crédito
4891;2026-03-04;853;4;18;1;1400;0%;1400;Cartão de Crédito
4892;2026-04-05;1950;36;14;1;550;0%;550;Pix
4893;2026-09-01;567;20;12;1;190;0%;190;Cartão de Débito
4894;2026-07-18;514;15;7;2;750;0%;1500;Cartão de Crédito
4895;2026-06-09;1767;3;17;1;250;0%;250;Cartão de Crédito
4896;2026-05-13;2488;16;2;2;520;0%;1040;Pix
4897;2026-04-08;124;27;9;1;350;5%;332,5;Boleto
4898;2026-06-03;2144;28;13;1;420;0%;420;Cartão de Crédito
4899;2026-07-11;958;3;6;1;250;0%;250;Cartão de Crédito
4900;2025-10-11;1371;14;12;5;350;0%;1750;Pix
4901;2026-01-10;1064;2;1;1;80;0%;80;Pix
4902;2026-03-08;105;12;17;5;180;5%;855;Cartão de Crédito
4903;2026-07-18;594;21;16;2;1600;0%;3200;Cartão de Crédito
4904;2025-12-23;2367;12;14;1;180;0%;180;Cartão de Crédito
4905;2025-10-24;1341;9;15;1;150;0%;150;Pix
4906;2026-04-19;1055;18;1;2;280;0%;560;Boleto
4907;2026-02-19;786;9;11;1;150;0%;150;Pix
4908;2026-04-10;1845;23;2;2;400;0%;800;Cartão de Crédito
4909;2026-05-12;2049;17;15;3;650;0%;1950;Pix
4910;2026-05-25;1389;4;12;1;1400;0%;1400;Cartão de Crédito
4911;2026-01-20;651;36;14;1;550;0%;550;Cartão de Crédito
4912;2025-10-21;2404;41;1;2;45;0%;90;Boleto
4913;2026-01-13;2159;5;9;1;950;0%;950;Cartão de Crédito
4914;2025-11-26;742;8;16;2;110;0%;220;Pix
4915;2025-12-28;1649;34;5;1;890;5%;845,5;Cartão de Crédito
4916;2026-05-03;845;3;6;4;250;0%;1000;Cartão de Crédito
4917;2025-10-12;722;22;6;1;850;0%;850;Cartão de Crédito
4918;2026-08-07;604;33;16;1;1200;5%;1140;Pix
4919;2025-11-03;436;21;3;2;1600;0%;3200;Cartão de Crédito
4920;2026-05-07;1520;18;16;2;280;0%;560;Cartão de Débito
4921;2026-04-18;2486;8;4;2;110;0%;220;Cartão de Débito
4922;2026-05-21;437;17;14;1;650;0%;650;Cartão de Crédito
4923;2025-12-05;235;12;10;2;180;0%;360;Cartão de Crédito
4924;2025-12-01;2225;13;12;1;2900;0%;2900;Cartão de Crédito
4925;2025-11-09;1184;25;9;1;310;0%;310;Pix
4926;2026-06-21;1656;15;18;2;750;0%;1500;Pix
4927;2026-01-09;133;14;12;4;350;0%;1400;Cartão de Crédito
4928;2025-12-10;425;19;14;1;490;0%;490;Cartão de Crédito
4929;2026-07-05;33;1;7;1;4500;0%;4500;Cartão de Crédito
4930;2026-07-08;734;32;6;1;480;5%;456;Cartão de Crédito
4931;2025-09-27;739;9;14;1;150;0%;150;Cartão de Crédito
4932;2026-06-30;2252;25;1;1;310;0%;310;Cartão de Crédito
4933;2025-10-30;1091;24;6;2;380;0%;760;Cartão de Crédito
4934;2026-08-25;1629;14;9;1;350;0%;350;Cartão de Crédito
4935;2026-05-23;318;25;2;1;310;0%;310;Cartão de Crédito
4936;2026-04-16;2238;12;1;1;180;0%;180;Cartão de Crédito
4937;2025-10-18;1846;25;15;3;310;5%;883,5;Pix
4938;2025-09-21;885;22;3;4;850;10%;3060;Cartão de Crédito
4939;2026-04-04;795;20;15;1;190;10%;171;Cartão de Crédito
4940;2025-10-02;1403;17;1;1;650;0%;650;Cartão de Crédito
4941;2025-09-28;1193;43;7;2;65;5%;123,5;Cartão de Crédito
4942;2025-12-27;757;12;14;1;180;0%;180;Cartão de Crédito
4943;2026-05-04;752;12;9;2;180;5%;342;Cartão de Débito
4944;2026-02-02;1544;44;8;1;55;0%;55;Pix
4945;2025-11-08;1805;17;6;1;650;0%;650;Pix
4946;2026-06-27;1142;22;15;1;850;0%;850;Cartão de Crédito
4947;2026-04-21;990;20;18;1;190;0%;190;Cartão de Crédito
4948;2025-09-14;2212;21;8;3;1600;0%;4800;Pix
4949;2026-06-27;134;2;13;1;80;0%;80;Boleto
4950;2026-02-25;1066;6;2;2;220;5%;418;Cartão de Crédito
4951;2025-12-01;1433;3;18;3;250;0%;750;Pix
4952;2026-02-25;446;29;8;1;380;0%;380;Cartão de Crédito
4953;2026-07-18;922;16;5;1;520;0%;520;Cartão de Débito
4954;2026-05-06;648;9;16;3;150;0%;450;Cartão de Crédito
4955;2025-12-13;2216;39;3;2;290;0%;580;Boleto
4956;2025-12-02;2346;13;4;1;2900;5%;2755;Pix
4957;2026-03-29;911;24;12;1;380;0%;380;Cartão de Crédito
4958;2026-08-11;196;24;10;3;380;5%;1083;Cartão de Crédito
4959;2026-06-27;1759;42;2;1;35;0%;35;Cartão de Crédito
4960;2025-11-15;1764;13;14;1;2900;0%;2900;Boleto
4961;2026-05-01;1619;19;11;5;490;0%;2450;Boleto
4962;2025-12-08;1859;2;6;2;80;0%;160;Cartão de Crédito
4963;2026-06-22;1245;10;12;1;50;0%;50;Cartão de Crédito
4964;2025-12-26;2409;18;16;1;280;0%;280;Pix
4965;2026-01-25;2402;33;12;1;1200;10%;1080;Pix
4966;2025-09-23;1855;39;1;2;290;0%;580;Cartão de Débito
4967;2026-05-28;2237;26;14;2;2200;0%;4400;Pix
4968;2026-02-13;12;22;14;2;850;0%;1700;Cartão de Crédito
4969;2026-05-23;1489;14;14;1;350;0%;350;Cartão de Crédito
4970;2025-09-23;695;12;2;1;180;0%;180;Cartão de Crédito
4971;2026-06-18;42;28;4;3;420;0%;1260;Cartão de Crédito
4972;2026-06-28;704;18;2;1;280;10%;252;Pix
4973;2025-12-05;763;33;3;1;1200;0%;1200;Cartão de Crédito
4974;2026-03-21;1226;3;8;2;250;0%;500;Pix
4975;2026-07-26;134;22;9;1;850;5%;807,5;Cartão de Crédito
4976;2026-01-22;2221;4;2;1;1400;0%;1400;Cartão de Crédito
4977;2026-07-08;923;14;6;1;350;0%;350;Pix
4978;2025-12-01;1428;29;7;3;380;0%;1140;Cartão de Crédito
4979;2026-01-16;845;12;6;2;180;0%;360;Boleto
4980;2025-09-15;688;7;8;1;320;5%;304;Boleto
4981;2026-03-14;276;11;2;1;3800;0%;3800;Pix
4982;2025-11-29;1533;20;11;1;190;10%;171;Cartão de Crédito
4983;2026-03-07;244;41;4;3;45;0%;135;Pix
4984;2026-07-25;927;27;11;1;350;0%;350;Cartão de Crédito
4985;2026-02-04;1346;31;2;2;120;0%;240;Cartão de Crédito
4986;2026-01-05;1659;20;17;1;190;10%;171;Boleto
4987;2026-06-22;2295;18;10;1;280;0%;280;Cartão de Crédito
4988;2026-09-02;853;15;7;1;750;0%;750;Cartão de Débito
4989;2026-01-15;790;21;6;1;1600;0%;1600;Cartão de Débito
4990;2026-02-09;1009;35;13;2;250;0%;500;Pix
4991;2025-12-04;2426;6;14;1;220;0%;220;Boleto
4992;2025-11-18;30;3;18;1;250;0%;250;Cartão de Crédito
4993;2025-09-25;1421;25;18;1;310;0%;310;Boleto
4994;2026-08-08;945;35;4;1;250;0%;250;Boleto
4995;2025-11-15;1104;8;9;1;110;0%;110;Cartão de Crédito
4996;2025-10-28;663;15;2;3;750;5%;2137,5;Cartão de Crédito
4997;2026-04-27;1366;36;13;1;550;0%;550;Pix
4998;2026-02-19;2463;40;5;1;600;0%;600;Pix
4999;2025-10-10;483;16;5;1;520;5%;494;Boleto
5000;2026-01-14;2034;10;13;1;50;0%;50;Cartão de Crédito
5001;2025-12-22;309;6;16;2;220;0%;440;Pix
5002;2026-05-05;1266;27;12;1;350;10%;315;Cartão de Crédito
5003;2026-02-01;656;7;3;2;320;0%;640;Cartão de Crédito
5004;2025-09-19;1573;10;6;1;50;0%;50;Boleto
5005;2026-07-13;1099;43;3;2;65;0%;130;Cartão de Crédito
5006;2026-06-28;833;10;15;1;50;0%;50;Pix
5007;2026-03-06;401;12;5;1;180;0%;180;Cartão de Crédito
5008;2025-12-13;1621;4;15;1;1400;0%;1400;Cartão de Crédito
5009;2025-10-20;939;12;4;2;180;0%;360;Boleto
5010;2026-05-16;1526;7;8;1;320;5%;304;Cartão de Crédito
5011;2026-04-05;525;28;14;1;420;0%;420;Cartão de Crédito
5012;2026-01-30;1940;34;11;1;890;0%;890;Cartão de Crédito
5013;2025-11-28;2084;37;13;1;140;0%;140;Pix
5014;2026-01-18;1570;14;4;1;350;0%;350;Cartão de Débito
5015;2025-11-23;105;5;14;1;950;5%;902,5;Pix
5016;2025-11-12;1838;20;8;1;190;0%;190;Pix
5017;2025-09-25;19;14;6;3;350;0%;1050;Pix
5018;2026-08-15;2184;20;9;1;190;0%;190;Cartão de Crédito
5019;2026-02-20;563;25;9;1;310;0%;310;Cartão de Crédito
5020;2025-10-13;783;13;6;1;2900;0%;2900;Cartão de Crédito
5021;2026-09-08;434;17;3;2;650;0%;1300;Pix
5022;2026-03-12;944;18;11;1;280;0%;280;Cartão de Crédito
5023;2026-03-12;41;17;11;1;650;0%;650;Pix
5024;2025-10-30;1110;13;7;2;2900;0%;5800;Pix
5025;2025-11-22;412;21;4;1;1600;5%;1520;Cartão de Crédito
5026;2026-02-12;974;2;2;3;80;0%;240;Cartão de Crédito
5027;2026-06-03;1809;4;16;1;1400;5%;1330;Boleto
5028;2026-07-11;1889;15;5;2;750;5%;1425;Boleto
5029;2026-01-23;1910;25;5;1;310;0%;310;Pix
5030;2026-03-22;1030;15;5;1;750;0%;750;Cartão de Crédito
5031;2025-11-29;383;41;17;2;45;10%;81;Pix
5032;2026-06-18;968;6;9;1;220;0%;220;Cartão de Crédito
5033;2026-07-30;1317;24;18;1;380;0%;380;Cartão de Crédito
5034;2025-11-07;2420;10;6;2;50;0%;100;Cartão de Crédito
5035;2025-09-15;1240;6;18;1;220;0%;220;Cartão de Crédito
5036;2026-05-17;2018;6;2;2;220;0%;440;Pix
5037;2026-04-20;2019;21;13;2;1600;5%;3040;Cartão de Crédito
5038;2026-07-03;813;36;7;1;550;0%;550;Cartão de Crédito
5039;2026-01-10;697;22;18;1;850;0%;850;Cartão de Crédito
5040;2026-04-20;1452;21;4;1;1600;0%;1600;Cartão de Crédito
5041;2026-03-14;235;40;6;1;600;0%;600;Pix
5042;2026-03-05;1914;9;18;1;150;0%;150;Boleto
5043;2026-08-18;1188;33;14;1;1200;10%;1080;Cartão de Crédito
5044;2026-01-30;235;5;17;1;950;0%;950;Cartão de Crédito
5045;2026-03-01;2063;1;12;3;4500;0%;13500;Cartão de Crédito
5046;2026-06-08;2173;24;7;3;380;5%;1083;Cartão de Débito
5047;2026-06-16;704;7;11;1;320;0%;320;Cartão de Crédito
5048;2026-09-05;1791;2;16;2;80;0%;160;Pix
5049;2025-11-20;1657;24;6;1;380;0%;380;Boleto
5050;2025-09-21;2081;4;9;1;1400;0%;1400;Cartão de Débito
5051;2026-04-03;1976;13;5;1;2900;0%;2900;Cartão de Crédito
5052;2026-08-15;2395;9;6;2;150;0%;300;Pix
5053;2026-03-16;1250;6;7;1;220;0%;220;Cartão de Crédito
5054;2026-08-04;1307;11;12;1;3800;5%;3610;Cartão de Crédito
5055;2025-10-23;2399;14;13;2;350;0%;700;Cartão de Débito
5056;2025-12-07;2276;34;6;1;890;0%;890;Boleto
5057;2025-12-09;752;14;12;2;350;0%;700;Cartão de Crédito
5058;2025-09-16;436;44;18;1;55;0%;55;Cartão de Crédito
5059;2025-12-14;1445;29;13;2;380;0%;760;Cartão de Crédito
5060;2025-12-07;1229;35;15;1;250;5%;237,5;Cartão de Crédito
5061;2025-12-09;2263;30;14;1;160;5%;152;Pix
5062;2025-12-17;2413;8;9;1;110;0%;110;Cartão de Crédito
5063;2025-12-13;53;13;3;2;2900;5%;5510;Cartão de Crédito
5064;2025-12-07;666;11;8;2;3800;0%;7600;Pix
5065;2026-01-30;358;40;10;1;600;0%;600;Pix
5066;2026-06-30;2349;34;6;2;890;0%;1780;Cartão de Débito
5067;2026-07-13;47;4;1;1;1400;0%;1400;Cartão de Crédito
5068;2026-07-19;1711;10;13;1;50;0%;50;Boleto
5069;2025-12-08;1817;45;2;1;180;0%;180;Cartão de Crédito
5070;2025-11-19;1679;11;13;1;3800;5%;3610;Cartão de Crédito
5071;2025-09-12;1075;37;11;1;140;0%;140;Cartão de Crédito
5072;2025-10-08;2379;34;12;1;890;5%;845,5;Cartão de Crédito
5073;2026-04-20;796;32;6;1;480;0%;480;Boleto
5074;2025-10-16;1955;37;10;1;140;0%;140;Cartão de Crédito
5075;2026-08-09;162;18;1;2;280;5%;532;Cartão de Crédito
5076;2026-01-08;307;9;2;2;150;0%;300;Cartão de Crédito
5077;2025-10-25;2355;26;8;1;2200;0%;2200;Cartão de Crédito
5078;2026-01-15;1519;32;7;1;480;0%;480;Cartão de Crédito
5079;2026-06-14;728;40;5;1;600;0%;600;Cartão de Crédito
5080;2025-12-03;1221;25;15;2;310;0%;620;Cartão de Débito
5081;2025-10-29;356;17;8;1;650;0%;650;Boleto
5082;2026-03-26;24;9;2;1;150;0%;150;Pix
5083;2026-04-14;88;21;17;1;1600;0%;1600;Pix
5084;2025-11-24;1890;12;16;2;180;5%;342;Cartão de Crédito
5085;2026-08-15;153;1;11;2;4500;0%;9000;Cartão de Débito
5086;2026-04-04;1151;9;13;5;150;0%;750;Cartão de Crédito
5087;2025-11-07;1713;19;2;3;490;0%;1470;Cartão de Crédito
5088;2026-05-12;1786;18;5;3;280;0%;840;Cartão de Crédito
5089;2026-03-31;1153;21;7;1;1600;5%;1520;Boleto
5090;2026-09-09;2154;32;12;1;480;0%;480;Cartão de Crédito
5091;2025-09-17;61;10;11;5;50;0%;250;Cartão de Débito
5092;2026-01-06;1897;28;6;1;420;5%;399;Pix
5093;2025-12-23;1112;12;14;1;180;0%;180;Cartão de Crédito
5094;2025-10-28;1822;14;14;2;350;0%;700;Pix
5095;2026-08-15;601;34;8;1;890;0%;890;Boleto
5096;2026-08-22;456;10;7;1;50;0%;50;Cartão de Crédito
5097;2025-12-22;1681;7;4;1;320;5%;304;Pix
5098;2025-09-18;1061;2;10;3;80;0%;240;Cartão de Crédito
5099;2026-09-11;382;34;14;1;890;0%;890;Cartão de Crédito
5100;2026-02-12;563;14;7;1;350;5%;332,5;Pix
5101;2025-11-01;1594;11;12;2;3800;5%;7220;Pix
5102;2026-01-31;1179;14;4;1;350;5%;332,5;Pix
5103;2025-12-21;1884;14;6;2;350;0%;700;Pix
5104;2026-05-07;1925;17;13;1;650;0%;650;Cartão de Crédito
5105;2026-06-06;1483;40;16;2;600;5%;1140;Cartão de Crédito
5106;2026-04-15;130;31;14;1;120;0%;120;Pix
5107;2026-09-01;854;18;9;3;280;0%;840;Cartão de Crédito
5108;2026-07-18;1198;1;6;1;4500;5%;4275;Cartão de Crédito
5109;2026-07-28;185;33;9;1;1200;0%;1200;Pix
5110;2026-04-19;285;32;16;1;480;0%;480;Cartão de Crédito
5111;2026-02-26;1394;9;4;1;150;0%;150;Pix
5112;2026-05-31;2255;24;15;1;380;0%;380;Cartão de Crédito
5113;2025-09-22;355;38;16;1;390;5%;370,5;Cartão de Débito
5114;2026-07-26;2313;24;7;2;380;0%;760;Pix
5115;2025-12-09;1228;18;6;1;280;0%;280;Cartão de Crédito
5116;2025-10-03;691;4;10;1;1400;0%;1400;Cartão de Crédito
5117;2026-06-25;898;4;15;4;1400;0%;5600;Boleto
5118;2026-02-16;1093;4;9;1;1400;0%;1400;Cartão de Crédito
5119;2025-10-21;2033;2;6;1;80;0%;80;Boleto
5120;2026-01-02;1101;21;12;1;1600;0%;1600;Cartão de Crédito
5121;2026-04-19;1374;3;7;2;250;5%;475;Cartão de Crédito
5122;2026-05-26;1593;10;9;2;50;0%;100;Pix
5123;2026-04-29;2336;7;1;2;320;10%;576;Cartão de Crédito
5124;2025-12-05;1471;20;10;1;190;0%;190;Cartão de Débito
5125;2026-06-13;1515;1;8;1;4500;0%;4500;Cartão de Crédito
5126;2026-03-24;561;16;14;1;520;0%;520;Cartão de Crédito
5127;2026-06-25;2326;26;2;1;2200;0%;2200;Cartão de Crédito
5128;2026-02-02;1916;8;6;1;110;0%;110;Pix
5129;2025-12-22;2113;23;14;5;400;0%;2000;Cartão de Crédito
5130;2026-09-08;1091;37;3;1;140;10%;126;Cartão de Crédito
5131;2026-08-12;50;29;1;1;380;0%;380;Pix
5132;2026-07-13;1389;4;8;2;1400;10%;2520;Cartão de Débito
5133;2026-05-26;1382;16;11;3;520;0%;1560;Pix
5134;2026-05-16;1098;7;6;1;320;0%;320;Pix
5135;2025-10-28;1601;11;9;1;3800;0%;3800;Pix
5136;2026-01-10;1316;2;1;1;80;10%;72;Cartão de Crédito
5137;2025-09-28;2383;29;8;1;380;0%;380;Cartão de Crédito
5138;2026-05-14;2186;38;3;3;390;0%;1170;Cartão de Crédito
5139;2026-01-24;1751;19;2;1;490;0%;490;Pix
5140;2026-02-15;2002;24;14;1;380;0%;380;Cartão de Crédito
5141;2025-10-30;1203;2;8;1;80;0%;80;Pix
5142;2026-05-03;2070;20;17;1;190;0%;190;Cartão de Crédito
5143;2026-01-24;1130;10;7;1;50;0%;50;Cartão de Crédito
5144;2026-05-04;210;21;13;1;1600;5%;1520;Pix
5145;2026-03-23;338;24;18;2;380;0%;760;Pix
5146;2026-05-01;1440;7;14;2;320;0%;640;Cartão de Crédito
5147;2026-01-21;1697;36;15;1;550;0%;550;Cartão de Crédito
5148;2025-11-18;1589;17;8;2;650;0%;1300;Boleto
5149;2026-04-06;2267;24;3;1;380;0%;380;Cartão de Crédito
5150;2026-03-19;1217;16;3;1;520;10%;468;Cartão de Débito
5151;2026-06-04;1527;10;17;2;50;10%;90;Pix
5152;2026-07-20;2340;25;2;1;310;0%;310;Cartão de Crédito
5153;2025-10-12;611;23;15;2;400;0%;800;Pix
5154;2026-05-13;684;22;4;3;850;0%;2550;Cartão de Crédito
5155;2025-09-17;2118;43;10;1;65;0%;65;Cartão de Crédito
5156;2026-03-02;168;36;15;1;550;0%;550;Pix
5157;2026-08-10;2303;1;13;1;4500;5%;4275;Cartão de Débito
5158;2025-09-22;1189;40;8;3;600;5%;1710;Pix
5159;2026-03-17;1688;21;14;2;1600;0%;3200;Cartão de Crédito
5160;2025-09-29;1383;11;2;4;3800;5%;14440;Cartão de Crédito
5161;2026-01-06;1016;11;15;1;3800;0%;3800;Cartão de Crédito
5162;2026-01-26;1741;33;17;1;1200;0%;1200;Cartão de Crédito
5163;2026-01-15;866;25;1;1;310;0%;310;Pix
5164;2026-04-02;1979;7;15;1;320;0%;320;Boleto
5165;2026-08-18;865;16;1;1;520;0%;520;Cartão de Crédito
5166;2026-04-07;1930;18;4;2;280;0%;560;Cartão de Crédito
5167;2026-06-19;556;33;6;4;1200;5%;4560;Cartão de Crédito
5168;2025-12-14;1723;12;14;1;180;0%;180;Cartão de Crédito
5169;2026-05-13;2354;9;9;1;150;5%;142,5;Cartão de Crédito
5170;2025-10-23;67;4;17;1;1400;0%;1400;Cartão de Crédito
5171;2026-05-01;2082;13;17;1;2900;0%;2900;Pix
5172;2026-04-20;1348;18;7;1;280;0%;280;Cartão de Crédito
5173;2026-05-27;1350;18;2;2;280;0%;560;Cartão de Débito
5174;2026-03-29;1929;44;7;2;55;0%;110;Cartão de Crédito
5175;2026-07-02;1699;23;7;1;400;10%;360;Pix
5176;2026-02-14;693;11;17;3;3800;0%;11400;Boleto
5177;2026-09-02;2064;43;16;2;65;0%;130;Cartão de Crédito
5178;2026-04-04;99;37;11;1;140;0%;140;Cartão de Crédito
5179;2026-08-04;1322;17;1;1;650;0%;650;Pix
5180;2026-08-21;1240;13;5;1;2900;5%;2755;Cartão de Crédito
5181;2025-11-22;484;11;15;2;3800;10%;6840;Cartão de Crédito
5182;2025-10-12;1075;35;18;1;250;0%;250;Cartão de Crédito
5183;2026-04-16;319;17;18;5;650;10%;2925;Pix
5184;2026-04-05;1814;15;1;1;750;0%;750;Pix
5185;2026-04-08;1601;2;7;1;80;0%;80;Cartão de Crédito
5186;2025-12-16;251;21;3;2;1600;0%;3200;Cartão de Débito
5187;2026-04-05;668;44;1;1;55;0%;55;Cartão de Crédito
5188;2026-05-12;786;16;6;1;520;5%;494;Pix
5189;2026-05-30;329;27;18;1;350;0%;350;Cartão de Crédito
5190;2025-12-02;2010;37;4;1;140;5%;133;Pix
5191;2026-06-26;631;3;14;1;250;0%;250;Pix
5192;2026-09-06;1323;7;7;1;320;5%;304;Boleto
5193;2026-01-09;1900;4;3;1;1400;0%;1400;Cartão de Crédito
5194;2026-05-04;25;4;18;1;1400;5%;1330;Cartão de Débito
5195;2026-04-16;1262;15;9;1;750;0%;750;Cartão de Débito
5196;2025-12-08;1660;2;10;3;80;0%;240;Pix
5197;2025-12-01;124;4;7;2;1400;0%;2800;Pix
5198;2026-09-03;2423;35;18;1;250;0%;250;Pix
5199;2026-08-29;961;10;3;1;50;0%;50;Pix
5200;2026-08-23;973;12;11;3;180;0%;540;Pix
5201;2026-02-13;2464;36;1;1;550;0%;550;Cartão de Crédito
5202;2025-11-08;1157;6;12;1;220;5%;209;Pix
5203;2026-06-28;1715;31;15;1;120;0%;120;Pix
5204;2025-09-25;1559;12;6;1;180;0%;180;Pix
5205;2025-10-14;1393;10;18;1;50;0%;50;Cartão de Crédito
5206;2026-04-24;778;2;1;3;80;5%;228;Pix
5207;2026-03-19;1059;10;17;1;50;10%;45;Cartão de Crédito
5208;2025-12-04;1113;45;8;1;180;5%;171;Pix
5209;2026-06-26;2100;25;9;5;310;0%;1550;Cartão de Crédito
5210;2026-08-15;1005;11;2;1;3800;0%;3800;Pix
5211;2026-09-04;601;35;3;1;250;0%;250;Cartão de Débito
5212;2026-05-08;2207;40;4;4;600;5%;2280;Cartão de Crédito
5213;2026-04-12;1932;7;17;1;320;0%;320;Pix
5214;2025-09-14;1583;42;13;1;35;5%;33,25;Cartão de Crédito
5215;2026-08-06;1111;15;8;1;750;5%;712,5;Pix
5216;2026-08-25;467;15;11;1;750;0%;750;Cartão de Débito
5217;2026-08-08;2162;3;2;1;250;5%;237,5;Boleto
5218;2025-11-03;1555;17;9;3;650;0%;1950;Pix
5219;2026-07-06;582;20;17;1;190;0%;190;Cartão de Crédito
5220;2025-10-29;1346;10;1;3;50;5%;142,5;Cartão de Crédito
5221;2025-12-23;1839;22;2;1;850;0%;850;Pix
5222;2025-11-09;1950;2;2;3;80;5%;228;Cartão de Crédito
5223;2026-07-15;640;13;14;3;2900;5%;8265;Pix
5224;2026-07-31;1223;38;2;1;390;0%;390;Cartão de Crédito
5225;2026-04-28;197;4;7;2;1400;0%;2800;Pix
5226;2025-09-27;2102;5;18;2;950;0%;1900;Pix
5227;2025-09-28;2121;39;3;2;290;0%;580;Pix
5228;2026-05-02;653;4;13;1;1400;0%;1400;Cartão de Débito
5229;2025-11-27;2166;1;6;2;4500;0%;9000;Pix
5230;2026-07-16;1699;26;18;2;2200;0%;4400;Cartão de Crédito
5231;2025-12-10;1213;25;10;3;310;0%;930;Cartão de Crédito
5232;2026-06-08;1337;36;1;3;550;0%;1650;Cartão de Crédito
5233;2026-08-16;79;9;15;1;150;0%;150;Pix
5234;2025-11-26;2115;26;17;1;2200;0%;2200;Cartão de Crédito
5235;2026-08-15;2374;5;11;1;950;0%;950;Pix
5236;2026-06-28;754;28;15;2;420;5%;798;Pix
5237;2026-08-01;1129;9;3;2;150;10%;270;Cartão de Crédito
5238;2025-10-20;1717;9;18;1;150;10%;135;Cartão de Débito
5239;2025-09-13;1733;22;4;2;850;0%;1700;Cartão de Débito
5240;2026-07-16;1577;40;4;2;600;0%;1200;Cartão de Crédito
5241;2025-12-08;1935;5;13;2;950;5%;1805;Pix
5242;2026-03-31;543;11;1;3;3800;0%;11400;Cartão de Crédito
5243;2026-06-24;136;17;17;1;650;10%;585;Pix
5244;2025-11-19;69;37;8;1;140;0%;140;Cartão de Crédito
5245;2026-07-28;492;37;15;1;140;0%;140;Cartão de Crédito
5246;2025-10-11;718;31;14;3;120;0%;360;Pix
5247;2025-12-20;1084;3;9;3;250;5%;712,5;Pix
5248;2026-01-27;895;16;11;2;520;0%;1040;Cartão de Crédito
5249;2026-07-13;1563;1;6;2;4500;0%;9000;Cartão de Crédito
5250;2026-08-06;1037;10;11;2;50;0%;100;Cartão de Crédito
5251;2026-06-06;1985;16;1;2;520;0%;1040;Cartão de Crédito
5252;2025-10-23;732;19;1;1;490;5%;465,5;Cartão de Crédito
5253;2026-02-10;585;5;10;1;950;0%;950;Cartão de Crédito
5254;2025-12-04;1532;3;7;2;250;0%;500;Cartão de Crédito
5255;2026-04-08;2444;24;1;1;380;0%;380;Cartão de Débito
5256;2026-07-08;369;26;5;1;2200;0%;2200;Cartão de Crédito
5257;2026-01-04;1879;31;12;2;120;0%;240;Pix
5258;2026-01-17;37;25;6;1;310;0%;310;Boleto
5259;2026-06-21;1091;1;15;1;4500;0%;4500;Cartão de Crédito
5260;2026-04-07;241;6;8;1;220;0%;220;Cartão de Crédito
5261;2026-07-21;1544;20;15;2;190;10%;342;Cartão de Débito
5262;2025-09-12;541;28;10;2;420;0%;840;Pix
5263;2026-01-14;1538;1;11;4;4500;0%;18000;Cartão de Crédito
5264;2025-11-19;1263;15;2;1;750;0%;750;Pix
5265;2026-03-11;1454;19;8;4;490;5%;1862;Cartão de Crédito
5266;2026-09-04;1741;16;9;1;520;0%;520;Cartão de Crédito
5267;2026-05-26;325;20;18;1;190;0%;190;Cartão de Crédito
5268;2026-04-25;1505;21;9;1;1600;0%;1600;Cartão de Crédito
5269;2026-08-25;67;3;8;1;250;0%;250;Cartão de Crédito
5270;2026-04-04;1115;23;17;1;400;0%;400;Cartão de Crédito
5271;2026-06-18;602;30;4;3;160;0%;480;Cartão de Débito
5272;2026-03-11;2335;3;15;1;250;10%;225;Boleto
5273;2026-05-25;1019;24;17;1;380;0%;380;Cartão de Crédito
5274;2026-03-20;1133;15;13;1;750;5%;712,5;Cartão de Crédito
5275;2026-04-10;624;2;7;2;80;0%;160;Pix
5276;2025-11-16;946;2;14;2;80;0%;160;Pix
5277;2025-10-01;1562;4;13;1;1400;0%;1400;Pix
5278;2026-05-07;2476;18;17;1;280;5%;266;Cartão de Crédito
5279;2026-04-08;1163;3;3;1;250;0%;250;Cartão de Crédito
5280;2025-11-17;1528;30;10;1;160;0%;160;Pix
5281;2026-06-29;1985;7;6;1;320;0%;320;Pix
5282;2025-11-20;207;33;9;2;1200;0%;2400;Pix
5283;2025-12-16;2478;27;17;1;350;5%;332,5;Cartão de Crédito
5284;2026-03-29;756;23;6;1;400;0%;400;Cartão de Crédito
5285;2026-04-10;2309;21;5;4;1600;0%;6400;Cartão de Crédito
5286;2025-09-17;1573;3;14;2;250;0%;500;Pix
5287;2026-04-03;298;25;15;1;310;0%;310;Pix
5288;2026-06-30;2390;9;14;4;150;0%;600;Cartão de Débito
5289;2025-12-11;775;24;12;2;380;0%;760;Pix
5290;2026-03-24;2500;25;5;1;310;10%;279;Cartão de Crédito
5291;2026-07-10;2471;3;18;1;250;0%;250;Cartão de Crédito
5292;2026-01-16;883;10;11;1;50;0%;50;Cartão de Crédito
5293;2026-06-22;1956;20;13;2;190;5%;361;Pix
5294;2026-06-23;2109;5;15;1;950;10%;855;Pix
5295;2026-09-10;2030;25;15;1;310;0%;310;Cartão de Crédito
5296;2026-07-21;768;33;12;1;1200;0%;1200;Cartão de Crédito
5297;2026-04-22;51;5;10;1;950;0%;950;Cartão de Crédito
5298;2025-11-13;1012;39;9;1;290;0%;290;Cartão de Crédito
5299;2026-06-07;708;19;2;1;490;5%;465,5;Cartão de Crédito
5300;2026-06-06;1031;28;8;3;420;0%;1260;Cartão de Crédito
5301;2025-10-30;1341;20;7;1;190;5%;180,5;Pix
5302;2026-07-17;2163;3;7;1;250;0%;250;Pix
5303;2026-07-15;347;1;5;1;4500;0%;4500;Pix
5304;2025-11-15;1649;31;1;2;120;0%;240;Cartão de Crédito
5305;2025-09-27;19;44;3;2;55;5%;104,5;Boleto
5306;2026-02-07;1219;28;2;1;420;5%;399;Pix
5307;2026-08-12;1911;41;13;1;45;0%;45;Cartão de Crédito
5308;2025-11-26;276;23;10;1;400;0%;400;Cartão de Crédito
5309;2026-08-11;930;30;2;2;160;0%;320;Cartão de Crédito
5310;2026-02-04;2311;1;3;2;4500;0%;9000;Cartão de Crédito
5311;2026-01-01;1231;13;4;2;2900;0%;5800;Cartão de Crédito
5312;2025-09-20;837;40;17;1;600;5%;570;Cartão de Crédito
5313;2026-07-03;2031;5;11;1;950;0%;950;Cartão de Crédito
5314;2025-11-28;2227;18;16;1;280;0%;280;Cartão de Crédito
5315;2025-11-18;136;9;18;1;150;0%;150;Cartão de Débito
5316;2026-04-22;1341;12;13;1;180;5%;171;Boleto
5317;2026-02-11;655;25;5;1;310;0%;310;Pix
5318;2026-02-10;47;18;11;4;280;0%;1120;Cartão de Crédito
5319;2026-07-26;620;20;2;1;190;0%;190;Cartão de Crédito
5320;2026-06-04;749;20;8;1;190;0%;190;Cartão de Crédito
5321;2026-03-03;951;26;1;1;2200;0%;2200;Boleto
5322;2026-06-30;1985;38;14;1;390;0%;390;Cartão de Crédito
5323;2026-04-19;2493;8;4;1;110;10%;99;Cartão de Crédito
5324;2026-07-27;1070;6;18;1;220;5%;209;Cartão de Crédito
5325;2026-07-26;1642;13;5;1;2900;0%;2900;Cartão de Crédito
5326;2026-06-30;2234;31;2;1;120;5%;114;Pix
5327;2026-08-10;1516;30;13;1;160;0%;160;Cartão de Crédito
5328;2026-06-12;540;31;1;3;120;0%;360;Boleto
5329;2025-10-25;1941;21;12;5;1600;0%;8000;Pix
5330;2026-01-15;12;5;15;1;950;0%;950;Cartão de Crédito
5331;2026-07-24;1674;10;14;1;50;0%;50;Cartão de Débito
5332;2025-11-02;2156;18;14;2;280;10%;504;Boleto
5333;2026-07-01;1365;37;16;1;140;0%;140;Cartão de Crédito
5334;2025-11-29;1190;23;1;1;400;0%;400;Pix
5335;2026-02-17;1016;1;10;2;4500;0%;9000;Pix
5336;2026-05-21;1056;22;4;1;850;0%;850;Pix
5337;2026-09-10;670;22;11;1;850;5%;807,5;Cartão de Débito
5338;2026-01-05;298;19;7;2;490;0%;980;Pix
5339;2026-05-16;1294;7;13;3;320;0%;960;Cartão de Crédito
5340;2025-10-31;53;13;2;2;2900;0%;5800;Boleto
5341;2026-05-24;2008;11;16;1;3800;0%;3800;Cartão de Crédito
5342;2025-12-21;695;11;3;1;3800;0%;3800;Pix
5343;2026-05-24;1433;9;2;2;150;0%;300;Boleto
5344;2026-01-05;1717;3;3;1;250;0%;250;Pix
5345;2026-07-03;735;27;2;1;350;0%;350;Cartão de Débito
5346;2025-11-26;1367;28;3;1;420;0%;420;Pix
5347;2026-07-11;813;13;17;1;2900;5%;2755;Cartão de Crédito
5348;2026-05-17;793;7;7;1;320;0%;320;Cartão de Crédito
5349;2026-05-05;166;33;7;2;1200;5%;2280;Cartão de Crédito
5350;2026-02-11;754;1;10;1;4500;5%;4275;Pix
5351;2026-02-17;1127;27;15;1;350;0%;350;Pix
5352;2026-02-05;2253;43;1;1;65;5%;61,75;Pix
5353;2026-01-28;2021;11;14;3;3800;5%;10830;Cartão de Crédito
5354;2025-09-25;1819;27;18;2;350;0%;700;Cartão de Crédito
5355;2026-04-12;528;45;8;1;180;0%;180;Pix
5356;2026-02-20;270;6;1;2;220;0%;440;Pix
5357;2026-09-01;1927;29;14;1;380;0%;380;Cartão de Crédito
5358;2026-02-23;313;13;3;1;2900;5%;2755;Boleto
5359;2026-05-11;140;12;18;1;180;0%;180;Cartão de Crédito
5360;2026-03-13;368;31;16;1;120;0%;120;Cartão de Crédito
5361;2026-09-02;979;2;6;1;80;0%;80;Pix
5362;2026-06-14;2430;10;12;1;50;5%;47,5;Cartão de Crédito
5363;2025-10-22;1098;12;12;2;180;5%;342;Pix
5364;2026-03-27;789;32;9;1;480;0%;480;Cartão de Crédito
5365;2025-09-30;2479;22;3;1;850;0%;850;Pix
5366;2026-06-24;1451;23;17;2;400;0%;800;Pix
5367;2025-09-12;1411;38;12;1;390;0%;390;Cartão de Crédito
5368;2026-06-17;324;14;4;2;350;0%;700;Cartão de Crédito
5369;2026-02-23;1851;42;9;1;35;0%;35;Pix
5370;2026-01-28;1608;8;12;1;110;0%;110;Cartão de Crédito
5371;2026-01-17;2467;6;4;1;220;0%;220;Pix
5372;2026-04-03;193;39;16;3;290;0%;870;Cartão de Crédito
5373;2026-05-12;12;4;2;2;1400;0%;2800;Pix
5374;2026-02-04;47;41;8;2;45;0%;90;Pix
5375;2025-09-18;1276;38;11;1;390;0%;390;Boleto
5376;2026-02-18;481;4;18;1;1400;5%;1330;Cartão de Crédito
5377;2026-01-31;76;8;8;2;110;5%;209;Pix
5378;2026-07-18;2237;12;5;2;180;0%;360;Boleto
5379;2025-12-12;334;12;18;1;180;0%;180;Cartão de Crédito
5380;2025-09-24;857;5;13;1;950;0%;950;Boleto
5381;2026-04-01;657;43;2;1;65;0%;65;Cartão de Crédito
5382;2026-01-12;2105;3;12;1;250;0%;250;Boleto
5383;2026-06-17;2272;30;13;1;160;0%;160;Cartão de Crédito
5384;2026-08-28;1142;38;1;1;390;0%;390;Boleto
5385;2026-08-15;1822;2;18;1;80;0%;80;Boleto
5386;2026-06-15;51;16;5;2;520;5%;988;Cartão de Crédito
5387;2026-03-31;1318;33;6;3;1200;0%;3600;Boleto
5388;2026-07-20;1385;24;3;1;380;0%;380;Cartão de Crédito
5389;2026-03-26;1158;8;14;1;110;0%;110;Cartão de Crédito
5390;2026-09-10;2459;10;7;1;50;5%;47,5;Cartão de Crédito
5391;2025-12-25;970;6;11;2;220;0%;440;Cartão de Crédito
5392;2026-04-13;542;21;7;1;1600;0%;1600;Cartão de Crédito
5393;2025-10-10;778;34;15;1;890;0%;890;Cartão de Crédito
5394;2026-02-12;1080;2;1;2;80;10%;144;Pix
5395;2026-05-27;2078;14;2;1;350;0%;350;Cartão de Crédito
5396;2026-04-21;1997;22;2;3;850;0%;2550;Pix
5397;2026-05-28;2479;1;18;1;4500;0%;4500;Pix
5398;2026-05-17;175;6;6;1;220;0%;220;Cartão de Crédito
5399;2025-10-03;482;19;3;1;490;0%;490;Boleto
5400;2026-06-15;1156;43;8;2;65;10%;117;Pix
5401;2025-10-22;377;34;7;4;890;0%;3560;Cartão de Crédito
5402;2026-08-26;595;33;13;1;1200;0%;1200;Boleto
5403;2026-03-24;411;13;4;1;2900;0%;2900;Boleto
5404;2026-03-02;2201;34;9;1;890;0%;890;Cartão de Crédito
5405;2026-06-22;1387;2;18;1;80;0%;80;Cartão de Crédito
5406;2025-10-06;1405;6;6;1;220;5%;209;Pix
5407;2026-04-04;988;6;6;1;220;5%;209;Boleto
5408;2026-08-14;489;38;4;1;390;5%;370,5;Pix
5409;2026-07-13;1652;4;2;2;1400;0%;2800;Cartão de Crédito
5410;2026-02-10;1863;5;6;1;950;5%;902,5;Cartão de Crédito
5411;2025-11-26;75;21;11;4;1600;0%;6400;Cartão de Crédito
5412;2026-01-05;2461;44;16;1;55;5%;52,25;Cartão de Crédito
5413;2026-08-25;29;26;16;3;2200;0%;6600;Pix
5414;2026-05-14;1117;7;12;1;320;0%;320;Cartão de Crédito
5415;2026-09-11;1141;1;10;1;4500;10%;4050;Pix
5416;2026-05-15;233;11;18;1;3800;0%;3800;Pix
5417;2026-08-25;564;33;7;1;1200;5%;1140;Pix
5418;2025-10-22;1818;12;3;1;180;0%;180;Pix
5419;2026-02-07;1600;19;3;2;490;0%;980;Boleto
5420;2026-07-25;2345;15;11;1;750;0%;750;Cartão de Crédito
5421;2026-01-14;2362;31;9;2;120;0%;240;Cartão de Crédito
5422;2026-04-15;1991;11;13;1;3800;0%;3800;Cartão de Débito
5423;2026-04-08;542;9;14;2;150;5%;285;Pix
5424;2025-12-13;1017;12;11;1;180;0%;180;Cartão de Débito
5425;2026-09-06;2361;36;13;1;550;0%;550;Boleto
5426;2025-09-13;1489;44;8;1;55;5%;52,25;Cartão de Crédito
5427;2025-09-18;565;28;13;2;420;5%;798;Cartão de Crédito
5428;2025-10-19;2190;34;10;1;890;0%;890;Cartão de Crédito
5429;2025-09-20;532;2;12;2;80;0%;160;Cartão de Crédito
5430;2026-05-18;2276;16;15;1;520;0%;520;Pix
5431;2025-09-15;886;11;13;1;3800;0%;3800;Pix
5432;2026-06-03;1644;17;2;1;650;0%;650;Boleto
5433;2026-02-28;213;2;13;2;80;5%;152;Cartão de Débito
5434;2026-01-11;171;42;13;1;35;0%;35;Cartão de Crédito
5435;2026-04-02;978;23;14;1;400;0%;400;Cartão de Crédito
5436;2025-09-16;1520;9;2;1;150;0%;150;Pix
5437;2025-11-17;2175;44;3;1;55;0%;55;Cartão de Crédito
5438;2026-08-09;1757;8;9;1;110;0%;110;Pix
5439;2025-09-16;2233;6;4;2;220;0%;440;Cartão de Crédito
5440;2025-09-17;887;29;2;2;380;0%;760;Cartão de Crédito
5441;2026-07-12;485;13;6;4;2900;0%;11600;Cartão de Crédito
5442;2025-10-12;972;43;1;1;65;10%;58,5;Pix
5443;2025-11-24;1495;16;5;1;520;0%;520;Cartão de Débito
5444;2025-09-23;2492;15;9;2;750;0%;1500;Pix
5445;2026-03-04;648;18;7;5;280;0%;1400;Cartão de Crédito
5446;2026-05-05;1520;38;15;1;390;10%;351;Cartão de Débito
5447;2026-09-03;2448;19;12;2;490;0%;980;Pix
5448;2026-01-08;460;14;6;2;350;0%;700;Cartão de Crédito
5449;2026-03-31;171;32;2;1;480;5%;456;Pix
5450;2026-07-28;2185;39;14;1;290;0%;290;Cartão de Crédito
5451;2025-10-04;545;14;15;1;350;0%;350;Boleto
5452;2026-03-09;2020;3;10;1;250;0%;250;Cartão de Crédito
5453;2026-08-16;1318;7;9;1;320;0%;320;Cartão de Crédito
5454;2026-01-29;2419;1;5;1;4500;0%;4500;Pix
5455;2025-10-04;1307;20;10;1;190;10%;171;Cartão de Débito
5456;2026-06-24;2478;30;10;1;160;0%;160;Cartão de Crédito
5457;2026-09-02;1169;10;11;1;50;0%;50;Pix
5458;2026-01-05;2105;8;3;2;110;0%;220;Cartão de Crédito
5459;2025-11-14;2284;45;1;1;180;0%;180;Cartão de Débito
5460;2026-07-31;2299;13;4;2;2900;0%;5800;Cartão de Crédito
5461;2026-06-19;2439;32;13;1;480;0%;480;Cartão de Crédito
5462;2026-03-09;1436;34;17;2;890;0%;1780;Pix
5463;2025-12-29;1161;18;10;1;280;0%;280;Cartão de Crédito
5464;2026-02-28;1631;10;13;1;50;0%;50;Boleto
5465;2025-12-01;688;26;12;1;2200;0%;2200;Cartão de Crédito
5466;2025-11-27;506;21;16;2;1600;0%;3200;Cartão de Débito
5467;2026-07-24;2028;44;2;1;55;0%;55;Cartão de Crédito
5468;2026-02-20;1669;6;13;1;220;0%;220;Pix
5469;2025-09-18;962;3;14;1;250;0%;250;Cartão de Crédito
5470;2025-11-03;1721;30;5;2;160;10%;288;Cartão de Crédito
5471;2026-02-17;2220;19;14;1;490;5%;465,5;Pix
5472;2025-09-27;1834;14;1;1;350;0%;350;Pix
5473;2026-02-10;1839;6;5;2;220;10%;396;Cartão de Crédito
5474;2026-04-15;1664;34;1;5;890;0%;4450;Pix
5475;2025-11-18;806;2;12;1;80;0%;80;Cartão de Crédito
5476;2025-10-14;1500;7;17;1;320;5%;304;Cartão de Crédito
5477;2026-03-17;112;23;3;2;400;0%;800;Cartão de Crédito
5478;2026-03-22;816;30;1;1;160;0%;160;Cartão de Crédito
5479;2025-10-16;1808;2;8;2;80;0%;160;Cartão de Crédito
5480;2026-08-25;370;39;14;2;290;0%;580;Cartão de Crédito
5481;2026-05-24;385;31;11;1;120;0%;120;Cartão de Crédito
5482;2026-04-16;222;9;12;2;150;0%;300;Boleto
5483;2026-06-08;1803;9;2;1;150;0%;150;Boleto
5484;2026-03-22;529;25;6;1;310;0%;310;Cartão de Crédito
5485;2026-01-20;1238;3;3;1;250;0%;250;Boleto
5486;2025-12-28;1005;31;11;1;120;0%;120;Cartão de Crédito
5487;2026-02-16;1812;1;9;2;4500;5%;8550;Pix
5488;2025-10-10;1538;24;9;1;380;0%;380;Boleto
5489;2026-03-18;876;37;4;1;140;0%;140;Cartão de Crédito
5490;2026-08-26;1311;24;15;3;380;0%;1140;Cartão de Débito
5491;2026-07-07;223;14;11;1;350;0%;350;Pix
5492;2026-05-05;505;42;3;2;35;0%;70;Pix
5493;2026-08-07;2150;24;18;3;380;0%;1140;Pix
5494;2026-04-03;1781;44;10;4;55;0%;220;Boleto
5495;2026-04-07;2379;8;7;1;110;10%;99;Cartão de Crédito
5496;2026-04-19;1353;14;13;1;350;0%;350;Pix
5497;2025-11-14;2269;38;8;1;390;5%;370,5;Cartão de Crédito
5498;2025-12-20;1321;25;16;1;310;0%;310;Cartão de Crédito
5499;2026-01-25;2292;11;15;1;3800;0%;3800;Cartão de Crédito
5500;2026-04-02;2241;27;1;2;350;0%;700;Cartão de Crédito
5501;2026-03-22;1920;1;2;2;4500;0%;9000;Pix
5502;2025-12-16;995;16;16;1;520;0%;520;Boleto
5503;2026-05-12;364;30;18;1;160;10%;144;Pix
5504;2026-01-25;1001;2;1;1;80;0%;80;Pix
5505;2026-08-06;411;14;6;2;350;10%;630;Cartão de Crédito
5506;2025-12-04;105;14;12;2;350;0%;700;Boleto
5507;2026-04-21;2003;3;8;1;250;0%;250;Pix
5508;2026-01-01;777;42;5;2;35;0%;70;Pix
5509;2026-08-31;2473;44;16;2;55;5%;104,5;Pix
5510;2025-12-29;546;5;7;1;950;0%;950;Pix
5511;2026-06-28;1659;22;10;2;850;0%;1700;Cartão de Crédito
5512;2026-01-22;164;5;6;2;950;0%;1900;Cartão de Crédito
5513;2026-06-26;547;3;11;3;250;5%;712,5;Cartão de Crédito
5514;2026-01-12;672;38;13;1;390;0%;390;Cartão de Crédito
5515;2026-05-05;1541;38;6;1;390;0%;390;Pix
5516;2026-01-22;678;12;15;1;180;0%;180;Pix
5517;2026-05-12;970;9;6;2;150;0%;300;Boleto
5518;2026-01-04;2192;5;11;3;950;0%;2850;Boleto
5519;2026-08-11;577;1;2;1;4500;5%;4275;Cartão de Crédito
5520;2025-11-20;977;15;6;1;750;5%;712,5;Cartão de Crédito
5521;2025-09-23;2357;21;4;3;1600;0%;4800;Cartão de Crédito
5522;2026-01-18;1;22;3;1;850;0%;850;Boleto
5523;2026-04-16;774;17;8;1;650;0%;650;Pix
5524;2025-12-10;2115;9;9;1;150;5%;142,5;Pix
5525;2026-02-09;567;21;7;1;1600;0%;1600;Cartão de Crédito
5526;2026-02-11;2027;31;3;1;120;0%;120;Pix
5527;2026-07-18;2421;12;17;1;180;0%;180;Pix
5528;2025-11-27;2491;5;1;2;950;0%;1900;Cartão de Débito
5529;2026-08-22;1980;30;11;1;160;5%;152;Cartão de Débito
5530;2026-02-23;345;10;11;3;50;10%;135;Boleto
5531;2026-01-27;1402;1;5;2;4500;10%;8100;Pix
5532;2026-03-30;236;3;15;2;250;0%;500;Cartão de Débito
5533;2026-02-24;1788;13;3;1;2900;5%;2755;Cartão de Crédito
5534;2025-12-24;2258;12;8;1;180;0%;180;Cartão de Crédito
5535;2025-11-14;121;6;1;1;220;0%;220;Boleto
5536;2026-04-01;1165;9;8;1;150;0%;150;Boleto
5537;2025-12-30;634;11;6;4;3800;0%;15200;Pix
5538;2026-04-21;617;15;5;2;750;0%;1500;Pix
5539;2026-05-22;1841;5;15;4;950;10%;3420;Cartão de Crédito
5540;2026-05-09;895;20;7;2;190;0%;380;Pix
5541;2025-10-20;1697;4;17;1;1400;0%;1400;Pix
5542;2026-09-05;139;39;13;1;290;0%;290;Cartão de Crédito
5543;2026-04-05;1224;18;16;1;280;0%;280;Cartão de Crédito
5544;2025-09-26;1815;2;1;1;80;0%;80;Pix
5545;2025-12-27;2288;2;12;1;80;5%;76;Cartão de Crédito
5546;2025-10-08;976;16;13;3;520;0%;1560;Pix
5547;2025-09-29;1373;12;11;3;180;0%;540;Cartão de Crédito
5548;2025-12-07;2063;25;10;3;310;0%;930;Cartão de Crédito
5549;2025-11-20;1179;8;3;1;110;0%;110;Pix
5550;2025-10-01;1938;13;10;1;2900;0%;2900;Cartão de Crédito
5551;2025-10-09;542;3;16;1;250;0%;250;Boleto
5552;2026-01-28;76;2;14;2;80;0%;160;Cartão de Crédito
5553;2026-05-12;1503;18;17;1;280;0%;280;Cartão de Crédito
5554;2025-12-06;1754;27;15;1;350;5%;332,5;Cartão de Débito
5555;2026-04-15;565;27;12;1;350;0%;350;Cartão de Débito
5556;2026-06-30;10;27;14;1;350;0%;350;Pix
5557;2025-12-02;57;29;2;1;380;5%;361;Cartão de Crédito
5558;2026-01-15;1659;4;7;1;1400;0%;1400;Cartão de Crédito
5559;2026-05-30;1462;36;13;1;550;0%;550;Pix
5560;2026-01-24;1687;38;3;3;390;0%;1170;Cartão de Crédito
5561;2026-02-03;2350;9;15;2;150;5%;285;Pix
5562;2026-01-26;1291;3;16;2;250;0%;500;Boleto
5563;2026-08-08;2402;1;7;2;4500;5%;8550;Cartão de Crédito
5564;2025-11-04;2142;25;7;1;310;0%;310;Cartão de Crédito
5565;2026-07-09;2338;12;16;2;180;0%;360;Pix
5566;2026-07-03;2219;20;9;2;190;0%;380;Cartão de Crédito
5567;2026-07-15;317;19;9;2;490;0%;980;Boleto
5568;2026-07-15;2073;4;14;1;1400;5%;1330;Pix
5569;2025-09-29;2414;39;11;1;290;5%;275,5;Pix
5570;2026-02-19;59;45;10;1;180;0%;180;Cartão de Crédito
5571;2026-07-14;851;14;5;1;350;5%;332,5;Cartão de Crédito
5572;2026-04-13;1788;33;10;2;1200;5%;2280;Pix
5573;2025-12-31;523;13;5;2;2900;0%;5800;Boleto
5574;2026-01-03;2419;4;9;1;1400;0%;1400;Cartão de Crédito
5575;2026-03-26;416;26;5;2;2200;0%;4400;Boleto
5576;2025-11-02;643;30;18;1;160;0%;160;Pix
5577;2026-07-08;2186;11;3;1;3800;5%;3610;Cartão de Crédito
5578;2026-08-16;428;23;11;4;400;0%;1600;Pix
5579;2026-07-24;1181;17;18;1;650;10%;585;Cartão de Crédito
5580;2026-03-04;934;14;9;2;350;0%;700;Cartão de Crédito
5581;2025-09-20;17;43;3;1;65;0%;65;Pix
5582;2025-12-14;1845;19;14;1;490;0%;490;Pix
5583;2026-09-04;670;37;5;1;140;5%;133;Cartão de Crédito
5584;2025-12-19;2424;29;17;1;380;10%;342;Cartão de Débito
5585;2026-09-07;1246;5;16;3;950;5%;2707,5;Boleto
5586;2026-02-12;708;13;6;1;2900;0%;2900;Pix
5587;2026-03-05;1629;1;15;1;4500;0%;4500;Cartão de Crédito
5588;2026-05-28;2014;28;3;1;420;0%;420;Boleto
5589;2026-06-01;2053;37;17;3;140;0%;420;Cartão de Crédito
5590;2025-11-23;528;4;7;1;1400;10%;1260;Cartão de Crédito
5591;2026-04-30;2154;29;18;1;380;5%;361;Pix
5592;2026-08-10;1979;15;2;2;750;0%;1500;Cartão de Crédito
5593;2026-02-27;2240;18;10;3;280;0%;840;Boleto
5594;2025-10-16;1589;34;17;1;890;5%;845,5;Boleto
5595;2025-10-07;1575;8;3;1;110;5%;104,5;Boleto
5596;2025-12-23;1047;14;12;1;350;0%;350;Cartão de Débito
5597;2026-04-05;1254;6;15;1;220;0%;220;Cartão de Crédito
5598;2026-07-03;2456;1;18;3;4500;0%;13500;Pix
5599;2026-01-28;1604;5;1;1;950;0%;950;Cartão de Crédito
5600;2026-08-25;1330;1;17;3;4500;10%;12150;Pix
5601;2026-04-19;1818;2;9;1;80;0%;80;Cartão de Crédito
5602;2026-06-29;1585;8;7;1;110;0%;110;Pix
5603;2026-08-25;2219;18;8;1;280;0%;280;Cartão de Crédito
5604;2025-09-13;1822;20;5;3;190;10%;513;Cartão de Crédito
5605;2025-12-24;1618;23;4;5;400;0%;2000;Pix
5606;2025-10-07;2225;40;2;1;600;0%;600;Cartão de Crédito
5607;2026-07-02;577;2;14;1;80;0%;80;Pix
5608;2025-10-24;1574;10;13;1;50;0%;50;Pix
5609;2025-11-18;31;9;4;1;150;0%;150;Boleto
5610;2026-04-14;1322;45;12;2;180;0%;360;Boleto
5611;2026-02-22;1842;15;17;1;750;0%;750;Pix
5612;2026-04-08;1138;7;11;3;320;0%;960;Pix
5613;2026-05-25;2142;28;13;4;420;0%;1680;Cartão de Crédito
5614;2026-02-24;1343;33;12;1;1200;0%;1200;Pix
5615;2026-05-22;1443;40;4;1;600;0%;600;Cartão de Débito
5616;2025-12-09;1044;32;16;1;480;5%;456;Cartão de Crédito
5617;2026-04-20;1125;1;1;4;4500;0%;18000;Cartão de Débito
5618;2025-09-15;215;23;13;1;400;0%;400;Pix
5619;2026-06-07;1829;21;11;2;1600;5%;3040;Cartão de Crédito
5620;2026-06-05;1700;14;17;1;350;0%;350;Cartão de Crédito
5621;2025-11-18;1193;13;2;2;2900;0%;5800;Cartão de Crédito
5622;2026-03-13;293;23;14;2;400;5%;760;Pix
5623;2026-03-26;1446;37;9;2;140;0%;280;Cartão de Crédito
5624;2026-02-25;437;28;5;2;420;0%;840;Pix
5625;2025-12-10;1052;43;10;2;65;10%;117;Cartão de Crédito
5626;2026-01-23;282;4;17;1;1400;0%;1400;Boleto
5627;2026-07-10;1935;22;10;1;850;0%;850;Pix
5628;2025-09-14;589;10;7;1;50;0%;50;Cartão de Crédito
5629;2025-12-24;2168;32;14;5;480;0%;2400;Boleto
5630;2026-06-12;1745;30;1;1;160;0%;160;Pix
5631;2026-06-01;956;4;11;1;1400;0%;1400;Cartão de Crédito
5632;2026-05-10;172;3;3;2;250;0%;500;Pix
5633;2026-05-01;82;28;8;2;420;0%;840;Pix
5634;2026-04-09;795;21;2;3;1600;0%;4800;Pix
5635;2026-07-27;1222;25;9;1;310;5%;294,5;Cartão de Crédito
5636;2025-11-29;870;7;17;3;320;0%;960;Boleto
5637;2026-08-07;1685;36;2;2;550;5%;1045;Cartão de Crédito
5638;2025-12-09;186;13;11;2;2900;0%;5800;Cartão de Crédito
5639;2025-10-06;2215;17;18;2;650;5%;1235;Pix
5640;2026-01-04;125;22;9;1;850;0%;850;Cartão de Crédito
5641;2025-10-17;871;19;9;2;490;5%;931;Pix
5642;2026-08-20;2370;28;1;1;420;0%;420;Cartão de Crédito
5643;2026-07-07;1775;14;3;1;350;0%;350;Cartão de Débito
5644;2026-07-19;1949;23;16;1;400;0%;400;Cartão de Crédito
5645;2026-07-03;1995;25;5;1;310;0%;310;Pix
5646;2026-01-29;1379;29;5;1;380;0%;380;Pix
5647;2026-06-23;1101;24;4;1;380;0%;380;Cartão de Crédito
5648;2025-12-28;1486;43;13;1;65;0%;65;Cartão de Débito
5649;2026-07-21;1108;7;17;1;320;0%;320;Cartão de Crédito
5650;2025-09-18;1224;31;11;3;120;0%;360;Pix
5651;2025-10-03;1901;45;7;1;180;0%;180;Pix
5652;2026-03-12;1547;43;16;1;65;5%;61,75;Cartão de Débito
5653;2026-02-12;2087;7;1;1;320;0%;320;Pix
5654;2026-07-02;1319;1;16;2;4500;0%;9000;Cartão de Crédito
5655;2026-08-05;913;5;9;3;950;0%;2850;Cartão de Crédito
5656;2026-08-24;78;40;11;1;600;0%;600;Cartão de Crédito
5657;2026-07-08;2247;17;2;1;650;0%;650;Cartão de Crédito
5658;2025-11-22;1771;2;1;2;80;5%;152;Boleto
5659;2025-12-07;1028;39;9;5;290;0%;1450;Cartão de Crédito
5660;2025-11-26;182;4;8;2;1400;0%;2800;Cartão de Crédito
5661;2025-10-28;1450;19;17;1;490;0%;490;Cartão de Crédito
5662;2026-07-16;574;1;11;2;4500;10%;8100;Cartão de Crédito
5663;2026-06-05;1149;14;1;2;350;0%;700;Cartão de Crédito
5664;2026-05-09;784;34;10;1;890;0%;890;Cartão de Crédito
5665;2025-11-29;168;10;8;1;50;0%;50;Cartão de Crédito
5666;2025-10-31;2309;17;15;5;650;0%;3250;Pix
5667;2026-08-18;1884;7;16;2;320;0%;640;Boleto
5668;2026-02-05;2182;11;14;1;3800;10%;3420;Pix
5669;2026-05-05;1486;19;12;1;490;0%;490;Cartão de Crédito
5670;2025-11-09;1265;9;3;1;150;0%;150;Pix
5671;2026-06-01;1743;5;9;3;950;5%;2707,5;Cartão de Crédito
5672;2026-08-29;2141;37;6;1;140;0%;140;Cartão de Crédito
5673;2025-12-24;16;16;17;1;520;0%;520;Cartão de Débito
5674;2026-06-06;529;35;11;2;250;0%;500;Boleto
5675;2026-08-06;2130;39;13;1;290;0%;290;Cartão de Débito
5676;2026-09-03;2107;26;9;1;2200;0%;2200;Cartão de Débito
5677;2025-11-05;2337;12;14;2;180;0%;360;Cartão de Crédito
5678;2025-12-02;1003;8;8;1;110;0%;110;Pix
5679;2025-12-07;1759;38;1;3;390;0%;1170;Cartão de Crédito
5680;2026-08-07;1477;8;18;1;110;0%;110;Cartão de Crédito
5681;2026-03-23;1147;20;6;1;190;0%;190;Cartão de Crédito
5682;2026-05-05;1721;32;16;2;480;0%;960;Cartão de Crédito
5683;2026-02-08;2115;4;7;1;1400;0%;1400;Cartão de Crédito
5684;2025-11-01;1817;7;7;1;320;0%;320;Cartão de Crédito
5685;2026-09-05;11;5;13;1;950;0%;950;Boleto
5686;2026-04-06;745;3;7;2;250;0%;500;Pix
5687;2026-08-14;355;14;12;1;350;5%;332,5;Cartão de Crédito
5688;2025-10-29;2170;11;3;1;3800;0%;3800;Boleto
5689;2026-05-09;2216;30;17;2;160;10%;288;Pix
5690;2025-11-27;1208;44;5;2;55;0%;110;Pix
5691;2026-03-26;1482;38;11;2;390;5%;741;Boleto
5692;2026-06-27;1280;18;14;3;280;0%;840;Cartão de Crédito
5693;2026-07-27;2248;14;1;1;350;0%;350;Cartão de Crédito
5694;2026-04-15;626;12;8;3;180;5%;513;Boleto
5695;2025-11-19;1885;15;5;1;750;0%;750;Pix
5696;2026-01-02;1941;3;4;1;250;0%;250;Cartão de Crédito
5697;2026-04-30;2059;8;1;1;110;0%;110;Cartão de Débito
5698;2025-11-28;702;39;8;2;290;0%;580;Pix
5699;2026-05-11;2348;10;2;1;50;5%;47,5;Boleto
5700;2025-09-30;1755;1;11;1;4500;0%;4500;Cartão de Crédito
5701;2026-01-29;2221;31;15;1;120;0%;120;Pix
5702;2025-10-10;2262;18;9;3;280;0%;840;Cartão de Crédito
5703;2026-05-08;1830;30;11;1;160;0%;160;Cartão de Crédito
5704;2026-09-07;1063;16;3;1;520;0%;520;Pix
5705;2026-07-30;1824;5;14;1;950;0%;950;Boleto
5706;2026-05-24;1286;25;11;1;310;0%;310;Pix
5707;2025-12-24;2431;40;17;1;600;0%;600;Boleto
5708;2025-10-21;2231;27;18;1;350;0%;350;Cartão de Crédito
5709;2026-07-28;163;23;15;1;400;0%;400;Pix
5710;2025-12-28;1896;6;17;1;220;0%;220;Cartão de Crédito
5711;2025-10-15;1445;34;3;4;890;0%;3560;Boleto
5712;2026-02-23;2024;8;2;3;110;5%;313,5;Cartão de Crédito
5713;2026-06-24;2380;19;10;1;490;0%;490;Cartão de Crédito
5714;2026-03-20;2089;21;13;1;1600;0%;1600;Pix
5715;2025-12-06;1659;7;18;2;320;0%;640;Pix
5716;2025-12-28;2071;5;9;1;950;0%;950;Cartão de Crédito
5717;2026-06-20;2097;18;15;1;280;0%;280;Pix
5718;2026-04-10;842;4;17;2;1400;0%;2800;Pix
5719;2025-09-23;638;25;1;2;310;0%;620;Pix
5720;2026-08-28;1962;25;13;1;310;0%;310;Cartão de Débito
5721;2025-10-22;619;25;8;2;310;0%;620;Boleto
5722;2026-07-12;1635;29;4;5;380;0%;1900;Cartão de Crédito
5723;2025-12-13;470;26;1;2;2200;0%;4400;Cartão de Crédito
5724;2026-08-01;1367;9;3;2;150;0%;300;Cartão de Crédito
5725;2026-06-19;2240;9;4;2;150;0%;300;Pix
5726;2025-11-30;2323;23;18;1;400;5%;380;Cartão de Débito
5727;2026-06-06;1586;31;4;1;120;0%;120;Boleto
5728;2026-05-31;549;3;1;2;250;0%;500;Cartão de Crédito
5729;2026-08-10;2001;13;1;2;2900;0%;5800;Pix
5730;2026-04-05;1590;40;2;4;600;0%;2400;Pix
5731;2025-11-11;193;37;15;2;140;0%;280;Cartão de Crédito
5732;2026-07-09;541;14;8;1;350;0%;350;Cartão de Crédito
5733;2026-05-16;602;17;18;2;650;0%;1300;Cartão de Crédito
5734;2025-11-24;1588;40;18;3;600;0%;1800;Boleto
5735;2026-07-19;947;30;8;1;160;0%;160;Cartão de Crédito
5736;2026-01-30;2095;20;14;1;190;0%;190;Pix
5737;2026-08-16;1245;34;15;1;890;0%;890;Cartão de Crédito
5738;2025-10-05;994;33;11;1;1200;0%;1200;Pix
5739;2025-10-04;1724;11;16;1;3800;0%;3800;Cartão de Crédito
5740;2026-02-26;1886;9;17;1;150;0%;150;Cartão de Crédito
5741;2026-07-23;1695;42;17;1;35;0%;35;Pix
5742;2026-01-05;783;4;11;1;1400;5%;1330;Pix
5743;2026-03-12;1828;13;1;1;2900;0%;2900;Boleto
5744;2026-05-19;1812;21;8;1;1600;0%;1600;Cartão de Débito
5745;2025-11-02;700;9;7;2;150;0%;300;Pix
5746;2025-11-02;1323;31;11;2;120;5%;228;Cartão de Crédito
5747;2026-03-05;175;30;11;1;160;0%;160;Cartão de Crédito
5748;2026-04-25;135;31;12;1;120;0%;120;Pix
5749;2025-11-16;384;4;17;1;1400;0%;1400;Cartão de Crédito
5750;2026-05-14;2472;34;8;2;890;0%;1780;Cartão de Crédito
5751;2026-06-03;1122;6;9;1;220;0%;220;Pix
5752;2026-01-24;184;3;10;2;250;0%;500;Cartão de Débito
5753;2026-03-19;2086;40;18;1;600;10%;540;Pix
5754;2025-12-28;429;30;3;1;160;0%;160;Cartão de Crédito
5755;2026-02-18;262;14;10;2;350;0%;700;Pix
5756;2026-05-17;211;4;4;2;1400;0%;2800;Cartão de Crédito
5757;2025-11-29;930;28;11;1;420;0%;420;Pix
5758;2025-10-07;813;5;13;1;950;0%;950;Cartão de Crédito
5759;2026-06-13;1819;13;4;1;2900;0%;2900;Pix
5760;2026-02-25;1612;20;18;2;190;0%;380;Boleto
5761;2026-07-17;306;6;2;4;220;0%;880;Boleto
5762;2026-07-07;1794;10;15;1;50;0%;50;Pix
5763;2026-07-25;1829;39;18;1;290;0%;290;Cartão de Crédito
5764;2025-10-09;583;25;8;1;310;0%;310;Cartão de Crédito
5765;2026-08-05;1240;19;9;3;490;0%;1470;Cartão de Crédito
5766;2026-03-13;1747;19;17;1;490;0%;490;Pix
5767;2026-02-08;1079;5;14;1;950;0%;950;Cartão de Crédito
5768;2026-05-12;2354;5;10;3;950;0%;2850;Cartão de Crédito
5769;2025-09-24;950;28;14;1;420;0%;420;Pix
5770;2026-04-18;1222;20;1;1;190;0%;190;Pix
5771;2025-10-15;1770;30;7;1;160;5%;152;Cartão de Crédito
5772;2025-11-19;1308;3;16;1;250;0%;250;Cartão de Crédito
5773;2026-01-01;2043;17;17;2;650;0%;1300;Cartão de Crédito
5774;2026-08-16;854;37;4;1;140;0%;140;Cartão de Crédito
5775;2026-03-12;2386;25;16;1;310;0%;310;Cartão de Crédito
5776;2026-03-18;1856;8;6;2;110;0%;220;Cartão de Crédito
5777;2026-07-16;604;23;15;1;400;5%;380;Pix
5778;2026-01-09;428;12;17;2;180;0%;360;Cartão de Crédito
5779;2026-04-01;2292;34;7;2;890;10%;1602;Cartão de Crédito
5780;2026-09-10;155;23;5;1;400;0%;400;Pix
5781;2026-06-28;364;12;11;2;180;0%;360;Cartão de Crédito
5782;2026-06-25;1509;11;10;1;3800;0%;3800;Cartão de Crédito
5783;2026-08-06;671;36;8;1;550;5%;522,5;Cartão de Crédito
5784;2026-01-06;718;6;10;1;220;10%;198;Pix
5785;2025-10-28;1540;33;12;1;1200;0%;1200;Boleto
5786;2025-10-17;2253;13;12;1;2900;0%;2900;Boleto
5787;2026-07-29;1042;20;18;2;190;0%;380;Cartão de Crédito
5788;2026-01-16;2389;21;14;4;1600;0%;6400;Cartão de Crédito
5789;2026-03-30;99;14;15;1;350;0%;350;Boleto
5790;2025-12-27;1229;16;10;1;520;0%;520;Cartão de Crédito
5791;2026-03-27;1929;10;9;3;50;5%;142,5;Pix
5792;2026-03-30;724;39;4;2;290;0%;580;Boleto
5793;2026-03-07;2345;22;12;1;850;0%;850;Cartão de Crédito
5794;2026-06-17;1161;29;3;2;380;5%;722;Cartão de Crédito
5795;2026-07-30;1995;10;9;2;50;0%;100;Cartão de Crédito
5796;2026-07-21;471;14;14;1;350;0%;350;Cartão de Crédito
5797;2025-10-14;1811;21;1;1;1600;5%;1520;Cartão de Crédito
5798;2026-03-03;54;15;6;1;750;0%;750;Cartão de Crédito
5799;2025-12-05;316;7;17;1;320;0%;320;Cartão de Crédito
5800;2026-08-18;386;27;13;1;350;0%;350;Cartão de Crédito
5801;2026-06-28;2261;16;3;1;520;5%;494;Cartão de Crédito
5802;2026-08-08;1175;27;4;2;350;0%;700;Boleto
5803;2026-01-06;1229;24;9;1;380;0%;380;Cartão de Crédito
5804;2026-08-19;1965;10;13;1;50;0%;50;Cartão de Crédito
5805;2026-09-04;240;16;9;1;520;0%;520;Pix
5806;2026-06-26;834;11;16;1;3800;0%;3800;Cartão de Crédito
5807;2026-04-30;1179;39;1;1;290;0%;290;Cartão de Crédito
5808;2025-11-16;2423;3;5;1;250;0%;250;Cartão de Crédito
5809;2026-06-13;1660;12;10;1;180;5%;171;Cartão de Crédito
5810;2026-08-18;989;26;7;1;2200;0%;2200;Pix
5811;2025-09-26;621;13;14;2;2900;0%;5800;Cartão de Débito
5812;2026-08-02;1425;37;1;2;140;0%;280;Cartão de Crédito
5813;2026-07-03;2397;10;13;3;50;10%;135;Cartão de Crédito
5814;2026-09-09;767;15;4;3;750;0%;2250;Boleto
5815;2026-06-24;773;1;14;1;4500;0%;4500;Pix
5816;2026-03-24;1854;4;15;4;1400;0%;5600;Cartão de Crédito
5817;2025-11-14;2457;4;13;2;1400;0%;2800;Cartão de Crédito
5818;2026-04-12;1696;35;14;1;250;0%;250;Cartão de Crédito
5819;2025-10-21;7;30;5;1;160;0%;160;Cartão de Crédito
5820;2026-02-19;1615;27;8;1;350;0%;350;Pix
5821;2026-02-01;713;11;2;1;3800;10%;3420;Cartão de Crédito
5822;2025-11-19;525;20;5;3;190;0%;570;Cartão de Crédito
5823;2026-08-26;902;14;9;3;350;5%;997,5;Cartão de Crédito
5824;2026-07-23;2411;33;18;1;1200;5%;1140;Cartão de Crédito
5825;2025-10-02;297;1;7;1;4500;0%;4500;Cartão de Crédito
5826;2026-04-24;1735;9;18;1;150;0%;150;Cartão de Débito
5827;2026-01-03;1725;14;16;2;350;10%;630;Cartão de Crédito
5828;2026-03-14;67;23;4;1;400;0%;400;Pix
5829;2026-05-12;1853;5;3;1;950;0%;950;Cartão de Débito
5830;2026-02-26;614;23;10;2;400;0%;800;Cartão de Crédito
5831;2026-01-31;1654;13;4;1;2900;0%;2900;Pix
5832;2026-01-30;1204;6;1;1;220;5%;209;Pix
5833;2026-07-24;673;14;7;1;350;0%;350;Pix
5834;2026-01-15;1436;17;3;2;650;10%;1170;Cartão de Débito
5835;2026-05-04;1246;32;13;1;480;0%;480;Pix
5836;2026-03-15;1779;20;10;1;190;5%;180,5;Pix
5837;2025-11-22;1544;5;2;2;950;0%;1900;Cartão de Crédito
5838;2025-11-07;2252;20;13;1;190;0%;190;Pix
5839;2026-01-16;2006;9;5;1;150;0%;150;Boleto
5840;2026-03-25;894;1;3;1;4500;5%;4275;Cartão de Débito
5841;2026-06-29;2395;1;12;2;4500;0%;9000;Cartão de Débito
5842;2026-08-07;1563;19;11;2;490;0%;980;Cartão de Crédito
5843;2026-03-13;2387;21;6;1;1600;0%;1600;Cartão de Débito
5844;2026-08-05;749;26;16;1;2200;0%;2200;Pix
5845;2026-08-28;1797;29;13;1;380;0%;380;Cartão de Crédito
5846;2026-01-24;380;18;10;2;280;5%;532;Boleto
5847;2026-07-20;185;3;1;3;250;0%;750;Cartão de Débito
5848;2025-12-31;2243;8;11;1;110;0%;110;Cartão de Crédito
5849;2025-09-13;733;33;11;2;1200;0%;2400;Cartão de Crédito
5850;2026-03-06;261;13;7;1;2900;0%;2900;Cartão de Crédito
5851;2026-01-28;1182;17;9;1;650;0%;650;Boleto
5852;2026-06-20;1636;7;16;1;320;0%;320;Pix
5853;2025-11-23;740;23;18;1;400;0%;400;Cartão de Crédito
5854;2026-06-13;937;37;1;3;140;0%;420;Pix
5855;2026-02-12;1921;41;8;2;45;0%;90;Pix
5856;2026-01-09;271;3;9;1;250;0%;250;Pix
5857;2026-03-15;1131;36;13;2;550;0%;1100;Pix
5858;2026-09-03;343;6;12;1;220;5%;209;Cartão de Crédito
5859;2026-08-29;1976;2;10;2;80;0%;160;Pix
5860;2026-07-06;811;10;5;1;50;0%;50;Pix
5861;2026-03-14;381;32;4;4;480;10%;1728;Boleto
5862;2026-01-23;2410;20;15;2;190;0%;380;Cartão de Crédito
5863;2026-06-08;2118;6;15;2;220;0%;440;Cartão de Débito
5864;2026-07-10;1298;43;7;1;65;0%;65;Cartão de Crédito
5865;2025-10-14;549;31;1;2;120;0%;240;Pix
5866;2026-02-07;58;8;11;2;110;0%;220;Cartão de Crédito
5867;2026-02-05;999;2;15;1;80;0%;80;Cartão de Crédito
5868;2026-05-23;1784;8;14;3;110;0%;330;Pix
5869;2025-10-30;2105;18;7;3;280;0%;840;Boleto
5870;2025-10-08;2165;3;12;1;250;0%;250;Pix
5871;2026-05-27;212;20;2;1;190;0%;190;Cartão de Débito
5872;2025-11-02;2196;9;16;1;150;0%;150;Cartão de Crédito
5873;2026-01-14;352;22;10;2;850;0%;1700;Boleto
5874;2025-12-26;2386;14;3;3;350;10%;945;Cartão de Crédito
5875;2026-02-25;378;18;3;2;280;5%;532;Cartão de Crédito
5876;2026-01-18;938;39;14;2;290;0%;580;Pix
5877;2026-05-16;2191;7;14;1;320;10%;288;Pix
5878;2025-12-08;426;12;1;1;180;0%;180;Cartão de Crédito
5879;2026-05-18;2247;7;3;1;320;0%;320;Pix
5880;2026-06-19;1869;8;4;1;110;0%;110;Boleto
5881;2025-10-05;1661;34;17;1;890;5%;845,5;Cartão de Crédito
5882;2026-02-22;1734;16;10;1;520;0%;520;Cartão de Crédito
5883;2025-11-16;1355;22;15;1;850;0%;850;Cartão de Débito
5884;2025-10-09;1666;38;18;1;390;0%;390;Cartão de Crédito
5885;2026-08-11;10;45;5;1;180;0%;180;Pix
5886;2026-04-19;2369;24;7;2;380;0%;760;Cartão de Débito
5887;2026-01-15;296;14;12;3;350;0%;1050;Cartão de Débito
5888;2026-01-24;735;15;7;5;750;5%;3562,5;Cartão de Crédito
5889;2025-09-18;1656;5;2;1;950;0%;950;Pix
5890;2025-10-09;757;7;7;1;320;0%;320;Cartão de Crédito
5891;2025-10-09;758;34;17;5;890;0%;4450;Boleto
5892;2026-04-21;1374;24;11;1;380;10%;342;Cartão de Crédito
5893;2026-09-03;78;9;11;2;150;0%;300;Pix
5894;2025-11-21;689;15;10;4;750;5%;2850;Boleto
5895;2025-10-30;393;13;10;1;2900;0%;2900;Pix
5896;2025-11-29;112;45;13;1;180;0%;180;Cartão de Crédito
5897;2026-04-09;1968;3;2;1;250;0%;250;Cartão de Débito
5898;2025-11-03;1291;11;3;3;3800;0%;11400;Pix
5899;2026-01-21;1310;2;5;1;80;0%;80;Pix
5900;2025-09-21;391;3;13;1;250;0%;250;Cartão de Crédito
5901;2026-04-17;1024;9;7;1;150;0%;150;Boleto
5902;2026-06-04;577;16;5;1;520;10%;468;Pix
5903;2025-11-20;560;14;9;2;350;0%;700;Pix
5904;2025-10-01;130;4;11;1;1400;0%;1400;Boleto
5905;2026-01-08;2405;15;5;1;750;0%;750;Boleto
5906;2025-12-15;722;28;2;2;420;0%;840;Cartão de Crédito
5907;2026-03-21;1548;24;5;1;380;0%;380;Cartão de Débito
5908;2026-08-13;113;22;4;1;850;0%;850;Cartão de Crédito
5909;2026-08-17;190;18;3;1;280;10%;252;Cartão de Crédito
5910;2025-11-09;851;18;9;5;280;0%;1400;Cartão de Crédito
5911;2026-06-12;1257;15;7;1;750;0%;750;Cartão de Crédito
5912;2026-01-04;2359;24;4;5;380;0%;1900;Cartão de Crédito
5913;2025-12-19;934;9;6;1;150;5%;142,5;Cartão de Crédito
5914;2026-03-17;744;20;17;1;190;0%;190;Boleto
5915;2026-03-24;479;12;7;1;180;0%;180;Pix
5916;2025-12-02;997;1;9;1;4500;0%;4500;Cartão de Débito
5917;2026-03-02;1687;34;10;1;890;0%;890;Cartão de Crédito
5918;2026-03-01;518;23;7;1;400;0%;400;Pix
5919;2026-02-14;761;44;17;2;55;0%;110;Cartão de Crédito
5920;2026-04-04;1223;16;10;1;520;5%;494;Cartão de Crédito
5921;2026-07-21;1814;45;14;4;180;0%;720;Cartão de Crédito
5922;2025-09-14;710;9;9;1;150;0%;150;Cartão de Crédito
5923;2026-07-07;2098;26;14;1;2200;0%;2200;Cartão de Crédito
5924;2026-04-19;792;43;9;1;65;0%;65;Cartão de Crédito
5925;2025-12-10;224;27;12;2;350;5%;665;Cartão de Crédito
5926;2026-01-16;1792;10;15;2;50;5%;95;Cartão de Crédito
5927;2026-08-03;1940;42;8;3;35;0%;105;Cartão de Débito
5928;2026-01-31;2347;7;18;1;320;0%;320;Cartão de Débito
5929;2026-08-04;1477;19;6;1;490;0%;490;Cartão de Débito
5930;2026-07-27;1933;7;8;2;320;0%;640;Cartão de Crédito
5931;2026-03-13;1658;6;3;1;220;0%;220;Boleto
5932;2026-03-02;728;19;13;1;490;0%;490;Cartão de Crédito
5933;2026-04-06;1520;13;11;1;2900;5%;2755;Cartão de Crédito
5934;2026-06-27;272;29;9;1;380;0%;380;Pix
5935;2026-05-19;1598;30;6;4;160;0%;640;Boleto
5936;2026-03-20;1009;9;17;1;150;0%;150;Cartão de Crédito
5937;2025-10-13;1707;6;14;1;220;0%;220;Boleto
5938;2026-02-12;432;20;9;3;190;5%;541,5;Cartão de Crédito
5939;2026-05-12;1514;17;8;3;650;0%;1950;Cartão de Crédito
5940;2026-01-17;1657;2;12;1;80;0%;80;Cartão de Crédito
5941;2025-12-02;1182;8;15;1;110;10%;99;Cartão de Crédito
5942;2026-01-28;1614;25;14;1;310;5%;294,5;Cartão de Crédito
5943;2026-02-21;956;11;11;3;3800;0%;11400;Cartão de Crédito
5944;2025-12-27;2299;12;14;1;180;0%;180;Cartão de Crédito
5945;2025-11-16;2362;11;18;2;3800;0%;7600;Pix
5946;2026-03-04;1024;8;5;2;110;5%;209;Pix
5947;2026-02-07;830;43;13;1;65;0%;65;Cartão de Crédito
5948;2026-05-22;2427;18;5;1;280;0%;280;Cartão de Crédito
5949;2026-02-11;423;26;11;1;2200;0%;2200;Boleto
5950;2026-05-13;336;15;6;1;750;0%;750;Pix
5951;2026-08-06;1875;12;14;1;180;0%;180;Pix
5952;2025-12-21;2241;26;8;1;2200;0%;2200;Cartão de Crédito
5953;2026-02-24;1112;7;7;1;320;0%;320;Pix
5954;2026-08-15;1174;28;14;1;420;0%;420;Cartão de Débito
5955;2026-06-19;1346;10;17;1;50;0%;50;Boleto
5956;2026-04-19;1010;27;1;1;350;5%;332,5;Pix
5957;2026-04-11;415;32;13;1;480;0%;480;Pix
5958;2026-06-14;603;43;10;2;65;0%;130;Cartão de Crédito
5959;2026-06-28;1927;2;8;1;80;0%;80;Pix
5960;2026-07-24;2493;24;18;1;380;5%;361;Cartão de Crédito
5961;2026-08-14;317;3;14;3;250;5%;712,5;Boleto
5962;2025-10-31;1452;10;8;1;50;0%;50;Boleto
5963;2026-08-22;2049;11;3;2;3800;0%;7600;Cartão de Crédito
5964;2025-11-02;1613;45;17;1;180;0%;180;Cartão de Débito
5965;2026-08-13;806;43;15;2;65;0%;130;Cartão de Crédito
5966;2025-10-27;120;26;8;1;2200;0%;2200;Cartão de Crédito
5967;2025-09-23;2037;10;7;2;50;0%;100;Cartão de Crédito
5968;2026-05-12;536;8;13;1;110;0%;110;Boleto
5969;2025-10-12;1932;15;6;2;750;0%;1500;Pix
5970;2025-09-14;391;26;9;1;2200;0%;2200;Pix
5971;2026-06-13;1736;24;16;1;380;0%;380;Boleto
5972;2026-06-22;79;36;18;1;550;0%;550;Cartão de Crédito
5973;2025-11-22;1584;12;9;1;180;5%;171;Cartão de Crédito
5974;2026-07-02;852;10;4;2;50;0%;100;Cartão de Crédito
5975;2025-11-18;502;23;10;1;400;0%;400;Cartão de Débito
5976;2026-04-03;805;39;10;2;290;0%;580;Cartão de Crédito
5977;2026-04-26;1626;4;6;1;1400;0%;1400;Pix
5978;2026-02-24;1139;27;5;1;350;10%;315;Boleto
5979;2026-07-05;674;11;13;1;3800;0%;3800;Cartão de Crédito
5980;2026-09-06;1215;19;12;1;490;0%;490;Pix
5981;2026-04-07;841;1;7;2;4500;0%;9000;Boleto
5982;2026-07-15;446;11;15;1;3800;0%;3800;Cartão de Crédito
5983;2025-11-22;2397;31;10;1;120;0%;120;Cartão de Crédito
5984;2025-09-17;882;29;13;1;380;0%;380;Cartão de Crédito
5985;2026-07-02;1075;13;17;1;2900;0%;2900;Cartão de Crédito
5986;2026-08-18;328;43;4;2;65;0%;130;Cartão de Crédito
5987;2025-12-13;1695;28;13;1;420;0%;420;Pix
5988;2026-02-08;2324;37;15;2;140;5%;266;Pix
5989;2025-10-27;1680;10;15;1;50;0%;50;Pix
5990;2026-08-22;105;6;14;1;220;0%;220;Cartão de Crédito
5991;2026-08-27;2256;8;8;1;110;0%;110;Cartão de Crédito
5992;2026-01-01;1347;16;8;3;520;0%;1560;Cartão de Crédito
5993;2026-07-16;455;7;2;2;320;10%;576;Pix
5994;2025-11-04;1596;23;4;1;400;0%;400;Boleto
5995;2025-12-07;1434;44;1;1;55;0%;55;Boleto
5996;2025-11-09;1644;11;8;1;3800;0%;3800;Pix
5997;2026-06-29;2465;11;9;1;3800;0%;3800;Pix
5998;2026-07-08;139;10;3;1;50;0%;50;Cartão de Crédito
5999;2025-12-20;928;42;8;1;35;0%;35;Boleto
6000;2026-01-29;1114;12;7;1;180;0%;180;Pix
6001;2026-05-13;1718;15;16;2;750;0%;1500;Boleto
6002;2026-08-14;841;14;9;5;350;0%;1750;Cartão de Crédito
6003;2026-06-12;412;3;10;1;250;0%;250;Boleto
6004;2025-10-05;2308;20;18;1;190;5%;180,5;Cartão de Crédito
6005;2026-08-31;1087;29;3;1;380;0%;380;Cartão de Crédito
6006;2025-10-13;292;13;14;1;2900;5%;2755;Pix
6007;2026-05-22;2460;18;7;1;280;10%;252;Cartão de Crédito
6008;2025-10-01;303;42;9;1;35;10%;31,5;Cartão de Crédito
6009;2026-06-17;374;14;4;1;350;0%;350;Pix
6010;2026-04-05;43;2;10;1;80;0%;80;Cartão de Débito
6011;2026-07-05;2418;11;3;1;3800;10%;3420;Pix
6012;2025-09-24;195;12;10;1;180;0%;180;Pix
6013;2026-08-13;662;9;2;1;150;0%;150;Cartão de Crédito
6014;2025-11-28;2170;2;18;1;80;0%;80;Cartão de Débito
6015;2026-04-13;1709;2;4;1;80;0%;80;Cartão de Crédito
6016;2026-04-06;2230;28;2;2;420;0%;840;Pix
6017;2025-10-19;2467;26;2;1;2200;0%;2200;Cartão de Crédito
6018;2026-01-16;1196;17;5;3;650;10%;1755;Cartão de Crédito
6019;2025-11-13;822;2;9;1;80;0%;80;Cartão de Crédito
6020;2026-05-26;1349;8;10;1;110;0%;110;Cartão de Crédito
6021;2026-06-22;1070;4;5;2;1400;0%;2800;Cartão de Crédito
6022;2025-10-12;859;4;11;4;1400;0%;5600;Pix
6023;2025-12-22;306;26;14;1;2200;0%;2200;Cartão de Crédito
6024;2025-10-13;1959;15;4;1;750;0%;750;Pix
6025;2026-05-18;2424;39;4;1;290;0%;290;Cartão de Crédito
6026;2025-12-26;2227;22;13;1;850;0%;850;Pix
6027;2025-10-12;328;28;11;1;420;5%;399;Pix
6028;2026-05-16;406;22;3;1;850;0%;850;Cartão de Crédito
6029;2026-05-23;476;42;7;1;35;0%;35;Cartão de Crédito
6030;2025-11-20;401;19;10;1;490;5%;465,5;Pix
6031;2025-09-20;555;22;10;1;850;0%;850;Pix
6032;2026-05-07;18;22;6;1;850;0%;850;Cartão de Crédito
6033;2026-06-05;2276;44;3;1;55;0%;55;Cartão de Débito
6034;2026-02-07;377;27;4;1;350;0%;350;Cartão de Crédito
6035;2025-11-18;2186;20;15;1;190;0%;190;Pix
6036;2026-08-01;1226;38;11;1;390;0%;390;Cartão de Crédito
6037;2025-11-20;1985;13;3;1;2900;0%;2900;Cartão de Crédito
6038;2026-07-20;873;4;14;1;1400;0%;1400;Cartão de Crédito
6039;2026-05-13;2090;20;12;1;190;0%;190;Cartão de Crédito
6040;2026-05-21;1559;3;10;1;250;5%;237,5;Cartão de Crédito
6041;2026-04-19;769;43;3;5;65;0%;325;Cartão de Crédito
6042;2026-01-12;2270;3;3;1;250;5%;237,5;Pix
6043;2025-10-01;2046;21;10;4;1600;0%;6400;Pix
6044;2026-07-23;456;15;13;1;750;0%;750;Cartão de Débito
6045;2025-11-13;2366;34;10;1;890;5%;845,5;Pix
6046;2025-12-07;1022;22;5;1;850;0%;850;Cartão de Crédito
6047;2025-11-11;1427;45;10;1;180;0%;180;Pix
6048;2025-10-06;312;23;8;2;400;0%;800;Pix
6049;2025-10-24;1375;3;7;1;250;10%;225;Cartão de Crédito
6050;2026-02-28;211;18;14;2;280;0%;560;Cartão de Débito
6051;2026-07-14;1775;5;6;2;950;10%;1710;Pix
6052;2026-03-29;273;21;14;1;1600;0%;1600;Pix
6053;2026-06-19;1038;18;12;1;280;0%;280;Boleto
6054;2026-03-03;685;8;11;2;110;5%;209;Pix
6055;2025-12-10;2036;5;10;1;950;5%;902,5;Cartão de Débito
6056;2025-10-20;9;40;5;2;600;0%;1200;Boleto
6057;2026-08-02;1489;5;10;1;950;0%;950;Pix
6058;2026-05-19;267;1;15;1;4500;0%;4500;Cartão de Crédito
6059;2026-07-07;2224;6;9;1;220;0%;220;Cartão de Débito
6060;2026-06-05;2154;10;12;2;50;10%;90;Pix
6061;2026-04-18;1600;15;10;1;750;0%;750;Cartão de Crédito
6062;2026-05-29;2336;18;8;1;280;0%;280;Pix
6063;2025-10-11;126;26;12;1;2200;0%;2200;Cartão de Débito
6064;2025-11-05;2421;37;11;1;140;5%;133;Pix
6065;2026-04-21;1850;3;12;2;250;10%;450;Cartão de Crédito
6066;2026-08-17;1647;11;7;1;3800;0%;3800;Pix
6067;2026-03-18;1492;15;17;3;750;10%;2025;Pix
6068;2026-02-10;597;6;6;1;220;0%;220;Cartão de Crédito
6069;2026-04-29;354;5;15;1;950;0%;950;Pix
6070;2025-11-30;1597;5;13;1;950;0%;950;Cartão de Crédito
6071;2025-11-19;1482;20;13;1;190;0%;190;Cartão de Crédito
6072;2026-03-18;107;13;9;1;2900;0%;2900;Pix
6073;2026-03-26;33;14;16;1;350;0%;350;Cartão de Crédito
6074;2025-09-23;176;17;3;1;650;0%;650;Pix
6075;2026-02-09;1125;16;4;1;520;0%;520;Boleto
6076;2026-01-03;21;22;13;4;850;5%;3230;Cartão de Crédito
6077;2026-05-30;1725;7;6;1;320;0%;320;Pix
6078;2026-01-23;166;13;17;2;2900;0%;5800;Cartão de Crédito
6079;2026-04-27;421;9;1;1;150;0%;150;Cartão de Crédito
6080;2025-09-13;1687;4;14;1;1400;0%;1400;Pix
6081;2026-06-16;2456;14;2;1;350;0%;350;Cartão de Crédito
6082;2026-08-22;1114;36;4;2;550;0%;1100;Cartão de Crédito
6083;2026-05-18;556;8;18;2;110;0%;220;Cartão de Crédito
6084;2025-11-23;32;23;16;2;400;0%;800;Pix
6085;2026-04-08;691;15;7;1;750;0%;750;Pix
6086;2026-05-26;456;9;4;2;150;0%;300;Cartão de Crédito
6087;2026-03-10;661;15;5;2;750;5%;1425;Cartão de Crédito
6088;2026-01-07;586;20;18;2;190;0%;380;Cartão de Crédito
6089;2025-11-26;742;5;6;2;950;0%;1900;Cartão de Débito
6090;2026-06-23;635;8;10;2;110;0%;220;Pix
6091;2025-09-18;2196;27;9;2;350;5%;665;Cartão de Crédito
6092;2026-05-11;1339;2;5;1;80;0%;80;Pix
6093;2026-06-08;789;20;12;1;190;5%;180,5;Cartão de Crédito
6094;2026-07-19;2421;26;10;1;2200;5%;2090;Pix
6095;2025-09-28;6;7;9;1;320;0%;320;Pix
6096;2025-10-29;160;34;18;1;890;0%;890;Pix
6097;2026-01-27;1853;29;4;2;380;0%;760;Cartão de Débito
6098;2026-01-06;1528;40;4;5;600;5%;2850;Pix
6099;2026-09-07;473;3;8;2;250;0%;500;Cartão de Crédito
6100;2026-03-08;122;14;11;1;350;0%;350;Boleto
6101;2025-12-20;1306;3;15;2;250;0%;500;Boleto
6102;2025-11-25;675;40;17;2;600;10%;1080;Cartão de Débito
6103;2026-07-12;538;8;1;1;110;0%;110;Cartão de Crédito
6104;2026-04-23;1185;18;4;2;280;0%;560;Cartão de Crédito
6105;2026-08-05;1473;19;16;1;490;5%;465,5;Cartão de Crédito
6106;2026-06-23;168;31;15;3;120;0%;360;Pix
6107;2026-06-07;985;8;1;1;110;0%;110;Boleto
6108;2025-11-16;2214;7;1;2;320;0%;640;Cartão de Crédito
6109;2025-10-19;98;18;10;1;280;0%;280;Cartão de Crédito
6110;2025-11-03;1179;20;11;1;190;0%;190;Cartão de Crédito
6111;2026-01-14;1235;1;3;1;4500;0%;4500;Cartão de Crédito
6112;2026-07-22;1364;31;5;1;120;0%;120;Cartão de Crédito
6113;2026-05-31;392;9;9;1;150;0%;150;Cartão de Crédito
6114;2026-02-06;1924;13;18;1;2900;0%;2900;Cartão de Crédito
6115;2026-04-09;1861;13;10;1;2900;0%;2900;Pix
6116;2026-07-30;528;22;18;2;850;0%;1700;Pix
6117;2025-09-30;718;25;3;1;310;0%;310;Cartão de Crédito
6118;2026-08-06;2089;25;18;1;310;0%;310;Boleto
6119;2026-07-21;915;6;1;2;220;5%;418;Cartão de Crédito
6120;2026-03-28;910;31;12;2;120;0%;240;Cartão de Crédito
6121;2026-05-24;2291;7;1;3;320;0%;960;Cartão de Crédito
6122;2026-08-22;932;40;15;2;600;0%;1200;Boleto
6123;2026-06-24;2397;42;4;1;35;0%;35;Cartão de Crédito
6124;2026-08-19;598;5;4;1;950;0%;950;Pix
6125;2026-01-03;1822;42;9;1;35;0%;35;Pix
6126;2026-01-12;1649;36;1;1;550;0%;550;Boleto
6127;2026-02-22;1360;4;18;4;1400;0%;5600;Boleto
6128;2026-02-24;1411;20;16;2;190;0%;380;Pix
6129;2026-03-21;2427;8;10;1;110;0%;110;Cartão de Crédito
6130;2026-09-04;86;41;18;1;45;5%;42,75;Cartão de Débito
6131;2026-02-01;765;11;1;2;3800;5%;7220;Cartão de Débito
6132;2026-04-14;2469;24;14;3;380;0%;1140;Cartão de Crédito
6133;2026-06-29;201;42;10;1;35;0%;35;Boleto
6134;2026-03-14;628;23;17;1;400;0%;400;Cartão de Crédito
6135;2026-07-20;2226;22;14;1;850;0%;850;Pix
6136;2025-09-19;1546;31;3;1;120;0%;120;Pix
6137;2025-10-06;1592;30;11;1;160;0%;160;Pix
6138;2026-04-15;1883;1;8;3;4500;0%;13500;Pix
6139;2026-01-09;1853;9;9;1;150;0%;150;Cartão de Crédito
6140;2026-03-21;1819;14;2;1;350;5%;332,5;Cartão de Crédito
6141;2025-10-24;1635;35;11;1;250;0%;250;Pix
6142;2025-11-24;1820;6;14;2;220;0%;440;Cartão de Débito
6143;2025-10-29;913;7;14;5;320;0%;1600;Cartão de Crédito
6144;2026-08-17;2295;14;3;1;350;0%;350;Boleto
6145;2026-02-12;2408;33;18;1;1200;0%;1200;Cartão de Crédito
6146;2025-10-11;574;2;12;1;80;0%;80;Boleto
6147;2026-01-02;84;25;17;1;310;0%;310;Cartão de Crédito
6148;2026-02-02;797;32;16;1;480;0%;480;Pix
6149;2026-04-04;659;30;13;3;160;0%;480;Pix
6150;2026-02-10;1104;27;10;1;350;0%;350;Cartão de Crédito
6151;2026-05-05;2044;16;6;1;520;0%;520;Boleto
6152;2026-02-24;38;15;18;3;750;0%;2250;Pix
6153;2026-02-03;755;41;8;1;45;0%;45;Cartão de Crédito
6154;2025-11-23;1027;22;6;1;850;0%;850;Pix
6155;2025-12-29;1235;1;17;1;4500;0%;4500;Cartão de Crédito
6156;2025-09-14;131;31;9;1;120;0%;120;Boleto
6157;2025-10-22;1862;2;5;1;80;0%;80;Cartão de Crédito
6158;2026-02-16;454;1;11;3;4500;0%;13500;Cartão de Débito
6159;2026-03-06;1011;3;13;1;250;0%;250;Cartão de Crédito
6160;2026-07-16;443;15;11;1;750;5%;712,5;Boleto
6161;2026-06-12;1385;5;11;1;950;0%;950;Pix
6162;2026-05-04;1155;33;1;1;1200;0%;1200;Cartão de Crédito
6163;2026-03-27;714;4;16;1;1400;0%;1400;Cartão de Crédito
6164;2026-06-27;1552;21;1;1;1600;0%;1600;Cartão de Crédito
6165;2025-12-04;1137;14;6;5;350;0%;1750;Cartão de Crédito
6166;2026-03-19;1853;43;2;1;65;0%;65;Cartão de Débito
6167;2026-01-12;873;14;8;1;350;0%;350;Pix
6168;2026-08-14;592;34;11;1;890;0%;890;Cartão de Crédito
6169;2026-08-23;2457;21;10;1;1600;0%;1600;Cartão de Crédito
6170;2026-03-14;743;25;8;1;310;0%;310;Pix
6171;2025-10-24;1320;45;18;1;180;5%;171;Cartão de Crédito
6172;2025-11-22;2152;10;13;1;50;0%;50;Boleto
6173;2026-01-05;189;33;9;2;1200;0%;2400;Pix
6174;2025-09-22;573;4;14;1;1400;0%;1400;Cartão de Crédito
6175;2026-03-31;753;23;3;2;400;5%;760;Cartão de Crédito
6176;2026-04-26;647;45;4;2;180;5%;342;Pix
6177;2026-05-18;1211;14;6;2;350;0%;700;Pix
6178;2026-07-16;569;30;5;1;160;0%;160;Cartão de Crédito
6179;2025-09-25;1238;8;3;1;110;0%;110;Cartão de Crédito
6180;2026-04-08;1901;31;18;1;120;0%;120;Cartão de Crédito
6181;2025-12-11;489;9;12;1;150;0%;150;Cartão de Crédito
6182;2026-08-28;987;2;6;3;80;0%;240;Boleto
6183;2026-04-07;1567;6;7;4;220;0%;880;Cartão de Crédito
6184;2026-05-13;21;4;13;1;1400;5%;1330;Cartão de Crédito
6185;2026-01-03;517;17;12;1;650;10%;585;Pix
6186;2025-09-28;883;8;4;1;110;0%;110;Pix
6187;2026-01-08;2402;21;6;2;1600;0%;3200;Pix
6188;2026-05-26;185;42;10;1;35;0%;35;Cartão de Crédito
6189;2026-06-11;1468;6;1;1;220;0%;220;Pix
6190;2025-12-15;620;5;2;1;950;0%;950;Boleto
6191;2026-04-14;391;11;2;1;3800;0%;3800;Cartão de Crédito
6192;2025-11-05;2362;35;8;2;250;0%;500;Pix
6193;2026-08-07;998;43;7;1;65;0%;65;Cartão de Crédito
6194;2026-03-22;925;5;16;1;950;0%;950;Pix
6195;2026-07-18;1996;15;3;2;750;0%;1500;Pix
6196;2026-07-18;254;21;1;1;1600;0%;1600;Cartão de Crédito
6197;2025-10-11;89;14;6;1;350;0%;350;Pix
6198;2026-09-09;2383;5;11;1;950;0%;950;Cartão de Crédito
6199;2026-04-20;408;16;13;2;520;0%;1040;Cartão de Crédito
6200;2025-11-25;755;44;11;3;55;0%;165;Boleto
6201;2026-03-23;1151;39;16;1;290;5%;275,5;Cartão de Débito
6202;2025-10-14;2106;29;12;1;380;0%;380;Cartão de Crédito
6203;2026-03-12;2457;36;10;1;550;0%;550;Pix
6204;2025-09-13;1842;13;5;1;2900;5%;2755;Boleto
6205;2026-01-06;2;9;10;1;150;0%;150;Cartão de Crédito
6206;2026-03-07;890;3;5;1;250;0%;250;Cartão de Crédito
6207;2026-01-09;340;10;13;2;50;0%;100;Cartão de Crédito
6208;2026-08-11;1920;17;15;5;650;0%;3250;Pix
6209;2026-06-12;310;29;10;3;380;0%;1140;Cartão de Crédito
6210;2026-02-28;1544;28;10;2;420;0%;840;Boleto
6211;2026-04-25;1180;8;8;1;110;5%;104,5;Pix
6212;2026-04-27;53;11;4;1;3800;5%;3610;Cartão de Crédito
6213;2026-07-23;1212;9;12;1;150;5%;142,5;Boleto
6214;2025-12-21;428;19;3;1;490;0%;490;Cartão de Crédito
6215;2026-08-21;1849;4;16;2;1400;0%;2800;Pix
6216;2026-04-19;1724;17;14;1;650;0%;650;Pix
6217;2026-03-05;240;9;12;1;150;0%;150;Cartão de Débito
6218;2025-12-11;1929;44;14;1;55;0%;55;Boleto
6219;2025-10-16;513;10;1;1;50;0%;50;Cartão de Crédito
6220;2026-07-03;656;4;18;5;1400;0%;7000;Cartão de Crédito
6221;2025-10-26;1316;6;16;2;220;0%;440;Cartão de Crédito
6222;2026-06-19;226;4;14;2;1400;0%;2800;Cartão de Crédito
6223;2026-08-17;304;20;2;4;190;0%;760;Pix
6224;2025-11-30;541;20;8;1;190;0%;190;Cartão de Crédito
6225;2025-10-17;467;19;13;1;490;0%;490;Cartão de Crédito
6226;2026-05-14;2241;26;15;2;2200;0%;4400;Cartão de Crédito
6227;2025-09-24;1583;29;16;3;380;10%;1026;Cartão de Crédito
6228;2026-08-01;1752;8;7;1;110;0%;110;Cartão de Crédito
6229;2026-03-02;1008;3;5;1;250;0%;250;Cartão de Crédito
6230;2025-11-28;813;35;16;1;250;0%;250;Cartão de Crédito
6231;2025-11-14;2209;15;12;5;750;0%;3750;Cartão de Débito
6232;2026-07-08;637;19;3;1;490;0%;490;Pix
6233;2025-11-21;1551;8;17;1;110;0%;110;Pix
6234;2026-02-04;2100;12;12;1;180;0%;180;Boleto
6235;2026-04-12;904;35;16;2;250;0%;500;Cartão de Crédito
6236;2025-10-24;341;5;10;1;950;0%;950;Cartão de Débito
6237;2025-11-28;2484;41;10;1;45;0%;45;Cartão de Débito
6238;2025-12-19;89;38;2;1;390;0%;390;Cartão de Débito
6239;2025-09-26;1003;10;15;1;50;0%;50;Cartão de Crédito
6240;2026-03-03;1007;43;18;2;65;0%;130;Pix
6241;2026-06-28;609;22;8;1;850;0%;850;Boleto
6242;2026-09-06;300;24;7;1;380;0%;380;Cartão de Crédito
6243;2025-11-24;1064;10;14;1;50;0%;50;Cartão de Crédito
6244;2026-03-07;2456;2;17;2;80;5%;152;Cartão de Crédito
6245;2026-03-25;1557;19;7;1;490;0%;490;Cartão de Crédito
6246;2025-11-15;1961;9;18;1;150;0%;150;Pix
6247;2026-09-12;1057;32;4;1;480;0%;480;Cartão de Crédito
6248;2026-05-21;2269;38;7;2;390;0%;780;Cartão de Crédito
6249;2026-08-27;2036;6;14;3;220;0%;660;Cartão de Crédito
6250;2026-03-06;2336;38;3;2;390;0%;780;Cartão de Débito
6251;2026-03-05;862;2;17;1;80;0%;80;Cartão de Débito
6252;2025-11-22;169;2;4;1;80;0%;80;Cartão de Crédito
6253;2025-11-01;1126;2;1;1;80;5%;76;Pix
6254;2026-03-29;1447;2;6;2;80;0%;160;Pix
6255;2026-09-05;1753;18;13;3;280;5%;798;Boleto
6256;2026-02-08;754;6;14;1;220;0%;220;Cartão de Crédito
6257;2026-04-27;903;14;12;1;350;0%;350;Boleto
6258;2025-10-14;592;9;16;1;150;0%;150;Pix
6259;2025-12-14;1146;40;11;1;600;0%;600;Pix
6260;2026-03-07;904;15;8;1;750;0%;750;Boleto
6261;2026-05-20;1497;21;13;4;1600;0%;6400;Cartão de Crédito
6262;2026-02-19;1581;5;16;1;950;0%;950;Cartão de Crédito
6263;2026-04-10;1066;22;17;1;850;0%;850;Pix
6264;2026-04-25;2095;9;10;1;150;10%;135;Cartão de Crédito
6265;2026-07-10;1745;10;6;3;50;0%;150;Cartão de Crédito
6266;2025-12-05;1142;14;10;1;350;0%;350;Cartão de Crédito
6267;2026-09-09;1506;9;4;1;150;0%;150;Boleto
6268;2025-09-23;1257;17;14;2;650;0%;1300;Cartão de Crédito
6269;2026-07-29;566;6;11;4;220;5%;836;Cartão de Crédito
6270;2025-09-14;1693;12;5;5;180;0%;900;Pix
6271;2026-06-29;1716;43;11;4;65;0%;260;Pix
6272;2026-03-27;2187;28;11;1;420;5%;399;Cartão de Crédito
6273;2025-11-07;586;18;2;1;280;0%;280;Boleto
6274;2026-04-15;518;7;15;1;320;0%;320;Cartão de Crédito
6275;2026-04-13;2017;37;6;1;140;0%;140;Boleto
6276;2026-07-14;948;37;11;1;140;0%;140;Cartão de Crédito
6277;2026-09-06;90;41;15;1;45;0%;45;Pix
6278;2026-07-08;883;1;9;3;4500;0%;13500;Cartão de Crédito
6279;2026-08-28;1104;22;5;1;850;0%;850;Pix
6280;2025-10-19;537;10;4;1;50;0%;50;Cartão de Crédito
6281;2026-02-13;1791;32;12;1;480;5%;456;Boleto
6282;2025-09-14;763;36;5;1;550;5%;522,5;Cartão de Crédito
6283;2025-12-21;1199;3;16;1;250;0%;250;Cartão de Débito
6284;2026-05-06;2254;24;1;1;380;0%;380;Cartão de Crédito
6285;2026-02-05;1413;41;16;1;45;0%;45;Boleto
6286;2026-06-29;1900;21;5;1;1600;0%;1600;Boleto
6287;2026-03-22;477;6;17;1;220;0%;220;Cartão de Débito
6288;2026-02-08;213;2;15;1;80;0%;80;Pix
6289;2025-09-24;834;40;8;2;600;0%;1200;Cartão de Débito
6290;2026-08-10;2170;8;5;2;110;5%;209;Pix
6291;2025-10-29;1199;24;15;1;380;0%;380;Cartão de Crédito
6292;2026-06-23;590;32;8;2;480;0%;960;Cartão de Crédito
6293;2025-12-19;1822;1;5;4;4500;0%;18000;Cartão de Crédito
6294;2026-09-02;230;13;9;1;2900;0%;2900;Boleto
6295;2026-02-21;263;31;13;5;120;0%;600;Pix
6296;2026-05-19;1640;15;15;2;750;0%;1500;Cartão de Crédito
6297;2025-09-18;1620;18;7;1;280;0%;280;Pix
6298;2026-04-08;900;19;5;1;490;5%;465,5;Cartão de Débito
6299;2026-06-05;1747;6;7;1;220;0%;220;Cartão de Crédito
6300;2025-09-14;463;11;3;1;3800;5%;3610;Pix
6301;2025-11-21;621;16;1;1;520;0%;520;Cartão de Crédito
6302;2025-10-07;2122;1;10;1;4500;0%;4500;Cartão de Crédito
6303;2026-05-27;1100;22;5;2;850;0%;1700;Cartão de Crédito
6304;2026-03-29;1037;22;18;1;850;0%;850;Cartão de Crédito
6305;2025-12-25;839;28;7;1;420;0%;420;Cartão de Crédito
6306;2026-04-16;1849;40;13;3;600;0%;1800;Boleto
6307;2025-09-23;2087;43;6;1;65;0%;65;Pix
6308;2026-08-31;2213;17;13;2;650;0%;1300;Cartão de Crédito
6309;2026-05-25;352;14;7;1;350;5%;332,5;Pix
6310;2026-03-26;36;22;11;1;850;0%;850;Cartão de Crédito
6311;2026-08-05;1038;43;10;2;65;0%;130;Cartão de Crédito
6312;2026-04-22;2456;8;5;1;110;0%;110;Pix
6313;2025-09-24;2304;7;12;1;320;0%;320;Cartão de Débito
6314;2026-04-14;1147;25;2;1;310;0%;310;Cartão de Débito
6315;2025-11-09;770;30;5;2;160;0%;320;Pix
6316;2026-01-23;1514;9;3;1;150;0%;150;Pix
6317;2026-06-27;882;1;12;2;4500;0%;9000;Cartão de Crédito
6318;2025-10-07;4;22;3;1;850;0%;850;Cartão de Crédito
6319;2025-11-06;1360;23;10;1;400;0%;400;Cartão de Débito
6320;2026-03-31;450;27;16;1;350;0%;350;Pix
6321;2026-03-07;2174;11;2;1;3800;0%;3800;Cartão de Crédito
6322;2026-06-15;200;7;7;1;320;0%;320;Pix
6323;2026-06-07;2088;13;2;1;2900;0%;2900;Cartão de Crédito
6324;2026-02-05;1046;21;3;2;1600;0%;3200;Cartão de Crédito
6325;2025-10-13;1155;7;2;2;320;0%;640;Pix
6326;2026-01-29;992;15;3;1;750;5%;712,5;Cartão de Crédito
6327;2026-03-09;1662;5;13;2;950;0%;1900;Boleto
6328;2026-05-30;1393;26;3;1;2200;5%;2090;Cartão de Crédito
6329;2026-08-29;875;38;11;2;390;0%;780;Cartão de Crédito
6330;2025-12-18;2140;8;4;1;110;0%;110;Pix
6331;2026-01-30;2110;7;7;1;320;0%;320;Cartão de Crédito
6332;2026-05-14;1271;25;15;1;310;0%;310;Cartão de Crédito
6333;2026-02-22;1443;14;17;1;350;0%;350;Pix
6334;2025-10-07;808;40;2;1;600;0%;600;Cartão de Crédito
6335;2026-07-28;50;26;4;2;2200;0%;4400;Cartão de Débito
6336;2026-04-06;2115;31;11;1;120;0%;120;Boleto
6337;2026-03-26;1155;9;15;1;150;0%;150;Cartão de Crédito
6338;2025-11-07;1995;10;15;1;50;0%;50;Boleto
6339;2026-06-20;1075;32;2;2;480;0%;960;Cartão de Crédito
6340;2025-10-28;2492;19;2;1;490;0%;490;Cartão de Crédito
6341;2025-11-30;1895;24;4;1;380;0%;380;Boleto
6342;2026-04-07;2484;27;17;2;350;10%;630;Cartão de Crédito
6343;2026-09-02;2289;34;7;1;890;0%;890;Pix
6344;2026-05-17;422;20;14;1;190;0%;190;Cartão de Débito
6345;2025-10-29;438;34;12;2;890;0%;1780;Cartão de Crédito
6346;2026-06-03;1595;34;14;1;890;0%;890;Cartão de Crédito
6347;2026-06-03;1731;14;4;1;350;0%;350;Cartão de Crédito
6348;2025-10-25;2330;34;16;2;890;0%;1780;Cartão de Crédito
6349;2026-03-28;1797;42;12;1;35;0%;35;Cartão de Crédito
6350;2026-07-05;2136;14;7;2;350;10%;630;Boleto
6351;2026-08-17;816;23;6;1;400;0%;400;Pix
6352;2026-04-11;269;12;16;2;180;0%;360;Boleto
6353;2025-10-03;1315;23;1;1;400;0%;400;Cartão de Crédito
6354;2026-03-01;2197;13;7;2;2900;0%;5800;Cartão de Crédito
6355;2026-03-22;777;39;9;1;290;0%;290;Boleto
6356;2026-03-13;2209;40;3;3;600;5%;1710;Cartão de Crédito
6357;2026-07-10;1425;4;14;3;1400;0%;4200;Cartão de Crédito
6358;2026-02-26;1802;22;5;1;850;0%;850;Cartão de Crédito
6359;2026-06-18;1514;14;8;1;350;0%;350;Cartão de Crédito
6360;2026-03-17;981;8;8;1;110;0%;110;Pix
6361;2026-07-05;2431;11;17;1;3800;0%;3800;Cartão de Crédito
6362;2025-12-04;1157;7;6;4;320;5%;1216;Pix
6363;2026-03-29;1640;45;5;1;180;0%;180;Pix
6364;2025-10-30;1918;19;16;1;490;0%;490;Cartão de Crédito
6365;2026-03-02;2292;36;2;2;550;0%;1100;Pix
6366;2025-10-16;1353;6;18;2;220;0%;440;Cartão de Crédito
6367;2026-01-27;1743;33;14;2;1200;0%;2400;Pix
6368;2026-06-19;1987;30;7;2;160;0%;320;Pix
6369;2025-09-14;830;10;1;2;50;0%;100;Boleto
6370;2025-11-28;2112;34;11;1;890;0%;890;Cartão de Crédito
6371;2025-12-25;646;3;15;1;250;0%;250;Pix
6372;2025-12-12;1962;39;13;1;290;0%;290;Cartão de Crédito
6373;2026-04-20;2427;25;18;1;310;0%;310;Cartão de Crédito
6374;2026-08-09;910;14;9;3;350;0%;1050;Pix
6375;2026-02-21;286;9;12;1;150;5%;142,5;Pix
6376;2026-09-10;251;14;6;2;350;10%;630;Cartão de Crédito
6377;2026-02-22;516;10;17;1;50;0%;50;Cartão de Crédito
6378;2026-03-20;1229;31;14;1;120;0%;120;Cartão de Crédito
6379;2025-11-05;978;25;1;1;310;0%;310;Cartão de Crédito
6380;2026-06-17;1914;20;7;4;190;0%;760;Boleto
6381;2025-09-15;2193;8;16;1;110;0%;110;Cartão de Crédito
6382;2025-11-15;33;2;15;2;80;0%;160;Boleto
6383;2026-01-04;2276;22;6;1;850;0%;850;Pix
6384;2026-05-17;1947;3;16;1;250;0%;250;Pix
6385;2026-05-03;475;22;4;2;850;0%;1700;Pix
6386;2026-05-26;1199;25;5;1;310;0%;310;Pix
6387;2026-02-22;526;7;16;1;320;0%;320;Boleto
6388;2026-08-12;2065;19;13;2;490;0%;980;Cartão de Crédito
6389;2025-12-22;5;36;2;3;550;0%;1650;Pix
6390;2025-09-16;1813;10;3;1;50;0%;50;Pix
6391;2025-11-25;300;3;2;2;250;0%;500;Cartão de Crédito
6392;2025-11-23;1142;17;5;1;650;0%;650;Cartão de Crédito
6393;2025-12-20;1210;27;10;1;350;0%;350;Pix
6394;2026-05-20;888;10;2;1;50;0%;50;Cartão de Crédito
6395;2026-03-09;1981;2;15;1;80;0%;80;Cartão de Débito
6396;2026-05-10;385;32;14;1;480;0%;480;Pix
6397;2025-11-12;2375;37;16;1;140;0%;140;Cartão de Crédito
6398;2025-11-06;1541;13;12;1;2900;5%;2755;Pix
6399;2026-09-10;2499;18;14;2;280;5%;532;Cartão de Crédito
6400;2026-03-10;1634;33;13;1;1200;0%;1200;Cartão de Crédito
6401;2026-05-03;1666;21;10;1;1600;0%;1600;Cartão de Crédito
6402;2025-10-02;2488;29;13;2;380;5%;722;Pix
6403;2026-06-07;961;28;7;2;420;0%;840;Cartão de Crédito
6404;2026-02-06;1090;1;1;1;4500;0%;4500;Cartão de Crédito
6405;2025-09-20;1502;4;5;1;1400;0%;1400;Pix
6406;2025-12-03;1154;18;5;2;280;0%;560;Cartão de Crédito
6407;2026-08-23;1556;5;12;1;950;0%;950;Cartão de Crédito
6408;2025-12-21;1880;25;7;2;310;0%;620;Pix
6409;2026-09-02;747;14;5;1;350;0%;350;Cartão de Débito
6410;2025-10-27;2374;37;3;2;140;0%;280;Cartão de Crédito
6411;2026-01-22;999;8;1;1;110;0%;110;Pix
6412;2026-05-04;88;37;12;1;140;5%;133;Cartão de Crédito
6413;2026-09-01;1166;16;16;2;520;0%;1040;Pix
6414;2026-08-21;997;35;14;1;250;0%;250;Boleto
6415;2025-10-07;468;17;11;5;650;0%;3250;Cartão de Crédito
6416;2026-05-22;2404;3;4;1;250;5%;237,5;Cartão de Crédito
6417;2025-10-24;1347;25;2;4;310;0%;1240;Cartão de Crédito
6418;2026-09-06;394;16;2;1;520;0%;520;Cartão de Crédito
6419;2025-10-17;1626;16;5;2;520;0%;1040;Boleto
6420;2026-04-14;37;2;1;1;80;0%;80;Cartão de Débito
6421;2026-05-28;134;8;5;1;110;0%;110;Cartão de Crédito
6422;2026-04-05;1429;14;18;1;350;0%;350;Cartão de Crédito
6423;2026-07-01;856;12;9;1;180;5%;171;Cartão de Crédito
6424;2026-05-09;1378;17;15;4;650;0%;2600;Cartão de Crédito
6425;2026-06-23;833;18;8;2;280;0%;560;Pix
6426;2026-02-22;1184;2;17;2;80;5%;152;Pix
6427;2026-05-26;848;18;12;1;280;0%;280;Cartão de Crédito
6428;2026-05-21;366;11;6;1;3800;0%;3800;Cartão de Crédito
6429;2025-11-06;1162;5;13;1;950;0%;950;Boleto
6430;2026-05-11;2336;14;3;1;350;0%;350;Pix
6431;2026-01-19;1575;6;8;1;220;0%;220;Cartão de Débito
6432;2026-09-10;2070;5;14;1;950;0%;950;Cartão de Crédito
6433;2026-08-02;1587;30;10;1;160;0%;160;Pix
6434;2026-08-25;984;19;5;1;490;0%;490;Cartão de Crédito
6435;2025-09-23;851;5;3;2;950;0%;1900;Boleto
6436;2026-05-23;569;36;14;1;550;0%;550;Cartão de Crédito
6437;2026-04-16;1495;19;5;1;490;0%;490;Pix
6438;2026-06-04;582;6;10;4;220;5%;836;Pix
6439;2026-04-01;2207;6;11;3;220;0%;660;Cartão de Crédito
6440;2026-01-25;2426;24;6;3;380;0%;1140;Cartão de Crédito
6441;2026-05-25;527;21;10;2;1600;0%;3200;Cartão de Crédito
6442;2025-09-13;162;11;2;2;3800;0%;7600;Boleto
6443;2026-08-30;579;11;1;1;3800;0%;3800;Boleto
6444;2026-06-18;1603;22;2;1;850;5%;807,5;Cartão de Crédito
6445;2025-10-26;1246;13;13;2;2900;0%;5800;Cartão de Crédito
6446;2025-09-20;1310;8;3;2;110;0%;220;Cartão de Débito
6447;2026-07-10;99;32;18;1;480;0%;480;Cartão de Crédito
6448;2026-03-04;1147;7;7;2;320;5%;608;Cartão de Crédito
6449;2025-11-24;2030;23;4;1;400;0%;400;Cartão de Crédito
6450;2026-04-05;832;10;2;2;50;0%;100;Boleto
6451;2026-08-08;812;17;8;2;650;0%;1300;Pix
6452;2026-02-22;1724;14;7;1;350;10%;315;Cartão de Crédito
6453;2026-03-26;2451;36;7;1;550;0%;550;Boleto
6454;2025-09-18;367;9;2;1;150;5%;142,5;Cartão de Crédito
6455;2025-10-11;155;5;2;2;950;0%;1900;Pix
6456;2026-06-08;2438;16;8;1;520;0%;520;Cartão de Crédito
6457;2025-10-15;2266;18;15;1;280;0%;280;Pix
6458;2026-06-05;467;9;1;1;150;0%;150;Pix
6459;2026-02-17;2178;5;2;3;950;0%;2850;Cartão de Crédito
6460;2025-12-09;2158;15;8;2;750;0%;1500;Cartão de Crédito
6461;2026-03-02;1142;18;3;2;280;5%;532;Cartão de Crédito
6462;2026-03-02;2228;28;6;1;420;0%;420;Cartão de Crédito
6463;2026-07-28;208;10;8;4;50;0%;200;Cartão de Crédito
6464;2025-10-07;1076;28;8;1;420;0%;420;Cartão de Crédito
6465;2026-08-02;1817;13;14;1;2900;5%;2755;Boleto
6466;2026-04-17;363;1;8;1;4500;5%;4275;Cartão de Crédito
6467;2026-04-13;1614;5;6;1;950;0%;950;Boleto
6468;2026-06-12;102;41;17;1;45;0%;45;Cartão de Crédito
6469;2025-10-24;575;32;5;4;480;0%;1920;Cartão de Crédito
6470;2026-08-23;1758;11;17;2;3800;0%;7600;Pix
6471;2025-10-16;1429;26;10;1;2200;0%;2200;Cartão de Crédito
6472;2026-05-04;1051;23;15;1;400;0%;400;Cartão de Crédito
6473;2025-09-13;1424;14;8;1;350;10%;315;Cartão de Crédito
6474;2025-10-19;362;27;2;1;350;0%;350;Boleto
6475;2026-03-09;2247;35;7;1;250;0%;250;Cartão de Crédito
6476;2026-08-23;1002;11;1;1;3800;5%;3610;Cartão de Crédito
6477;2026-07-22;1773;4;16;1;1400;5%;1330;Pix
6478;2025-12-24;2477;7;15;1;320;0%;320;Cartão de Crédito
6479;2026-07-25;2064;22;10;1;850;10%;765;Boleto
6480;2025-11-22;388;18;18;1;280;10%;252;Pix
6481;2026-07-08;512;37;10;1;140;0%;140;Cartão de Crédito
6482;2025-11-22;1730;3;8;1;250;0%;250;Cartão de Crédito
6483;2026-05-12;1672;45;12;1;180;0%;180;Cartão de Crédito
6484;2026-08-09;118;21;4;1;1600;0%;1600;Cartão de Crédito
6485;2026-04-07;1990;22;14;1;850;0%;850;Cartão de Crédito
6486;2026-05-15;403;14;17;1;350;10%;315;Boleto
6487;2026-05-23;1961;36;13;2;550;0%;1100;Boleto
6488;2025-11-15;2175;15;18;1;750;0%;750;Pix
6489;2025-12-31;1676;11;8;1;3800;0%;3800;Cartão de Crédito
6490;2026-04-21;2232;17;17;1;650;5%;617,5;Pix
6491;2026-08-18;1465;35;1;2;250;0%;500;Cartão de Crédito
6492;2025-10-26;1625;39;6;1;290;0%;290;Pix
6493;2026-05-05;1645;40;6;1;600;0%;600;Boleto
6494;2026-07-12;651;10;6;1;50;0%;50;Cartão de Débito
6495;2026-04-17;1771;39;14;1;290;0%;290;Pix
6496;2026-04-27;2109;12;17;1;180;0%;180;Cartão de Débito
6497;2025-09-17;2335;27;7;4;350;0%;1400;Cartão de Crédito
6498;2026-04-29;1627;2;3;5;80;5%;380;Cartão de Crédito
6499;2026-04-02;1331;32;6;1;480;0%;480;Cartão de Crédito
6500;2025-12-16;2255;25;18;4;310;0%;1240;Pix
6501;2026-07-20;3;6;15;1;220;0%;220;Cartão de Crédito
6502;2026-02-08;2379;29;8;1;380;0%;380;Pix
6503;2026-02-21;2317;2;18;1;80;0%;80;Boleto
6504;2025-11-05;556;19;11;1;490;0%;490;Cartão de Crédito
6505;2026-03-05;1953;37;16;1;140;0%;140;Cartão de Crédito
6506;2026-05-08;624;20;14;1;190;0%;190;Cartão de Crédito
6507;2026-02-24;2471;4;16;1;1400;0%;1400;Cartão de Crédito
6508;2026-03-25;1214;36;1;1;550;0%;550;Boleto
6509;2026-06-20;770;3;18;1;250;0%;250;Boleto
6510;2026-03-20;2180;3;1;1;250;0%;250;Cartão de Crédito
6511;2026-02-21;121;4;3;1;1400;0%;1400;Pix
6512;2026-09-10;1192;22;4;1;850;0%;850;Pix
6513;2026-04-25;448;17;13;1;650;0%;650;Cartão de Crédito
6514;2026-02-27;1978;6;18;1;220;0%;220;Cartão de Crédito
6515;2026-07-07;772;11;3;1;3800;10%;3420;Cartão de Crédito
6516;2025-11-22;2418;23;12;1;400;0%;400;Cartão de Débito
6517;2026-04-02;1438;30;3;2;160;10%;288;Cartão de Crédito
6518;2026-06-12;2183;36;15;1;550;0%;550;Cartão de Débito
6519;2025-10-23;468;14;10;1;350;10%;315;Cartão de Crédito
6520;2026-06-08;1756;1;2;2;4500;0%;9000;Cartão de Débito
6521;2025-10-10;1479;1;2;1;4500;0%;4500;Boleto
6522;2025-09-14;2472;4;6;2;1400;0%;2800;Boleto
6523;2026-01-24;1105;4;6;2;1400;0%;2800;Pix
6524;2026-06-06;1832;41;18;1;45;0%;45;Pix
6525;2026-05-21;1432;40;15;1;600;0%;600;Cartão de Crédito
6526;2025-10-07;955;33;1;1;1200;0%;1200;Cartão de Crédito
6527;2025-11-23;2416;4;7;1;1400;0%;1400;Cartão de Crédito
6528;2025-09-21;506;26;4;1;2200;5%;2090;Cartão de Débito
6529;2025-11-27;1393;27;1;1;350;0%;350;Cartão de Crédito
6530;2025-10-14;2078;15;13;1;750;0%;750;Cartão de Crédito
6531;2026-07-29;148;12;16;1;180;0%;180;Cartão de Crédito
6532;2026-01-30;701;3;1;1;250;0%;250;Cartão de Crédito
6533;2026-04-05;2461;30;12;1;160;0%;160;Cartão de Crédito
6534;2025-11-27;743;7;6;2;320;0%;640;Pix
6535;2026-01-06;775;21;14;1;1600;0%;1600;Cartão de Crédito
6536;2026-07-18;864;8;4;1;110;0%;110;Boleto
6537;2026-08-02;2298;3;1;1;250;0%;250;Cartão de Crédito
6538;2026-03-27;689;18;2;1;280;10%;252;Cartão de Crédito
6539;2025-09-18;2042;5;7;1;950;0%;950;Cartão de Crédito
6540;2025-09-22;558;2;9;2;80;10%;144;Pix
6541;2025-12-09;1577;11;14;1;3800;0%;3800;Cartão de Crédito
6542;2025-11-22;1064;8;15;1;110;5%;104,5;Cartão de Crédito
6543;2026-03-17;980;11;16;1;3800;0%;3800;Cartão de Crédito
6544;2026-08-03;1181;25;1;1;310;0%;310;Pix
6545;2026-09-04;1338;6;16;2;220;0%;440;Pix
6546;2026-08-31;377;21;9;1;1600;0%;1600;Cartão de Crédito
6547;2026-02-15;1602;9;12;2;150;0%;300;Cartão de Crédito
6548;2026-04-08;2032;16;9;2;520;0%;1040;Pix
6549;2025-10-07;1559;27;18;3;350;0%;1050;Boleto
6550;2026-05-22;854;21;12;1;1600;5%;1520;Cartão de Crédito
6551;2026-08-08;1245;17;9;1;650;0%;650;Cartão de Crédito
6552;2026-03-21;897;15;9;1;750;0%;750;Boleto
6553;2026-02-28;269;25;9;1;310;0%;310;Cartão de Crédito
6554;2026-03-25;1758;1;18;1;4500;0%;4500;Cartão de Crédito
6555;2026-06-13;1716;11;12;1;3800;0%;3800;Pix
6556;2026-06-02;814;13;9;2;2900;0%;5800;Pix
6557;2026-05-29;813;3;10;1;250;5%;237,5;Pix
6558;2026-06-26;937;2;12;1;80;5%;76;Pix
6559;2026-08-13;2241;43;14;2;65;10%;117;Boleto
6560;2026-07-31;656;36;14;1;550;0%;550;Boleto
6561;2026-05-23;885;21;14;1;1600;0%;1600;Pix
6562;2026-03-31;1228;13;17;1;2900;5%;2755;Pix
6563;2026-02-19;985;13;5;1;2900;0%;2900;Pix
6564;2025-09-27;1888;23;16;4;400;0%;1600;Cartão de Crédito
6565;2026-03-17;2149;7;16;4;320;0%;1280;Cartão de Crédito
6566;2025-09-14;2081;34;10;2;890;0%;1780;Pix
6567;2026-01-14;652;9;14;1;150;0%;150;Pix
6568;2026-07-21;2298;31;7;1;120;0%;120;Cartão de Crédito
6569;2026-08-14;1032;4;10;1;1400;0%;1400;Cartão de Crédito
6570;2026-01-14;1764;41;11;2;45;0%;90;Cartão de Crédito
6571;2026-06-13;130;13;12;3;2900;0%;8700;Cartão de Crédito
6572;2025-09-24;1252;36;11;1;550;0%;550;Pix
6573;2025-10-12;1480;30;2;1;160;0%;160;Cartão de Crédito
6574;2026-07-14;717;25;18;2;310;0%;620;Pix
6575;2026-01-27;1643;3;15;1;250;0%;250;Cartão de Crédito
6576;2025-12-05;34;34;2;1;890;0%;890;Cartão de Crédito
6577;2026-05-04;808;1;9;1;4500;0%;4500;Cartão de Débito
6578;2025-12-09;2472;23;7;1;400;0%;400;Pix
6579;2026-06-29;188;9;15;5;150;5%;712,5;Cartão de Débito
6580;2026-04-28;931;10;16;1;50;0%;50;Boleto
6581;2025-11-23;2418;15;11;1;750;0%;750;Cartão de Crédito
6582;2026-01-28;1415;14;1;2;350;0%;700;Pix
6583;2026-01-13;2303;7;1;1;320;0%;320;Cartão de Crédito
6584;2025-10-14;1728;2;5;1;80;0%;80;Boleto
6585;2026-03-02;2291;7;12;2;320;0%;640;Boleto
6586;2025-11-07;1452;39;2;1;290;5%;275,5;Cartão de Crédito
6587;2026-08-24;544;6;1;1;220;0%;220;Boleto
6588;2026-02-12;1407;2;1;3;80;0%;240;Pix
6589;2026-08-14;758;22;18;1;850;5%;807,5;Cartão de Crédito
6590;2025-10-30;1277;1;7;1;4500;0%;4500;Cartão de Crédito
6591;2026-03-06;930;17;3;1;650;0%;650;Cartão de Crédito
6592;2025-11-22;1901;32;9;1;480;5%;456;Cartão de Crédito
6593;2026-08-28;953;32;8;1;480;0%;480;Cartão de Crédito
6594;2026-05-21;1355;6;7;1;220;0%;220;Cartão de Crédito
6595;2025-10-22;412;33;4;2;1200;10%;2160;Cartão de Crédito
6596;2025-11-23;979;28;12;1;420;0%;420;Cartão de Crédito
6597;2026-07-03;120;9;9;1;150;0%;150;Cartão de Crédito
6598;2025-12-06;1643;4;12;4;1400;10%;5040;Boleto
6599;2025-12-15;1888;27;9;1;350;0%;350;Cartão de Crédito
6600;2025-11-27;2259;17;14;1;650;0%;650;Pix
6601;2026-08-23;1558;15;6;1;750;0%;750;Cartão de Crédito
6602;2026-08-19;1409;36;4;1;550;0%;550;Pix
6603;2026-09-01;210;23;17;1;400;0%;400;Cartão de Crédito
6604;2026-03-17;2032;1;8;5;4500;0%;22500;Cartão de Crédito
6605;2026-06-09;789;30;18;1;160;0%;160;Boleto
6606;2026-08-24;1434;8;12;1;110;0%;110;Pix
6607;2026-02-08;1402;15;3;2;750;0%;1500;Cartão de Débito
6608;2026-01-22;1767;16;2;1;520;0%;520;Cartão de Crédito
6609;2026-07-18;332;1;8;1;4500;5%;4275;Pix
6610;2026-02-24;385;17;3;2;650;0%;1300;Pix
6611;2026-05-14;1247;3;12;3;250;0%;750;Pix
6612;2026-03-14;1281;43;8;4;65;0%;260;Cartão de Crédito
6613;2026-08-30;1859;40;2;1;600;0%;600;Cartão de Crédito
6614;2026-04-13;556;3;16;3;250;0%;750;Pix
6615;2025-12-16;2228;11;4;1;3800;0%;3800;Pix
6616;2026-04-12;1867;1;7;1;4500;10%;4050;Cartão de Crédito
6617;2026-01-16;1812;7;9;1;320;0%;320;Cartão de Débito
6618;2026-03-28;392;13;5;1;2900;5%;2755;Pix
6619;2025-10-26;1301;37;16;1;140;0%;140;Cartão de Crédito
6620;2026-03-22;1734;38;6;1;390;0%;390;Pix
6621;2026-04-17;1055;25;4;4;310;0%;1240;Cartão de Crédito
6622;2025-12-09;1738;9;1;1;150;10%;135;Cartão de Crédito
6623;2026-06-02;1055;25;17;1;310;0%;310;Cartão de Crédito
6624;2025-11-11;2094;21;15;1;1600;5%;1520;Pix
6625;2026-03-31;655;4;1;1;1400;5%;1330;Cartão de Débito
6626;2026-07-10;243;27;14;1;350;0%;350;Pix
6627;2026-07-01;959;3;3;2;250;0%;500;Cartão de Crédito
6628;2026-07-17;1768;23;8;1;400;0%;400;Pix
6629;2025-09-22;963;24;11;1;380;0%;380;Pix
6630;2025-10-19;1786;42;16;1;35;5%;33,25;Cartão de Crédito
6631;2025-10-12;1273;23;11;1;400;0%;400;Cartão de Crédito
6632;2025-09-28;1352;20;18;1;190;5%;180,5;Boleto
6633;2025-11-24;513;12;14;1;180;0%;180;Cartão de Crédito
6634;2026-04-25;933;30;4;2;160;0%;320;Cartão de Crédito
6635;2025-12-09;882;39;9;1;290;0%;290;Cartão de Crédito
6636;2026-01-07;2176;27;18;2;350;5%;665;Cartão de Crédito
6637;2026-06-10;158;15;10;1;750;5%;712,5;Pix
6638;2026-05-27;1410;4;3;2;1400;0%;2800;Cartão de Crédito
6639;2026-08-14;1196;2;5;1;80;0%;80;Cartão de Crédito
6640;2025-10-11;595;27;12;2;350;0%;700;Pix
6641;2026-07-20;993;14;13;1;350;0%;350;Boleto
6642;2026-02-11;1501;31;2;1;120;0%;120;Cartão de Crédito
6643;2026-08-25;593;25;18;1;310;0%;310;Boleto
6644;2025-12-10;973;8;4;2;110;10%;198;Cartão de Crédito
6645;2026-01-16;1046;10;5;3;50;0%;150;Cartão de Crédito
6646;2026-05-11;1482;5;12;2;950;0%;1900;Cartão de Crédito
6647;2026-04-26;1551;9;15;2;150;0%;300;Boleto
6648;2025-12-15;2484;4;3;3;1400;5%;3990;Cartão de Crédito
6649;2025-11-07;1357;27;10;2;350;0%;700;Cartão de Crédito
6650;2026-07-11;100;14;10;1;350;5%;332,5;Cartão de Crédito
6651;2026-07-30;1060;15;7;3;750;10%;2025;Pix
6652;2025-10-25;2136;4;7;2;1400;0%;2800;Cartão de Crédito
6653;2026-08-09;1226;22;8;1;850;0%;850;Cartão de Crédito
6654;2026-04-23;1526;19;8;1;490;0%;490;Pix
6655;2025-10-25;157;2;6;2;80;0%;160;Pix
6656;2026-08-18;2398;7;16;2;320;5%;608;Cartão de Crédito
6657;2026-05-17;487;6;4;1;220;5%;209;Pix
6658;2026-02-23;65;1;14;1;4500;0%;4500;Cartão de Crédito
6659;2025-11-26;2395;23;4;1;400;5%;380;Cartão de Débito
6660;2026-08-22;1916;1;5;2;4500;0%;9000;Pix
6661;2026-03-30;1392;21;3;1;1600;10%;1440;Boleto
6662;2026-05-01;876;8;6;1;110;5%;104,5;Boleto
6663;2026-05-30;457;27;14;1;350;0%;350;Cartão de Crédito
6664;2025-11-23;342;36;2;1;550;0%;550;Cartão de Crédito
6665;2026-05-27;2004;27;8;2;350;5%;665;Cartão de Crédito
6666;2026-07-25;638;5;6;5;950;0%;4750;Pix
6667;2025-11-01;2432;16;18;1;520;5%;494;Pix
6668;2026-01-16;1627;4;3;1;1400;0%;1400;Cartão de Crédito
6669;2026-02-23;1814;28;7;4;420;10%;1512;Cartão de Crédito
6670;2026-08-25;1887;2;14;2;80;0%;160;Cartão de Crédito
6671;2026-05-17;467;19;1;1;490;0%;490;Pix
6672;2026-03-14;561;25;17;2;310;10%;558;Cartão de Crédito
6673;2026-08-27;1849;31;16;1;120;0%;120;Cartão de Crédito
6674;2025-09-12;1811;2;10;2;80;0%;160;Cartão de Crédito
6675;2026-03-08;2437;1;3;1;4500;0%;4500;Cartão de Crédito
6676;2026-03-22;805;4;2;1;1400;0%;1400;Cartão de Crédito
6677;2026-01-20;1123;14;11;1;350;0%;350;Cartão de Crédito
6678;2025-10-08;43;24;6;1;380;0%;380;Cartão de Débito
6679;2025-09-15;537;16;13;1;520;0%;520;Pix
6680;2026-06-05;1000;16;18;1;520;0%;520;Pix
6681;2026-05-23;2274;40;2;3;600;0%;1800;Cartão de Crédito
6682;2025-12-30;1269;17;12;2;650;0%;1300;Pix
6683;2025-10-10;697;42;11;1;35;0%;35;Cartão de Crédito
6684;2026-05-27;1638;31;15;1;120;0%;120;Pix
6685;2026-04-03;194;21;8;4;1600;0%;6400;Pix
6686;2026-08-10;195;1;9;2;4500;0%;9000;Pix
6687;2025-09-16;2477;29;7;1;380;0%;380;Cartão de Débito
6688;2026-01-29;1672;3;15;1;250;0%;250;Pix
6689;2026-08-25;1426;8;10;1;110;0%;110;Cartão de Crédito
6690;2026-07-29;282;29;18;1;380;0%;380;Cartão de Crédito
6691;2026-09-11;599;15;8;1;750;5%;712,5;Boleto
6692;2026-04-17;2219;3;17;1;250;0%;250;Cartão de Crédito
6693;2025-10-31;183;23;3;1;400;0%;400;Pix
6694;2026-01-14;2251;23;5;3;400;0%;1200;Pix
6695;2026-04-28;707;35;3;1;250;0%;250;Cartão de Crédito
6696;2025-10-06;1285;18;4;1;280;0%;280;Cartão de Crédito
6697;2026-01-14;1002;4;9;1;1400;0%;1400;Pix
6698;2026-03-23;247;10;4;1;50;0%;50;Pix
6699;2026-06-18;1272;20;6;1;190;0%;190;Cartão de Crédito
6700;2025-11-27;12;4;4;1;1400;10%;1260;Cartão de Crédito
6701;2026-01-10;2194;32;18;2;480;10%;864;Cartão de Crédito
6702;2025-12-07;1482;41;8;3;45;0%;135;Cartão de Crédito
6703;2025-12-09;130;22;18;1;850;0%;850;Cartão de Crédito
6704;2025-12-21;315;2;13;2;80;5%;152;Cartão de Crédito
6705;2026-06-06;498;3;14;2;250;0%;500;Pix
6706;2026-01-03;1702;17;1;1;650;5%;617,5;Cartão de Crédito
6707;2026-01-11;2202;2;3;2;80;0%;160;Cartão de Crédito
6708;2026-08-10;1962;6;8;5;220;5%;1045;Cartão de Débito
6709;2026-03-25;2459;22;1;1;850;0%;850;Cartão de Crédito
6710;2026-05-08;2091;14;10;1;350;0%;350;Pix
6711;2026-08-09;1992;6;14;1;220;5%;209;Cartão de Crédito
6712;2026-05-16;755;2;2;2;80;5%;152;Boleto
6713;2025-10-03;95;3;12;1;250;0%;250;Cartão de Crédito
6714;2025-11-17;331;24;9;1;380;0%;380;Cartão de Crédito
6715;2026-09-04;409;23;2;2;400;0%;800;Pix
6716;2026-05-12;37;20;15;2;190;0%;380;Cartão de Crédito
6717;2025-11-09;1777;32;8;2;480;0%;960;Cartão de Crédito
6718;2026-01-27;2297;32;12;1;480;0%;480;Cartão de Crédito
6719;2025-09-26;2184;32;11;1;480;0%;480;Pix
6720;2025-11-04;739;21;7;1;1600;0%;1600;Pix
6721;2026-05-04;27;7;17;1;320;0%;320;Cartão de Crédito
6722;2026-03-21;332;24;4;1;380;0%;380;Pix
6723;2026-07-08;330;8;9;1;110;0%;110;Boleto
6724;2026-08-07;1245;22;12;1;850;0%;850;Cartão de Crédito
6725;2026-01-22;1489;29;14;1;380;0%;380;Cartão de Crédito
6726;2026-07-19;1936;5;5;2;950;0%;1900;Cartão de Crédito
6727;2026-07-24;1620;20;12;1;190;0%;190;Cartão de Crédito
6728;2026-03-04;1596;36;4;2;550;5%;1045;Boleto
6729;2026-07-16;763;23;15;1;400;0%;400;Pix
6730;2026-04-19;2042;4;3;1;1400;5%;1330;Pix
6731;2026-01-10;1799;6;15;2;220;0%;440;Cartão de Crédito
6732;2026-08-28;477;4;17;1;1400;0%;1400;Cartão de Crédito
6733;2026-05-26;1701;25;5;1;310;5%;294,5;Cartão de Crédito
6734;2026-04-17;986;2;12;1;80;0%;80;Pix
6735;2026-04-05;437;31;5;2;120;0%;240;Boleto
6736;2026-04-05;1564;8;15;1;110;0%;110;Pix
6737;2026-06-17;897;5;1;1;950;0%;950;Cartão de Crédito
6738;2026-03-21;1489;4;16;1;1400;0%;1400;Pix
6739;2025-12-27;1880;7;4;1;320;0%;320;Boleto
6740;2025-12-21;2231;25;17;1;310;0%;310;Cartão de Crédito
6741;2026-05-14;1174;19;2;4;490;0%;1960;Cartão de Crédito
6742;2025-12-05;573;7;7;1;320;5%;304;Boleto
6743;2026-08-29;1183;11;13;1;3800;0%;3800;Cartão de Crédito
6744;2025-10-17;1237;25;10;1;310;0%;310;Pix
6745;2026-03-31;1562;42;6;2;35;0%;70;Boleto
6746;2026-05-23;1738;9;7;1;150;0%;150;Pix
6747;2026-01-01;4;33;10;1;1200;0%;1200;Cartão de Crédito
6748;2026-08-26;453;34;3;2;890;0%;1780;Cartão de Crédito
6749;2026-05-04;1705;27;4;2;350;0%;700;Cartão de Crédito
6750;2026-08-28;1222;34;6;1;890;0%;890;Cartão de Crédito
6751;2026-07-29;419;1;12;2;4500;5%;8550;Cartão de Crédito
6752;2025-12-16;1211;4;17;1;1400;5%;1330;Pix
6753;2026-01-06;462;24;13;3;380;0%;1140;Cartão de Crédito
6754;2026-06-11;1727;21;7;1;1600;5%;1520;Cartão de Crédito
6755;2026-04-12;1073;42;16;2;35;0%;70;Boleto
6756;2025-09-25;1026;27;13;1;350;0%;350;Cartão de Crédito
6757;2026-02-19;1545;42;18;1;35;5%;33,25;Cartão de Crédito
6758;2026-06-28;1588;21;17;5;1600;5%;7600;Cartão de Crédito
6759;2026-05-17;90;24;7;1;380;0%;380;Cartão de Crédito
6760;2026-03-24;2258;7;18;1;320;0%;320;Cartão de Débito
6761;2026-01-08;13;7;1;1;320;0%;320;Pix
6762;2026-02-01;2218;28;8;2;420;0%;840;Cartão de Crédito
6763;2026-05-19;2472;37;8;2;140;0%;280;Cartão de Crédito
6764;2026-04-05;930;3;3;1;250;0%;250;Cartão de Crédito
6765;2026-03-07;2362;14;6;1;350;0%;350;Cartão de Crédito
6766;2025-11-25;2433;26;4;1;2200;0%;2200;Pix
6767;2026-08-16;687;11;16;1;3800;0%;3800;Cartão de Crédito
6768;2025-10-11;1571;19;11;2;490;5%;931;Cartão de Crédito
6769;2026-07-15;914;24;9;1;380;0%;380;Cartão de Crédito
6770;2025-10-14;179;1;9;1;4500;0%;4500;Pix
6771;2025-10-07;1545;35;5;4;250;0%;1000;Pix
6772;2026-07-05;386;8;3;1;110;0%;110;Cartão de Crédito
6773;2026-06-17;1851;40;6;1;600;5%;570;Pix
6774;2025-11-16;2104;28;6;2;420;0%;840;Pix
6775;2026-02-02;1966;10;4;1;50;5%;47,5;Cartão de Crédito
6776;2026-06-04;789;9;1;1;150;0%;150;Boleto
6777;2025-10-26;2198;19;4;1;490;0%;490;Pix
6778;2026-04-28;2390;19;13;2;490;5%;931;Cartão de Débito
6779;2026-08-11;219;24;16;5;380;5%;1805;Cartão de Crédito
6780;2026-03-02;1836;37;17;2;140;5%;266;Boleto
6781;2026-07-22;2133;5;9;1;950;0%;950;Pix
6782;2026-07-04;1955;16;10;1;520;0%;520;Pix
6783;2026-07-06;1839;23;2;3;400;0%;1200;Pix
6784;2026-02-20;661;8;5;2;110;0%;220;Cartão de Débito
6785;2025-11-05;2009;24;4;2;380;0%;760;Cartão de Crédito
6786;2025-11-07;1144;4;18;1;1400;0%;1400;Cartão de Crédito
6787;2026-04-09;1376;22;14;1;850;10%;765;Pix
6788;2026-03-13;2117;19;4;3;490;0%;1470;Cartão de Crédito
6789;2026-06-22;2190;20;4;1;190;0%;190;Pix
6790;2025-09-16;1773;35;3;1;250;10%;225;Cartão de Crédito
6791;2026-05-22;866;24;11;1;380;0%;380;Cartão de Crédito
6792;2026-04-08;997;43;4;2;65;0%;130;Pix
6793;2026-04-08;820;18;4;1;280;0%;280;Pix
6794;2025-12-07;2443;37;15;1;140;0%;140;Pix
6795;2026-03-18;1444;9;15;3;150;0%;450;Boleto
6796;2025-12-12;1698;20;4;5;190;0%;950;Pix
6797;2026-04-14;2445;18;10;1;280;0%;280;Boleto
6798;2026-07-20;1682;37;7;1;140;0%;140;Cartão de Crédito
6799;2026-05-19;2297;6;17;3;220;0%;660;Cartão de Crédito
6800;2025-10-18;364;4;7;2;1400;0%;2800;Pix
6801;2026-06-08;2417;2;2;1;80;0%;80;Pix
6802;2026-03-31;2173;21;6;1;1600;5%;1520;Cartão de Crédito
6803;2026-09-04;194;27;4;1;350;0%;350;Cartão de Crédito
6804;2025-12-27;54;30;16;1;160;0%;160;Boleto
6805;2025-10-21;1745;11;16;2;3800;0%;7600;Cartão de Débito
6806;2026-03-09;773;17;6;1;650;0%;650;Cartão de Crédito
6807;2025-11-09;1594;1;8;1;4500;0%;4500;Cartão de Crédito
6808;2026-08-31;797;45;14;2;180;0%;360;Cartão de Crédito
6809;2025-11-12;992;4;3;1;1400;0%;1400;Cartão de Crédito
6810;2026-05-10;2159;13;11;3;2900;0%;8700;Cartão de Crédito
6811;2026-01-27;2370;37;2;1;140;0%;140;Cartão de Débito
6812;2025-10-05;1272;21;2;1;1600;10%;1440;Cartão de Crédito
6813;2026-01-14;1951;29;6;1;380;0%;380;Pix
6814;2026-07-16;1464;8;10;1;110;0%;110;Boleto
6815;2026-03-21;2114;2;11;1;80;0%;80;Cartão de Crédito
6816;2026-05-27;922;4;11;1;1400;0%;1400;Pix
6817;2026-09-02;1725;5;8;1;950;0%;950;Pix
6818;2026-08-26;2449;1;18;1;4500;0%;4500;Pix
6819;2025-11-14;628;1;16;5;4500;0%;22500;Cartão de Crédito
6820;2026-02-01;893;13;5;1;2900;5%;2755;Cartão de Crédito
6821;2025-11-25;1320;13;11;2;2900;5%;5510;Pix
6822;2025-11-05;1794;40;9;1;600;0%;600;Pix
6823;2025-10-17;2459;3;6;3;250;0%;750;Boleto
6824;2026-02-24;2285;26;3;5;2200;0%;11000;Pix
6825;2026-07-31;1041;25;16;2;310;5%;589;Cartão de Crédito
6826;2026-04-15;736;22;4;1;850;10%;765;Cartão de Crédito
6827;2026-09-07;747;40;7;4;600;5%;2280;Boleto
6828;2026-04-07;153;31;4;3;120;0%;360;Cartão de Crédito
6829;2026-09-03;2221;4;13;1;1400;0%;1400;Cartão de Crédito
6830;2026-01-09;2341;23;9;3;400;0%;1200;Pix
6831;2026-03-14;1058;5;4;1;950;5%;902,5;Cartão de Crédito
6832;2025-12-27;2273;9;9;2;150;0%;300;Boleto
6833;2026-02-21;958;43;4;1;65;0%;65;Pix
6834;2026-02-19;1596;40;7;3;600;0%;1800;Cartão de Crédito
6835;2025-10-08;2471;2;8;2;80;0%;160;Pix
6836;2025-09-16;1927;6;13;1;220;0%;220;Cartão de Débito
6837;2026-06-05;1384;26;2;1;2200;0%;2200;Cartão de Crédito
6838;2026-08-11;2405;18;14;1;280;0%;280;Pix
6839;2026-09-03;1253;27;12;2;350;0%;700;Pix
6840;2026-07-05;2206;1;15;2;4500;0%;9000;Pix
6841;2025-11-20;1137;5;2;1;950;0%;950;Cartão de Crédito
6842;2026-06-26;2480;27;6;4;350;0%;1400;Cartão de Débito
6843;2026-09-06;441;26;15;1;2200;0%;2200;Pix
6844;2026-05-17;771;13;11;1;2900;0%;2900;Cartão de Crédito
6845;2026-08-11;381;13;14;1;2900;5%;2755;Cartão de Crédito
6846;2026-04-05;2082;23;3;2;400;0%;800;Cartão de Crédito
6847;2025-10-16;845;2;7;3;80;0%;240;Pix
6848;2026-07-27;1928;8;7;1;110;0%;110;Boleto
6849;2026-04-19;1855;40;1;2;600;0%;1200;Cartão de Crédito
6850;2026-05-14;558;40;4;1;600;0%;600;Cartão de Crédito
6851;2026-05-15;928;18;10;3;280;0%;840;Cartão de Crédito
6852;2025-09-17;739;38;10;1;390;0%;390;Cartão de Crédito
6853;2025-11-18;704;11;6;1;3800;0%;3800;Cartão de Crédito
6854;2026-01-28;386;18;17;1;280;0%;280;Cartão de Crédito
6855;2026-01-07;252;17;14;2;650;0%;1300;Cartão de Débito
6856;2026-08-22;1007;18;6;1;280;0%;280;Pix
6857;2026-01-10;1778;3;11;1;250;0%;250;Pix
6858;2026-02-16;60;3;4;2;250;0%;500;Pix
6859;2026-06-17;410;24;10;1;380;0%;380;Cartão de Crédito
6860;2026-02-07;1100;29;6;2;380;0%;760;Boleto
6861;2026-02-10;2265;17;9;2;650;10%;1170;Pix
6862;2025-11-30;127;13;6;1;2900;5%;2755;Cartão de Crédito
6863;2026-09-01;1145;6;8;1;220;0%;220;Cartão de Crédito
6864;2026-03-19;30;23;10;2;400;0%;800;Pix
6865;2026-04-24;1685;17;12;1;650;0%;650;Boleto
6866;2026-09-06;373;3;4;1;250;0%;250;Pix
6867;2026-08-20;2109;6;14;2;220;0%;440;Pix
6868;2026-08-14;267;12;11;2;180;5%;342;Cartão de Débito
6869;2026-04-13;1123;20;1;1;190;0%;190;Pix
6870;2026-07-22;2360;6;10;1;220;0%;220;Boleto
6871;2025-11-03;1266;2;16;1;80;0%;80;Pix
6872;2026-03-10;789;18;18;2;280;0%;560;Pix
6873;2026-07-26;267;21;7;1;1600;0%;1600;Boleto
6874;2026-05-09;160;8;11;1;110;0%;110;Boleto
6875;2026-02-18;550;11;10;1;3800;10%;3420;Cartão de Débito
6876;2026-02-25;383;5;2;4;950;5%;3610;Cartão de Crédito
6877;2026-05-30;734;13;13;1;2900;0%;2900;Cartão de Crédito
6878;2025-10-20;290;31;1;1;120;0%;120;Cartão de Crédito
6879;2026-08-07;818;38;11;1;390;0%;390;Cartão de Crédito
6880;2026-03-27;1309;36;9;1;550;0%;550;Cartão de Crédito
6881;2025-12-13;2368;36;6;1;550;0%;550;Pix
6882;2025-09-30;715;41;8;1;45;0%;45;Pix
6883;2026-05-15;1566;11;13;1;3800;0%;3800;Pix
6884;2026-04-21;2389;12;14;4;180;5%;684;Cartão de Crédito
6885;2026-07-16;710;11;6;3;3800;0%;11400;Cartão de Crédito
6886;2026-06-30;1422;26;8;2;2200;0%;4400;Pix
6887;2026-01-08;2201;10;13;1;50;0%;50;Pix
6888;2025-10-29;2330;26;9;1;2200;0%;2200;Cartão de Crédito
6889;2025-10-29;268;1;18;2;4500;0%;9000;Cartão de Crédito
6890;2025-12-19;2494;18;1;2;280;0%;560;Pix
6891;2026-07-27;945;7;10;1;320;0%;320;Boleto
6892;2025-11-15;1149;8;5;1;110;0%;110;Pix
6893;2026-02-09;10;35;13;1;250;0%;250;Cartão de Crédito
6894;2026-04-17;728;15;17;1;750;0%;750;Cartão de Crédito
6895;2025-12-17;1107;10;14;4;50;0%;200;Cartão de Crédito
6896;2025-12-18;826;30;10;3;160;0%;480;Cartão de Débito
6897;2026-08-23;2120;25;18;1;310;5%;294,5;Pix
6898;2026-07-18;943;34;8;3;890;10%;2403;Cartão de Crédito
6899;2026-01-21;855;22;16;1;850;0%;850;Pix
6900;2026-03-20;420;33;17;1;1200;10%;1080;Cartão de Crédito
6901;2026-03-26;1787;1;9;1;4500;0%;4500;Pix
6902;2025-10-01;2080;3;14;3;250;0%;750;Pix
6903;2026-03-16;1180;19;6;1;490;0%;490;Boleto
6904;2026-02-04;1021;28;18;1;420;0%;420;Cartão de Crédito
6905;2025-12-11;1572;12;5;1;180;0%;180;Cartão de Crédito
6906;2026-06-22;1351;23;11;2;400;0%;800;Cartão de Crédito
6907;2025-09-22;1843;10;9;1;50;0%;50;Pix
6908;2025-12-25;1393;9;1;1;150;0%;150;Cartão de Crédito
6909;2026-07-04;1423;12;6;4;180;0%;720;Pix
6910;2026-06-25;2143;8;12;1;110;5%;104,5;Boleto
6911;2026-07-20;1115;12;16;1;180;0%;180;Cartão de Crédito
6912;2026-08-01;34;8;8;1;110;0%;110;Cartão de Crédito
6913;2026-06-30;1749;27;14;1;350;0%;350;Cartão de Crédito
6914;2026-02-04;1339;26;7;1;2200;0%;2200;Cartão de Crédito
6915;2026-02-24;2462;6;4;1;220;5%;209;Pix
6916;2026-05-10;1659;25;11;1;310;0%;310;Cartão de Crédito
6917;2025-10-04;1060;23;15;1;400;0%;400;Cartão de Crédito
6918;2025-11-14;2251;6;17;1;220;0%;220;Boleto
6919;2025-12-24;19;23;2;2;400;5%;760;Cartão de Crédito
6920;2026-07-12;2412;13;11;1;2900;0%;2900;Cartão de Crédito
6921;2026-01-30;559;5;18;1;950;0%;950;Cartão de Débito
6922;2026-05-30;1866;2;7;1;80;0%;80;Cartão de Crédito
6923;2026-01-30;1167;10;13;1;50;0%;50;Boleto
6924;2026-08-19;1546;10;17;1;50;0%;50;Cartão de Crédito
6925;2026-04-22;1761;22;15;3;850;0%;2550;Pix
6926;2026-07-10;2208;43;9;1;65;5%;61,75;Cartão de Crédito
6927;2026-05-03;68;16;14;2;520;0%;1040;Pix
6928;2026-09-05;437;1;15;1;4500;0%;4500;Pix
6929;2026-09-05;92;11;14;1;3800;0%;3800;Cartão de Crédito
6930;2026-07-08;211;1;3;2;4500;0%;9000;Cartão de Crédito
6931;2026-01-23;1804;22;3;1;850;0%;850;Cartão de Crédito
6932;2025-10-23;108;2;7;2;80;0%;160;Cartão de Crédito
6933;2026-06-07;1068;11;15;1;3800;0%;3800;Cartão de Crédito
6934;2025-11-03;1380;5;13;2;950;0%;1900;Pix
6935;2026-05-15;1469;18;14;1;280;0%;280;Cartão de Crédito
6936;2026-04-21;1335;19;1;3;490;5%;1396,5;Boleto
6937;2026-08-12;1388;7;3;1;320;0%;320;Boleto
6938;2026-06-16;2070;18;14;2;280;0%;560;Cartão de Crédito
6939;2025-09-22;393;39;13;2;290;0%;580;Cartão de Crédito
6940;2026-05-21;1199;1;9;1;4500;5%;4275;Cartão de Crédito
6941;2026-06-27;741;13;7;1;2900;0%;2900;Cartão de Crédito
6942;2026-02-04;850;25;12;2;310;0%;620;Cartão de Crédito
6943;2026-07-21;1782;2;17;1;80;0%;80;Pix
6944;2026-02-26;77;32;9;1;480;0%;480;Cartão de Crédito
6945;2026-02-24;69;32;11;1;480;0%;480;Cartão de Crédito
6946;2026-04-09;1674;14;8;1;350;5%;332,5;Boleto
6947;2026-05-18;1406;27;10;1;350;0%;350;Pix
6948;2025-10-05;556;17;9;2;650;0%;1300;Boleto
6949;2025-12-12;2298;3;14;1;250;0%;250;Boleto
6950;2025-10-18;1932;22;18;2;850;5%;1615;Pix
6951;2026-07-09;688;28;11;1;420;0%;420;Cartão de Crédito
6952;2026-04-28;510;10;10;1;50;0%;50;Cartão de Crédito
6953;2025-09-29;533;1;11;1;4500;0%;4500;Pix
6954;2025-10-10;986;32;18;2;480;0%;960;Pix
6955;2026-02-24;2010;2;14;1;80;0%;80;Pix
6956;2025-12-09;1542;21;10;2;1600;0%;3200;Boleto
6957;2026-06-02;293;31;14;1;120;0%;120;Cartão de Crédito
6958;2026-01-17;2119;6;10;1;220;0%;220;Cartão de Crédito
6959;2026-07-02;1002;37;14;1;140;5%;133;Pix
6960;2026-06-25;213;11;13;1;3800;0%;3800;Cartão de Crédito
6961;2025-12-21;1324;38;17;2;390;0%;780;Pix
6962;2026-03-10;905;25;1;1;310;0%;310;Cartão de Crédito
6963;2025-10-25;90;26;3;2;2200;0%;4400;Cartão de Crédito
6964;2025-11-23;1800;29;18;2;380;10%;684;Boleto
6965;2026-07-04;1546;25;11;2;310;0%;620;Cartão de Crédito
6966;2025-10-25;854;31;1;1;120;5%;114;Pix
6967;2026-02-09;2064;1;12;1;4500;0%;4500;Cartão de Crédito
6968;2025-11-26;2006;39;15;1;290;0%;290;Pix
6969;2026-03-10;2148;44;13;1;55;5%;52,25;Cartão de Crédito
6970;2026-05-13;200;17;7;5;650;0%;3250;Pix
6971;2026-03-29;1342;22;14;1;850;5%;807,5;Pix
6972;2025-11-26;212;9;7;1;150;0%;150;Cartão de Crédito
6973;2026-04-16;884;17;9;1;650;0%;650;Pix
6974;2026-02-14;1153;11;7;1;3800;0%;3800;Cartão de Crédito
6975;2026-07-30;2438;10;9;1;50;0%;50;Boleto
6976;2026-04-06;2084;27;13;1;350;0%;350;Boleto
6977;2026-01-15;953;6;4;1;220;0%;220;Cartão de Crédito
6978;2026-06-14;295;44;5;1;55;0%;55;Cartão de Crédito
6979;2025-12-21;911;22;12;1;850;5%;807,5;Pix
6980;2026-04-25;1728;24;3;1;380;0%;380;Cartão de Crédito
6981;2026-05-14;196;25;15;1;310;5%;294,5;Cartão de Crédito
6982;2026-01-02;509;7;15;4;320;0%;1280;Cartão de Crédito
6983;2026-02-13;1147;9;12;3;150;0%;450;Cartão de Crédito
6984;2026-05-06;1891;34;14;1;890;0%;890;Boleto
6985;2025-12-09;1694;3;5;3;250;0%;750;Cartão de Crédito
6986;2026-03-29;1004;21;13;1;1600;0%;1600;Cartão de Crédito
6987;2026-04-27;2205;37;11;1;140;0%;140;Cartão de Crédito
6988;2026-09-03;169;1;17;1;4500;0%;4500;Pix
6989;2026-07-23;2271;7;16;1;320;0%;320;Cartão de Crédito
6990;2026-05-23;1086;9;16;1;150;0%;150;Cartão de Crédito
6991;2026-03-22;1117;14;10;1;350;0%;350;Cartão de Crédito
6992;2026-08-10;981;6;10;1;220;0%;220;Cartão de Crédito
6993;2026-05-27;1370;41;5;2;45;0%;90;Pix
6994;2026-07-09;1451;38;7;2;390;0%;780;Boleto
6995;2026-04-28;1883;13;9;3;2900;0%;8700;Cartão de Débito
6996;2025-09-26;984;12;16;1;180;0%;180;Cartão de Crédito
6997;2026-03-30;1908;18;14;1;280;0%;280;Boleto
6998;2026-06-24;1947;31;10;1;120;0%;120;Pix
6999;2025-09-24;1087;12;5;1;180;5%;171;Cartão de Crédito
7000;2025-09-23;1967;9;14;2;150;0%;300;Cartão de Crédito
7001;2026-05-09;1453;8;3;2;110;0%;220;Pix
7002;2026-02-16;2445;16;15;1;520;0%;520;Cartão de Débito
7003;2026-03-10;819;6;10;1;220;0%;220;Pix
7004;2025-10-27;312;38;11;2;390;5%;741;Cartão de Crédito
7005;2026-05-11;851;27;7;1;350;5%;332,5;Cartão de Crédito
7006;2025-10-12;2410;37;2;1;140;0%;140;Cartão de Crédito
7007;2025-09-28;191;30;9;3;160;0%;480;Cartão de Crédito
7008;2025-09-29;1676;38;12;1;390;10%;351;Pix
7009;2026-04-03;1463;1;17;1;4500;0%;4500;Cartão de Crédito
7010;2025-11-27;992;21;10;1;1600;0%;1600;Cartão de Débito
7011;2026-01-24;1407;26;8;1;2200;0%;2200;Pix
7012;2026-06-07;1367;1;14;2;4500;0%;9000;Cartão de Crédito
7013;2026-03-18;1008;27;11;1;350;0%;350;Cartão de Crédito
7014;2025-12-13;821;20;5;1;190;0%;190;Cartão de Crédito
7015;2026-04-10;1761;32;2;1;480;0%;480;Pix
7016;2026-08-01;56;4;2;1;1400;0%;1400;Cartão de Crédito
7017;2026-01-23;1911;2;1;2;80;0%;160;Pix
7018;2026-07-01;323;27;3;1;350;0%;350;Boleto
7019;2025-10-12;1006;17;10;4;650;0%;2600;Pix
7020;2026-07-08;1482;10;14;1;50;0%;50;Cartão de Débito
7021;2025-10-21;323;22;17;1;850;0%;850;Pix
7022;2026-06-29;2424;30;13;1;160;0%;160;Boleto
7023;2026-02-19;330;24;3;2;380;0%;760;Cartão de Crédito
7024;2026-06-19;417;4;11;2;1400;0%;2800;Pix
7025;2026-05-27;881;7;15;1;320;0%;320;Cartão de Crédito
7026;2026-01-31;1646;18;14;1;280;0%;280;Pix
7027;2025-10-21;1278;22;10;1;850;0%;850;Cartão de Crédito
7028;2026-05-10;1838;1;14;1;4500;5%;4275;Cartão de Crédito
7029;2025-10-29;2092;40;14;2;600;0%;1200;Cartão de Crédito
7030;2026-05-31;1995;39;1;1;290;0%;290;Pix
7031;2026-02-02;1891;33;14;1;1200;0%;1200;Cartão de Crédito
7032;2026-04-04;1571;14;18;1;350;0%;350;Boleto
7033;2025-11-26;65;17;12;1;650;0%;650;Cartão de Crédito
7034;2026-09-11;546;45;12;1;180;0%;180;Cartão de Crédito
7035;2026-04-06;1406;8;12;1;110;0%;110;Cartão de Crédito
7036;2025-09-20;2158;14;3;1;350;0%;350;Cartão de Crédito
7037;2026-01-31;673;4;8;2;1400;5%;2660;Pix
7038;2026-09-01;949;42;1;1;35;0%;35;Cartão de Crédito
7039;2025-12-13;2353;27;6;1;350;0%;350;Cartão de Crédito
7040;2026-05-24;1732;26;10;1;2200;0%;2200;Cartão de Crédito
7041;2025-09-20;1293;30;9;1;160;0%;160;Cartão de Crédito
7042;2026-05-16;992;5;18;2;950;0%;1900;Cartão de Débito
7043;2026-04-16;716;2;5;2;80;0%;160;Cartão de Crédito
7044;2025-10-16;1038;44;2;3;55;0%;165;Pix
7045;2026-03-12;276;7;7;2;320;0%;640;Cartão de Crédito
7046;2025-10-27;2179;37;13;1;140;5%;133;Cartão de Crédito
7047;2026-03-23;133;13;10;1;2900;0%;2900;Pix
7048;2026-05-18;1260;20;15;1;190;0%;190;Cartão de Crédito
7049;2026-01-14;874;3;18;5;250;0%;1250;Cartão de Crédito
7050;2026-07-11;370;20;9;1;190;0%;190;Boleto
7051;2026-05-02;2050;17;11;1;650;0%;650;Pix
7052;2025-12-06;1070;31;15;1;120;0%;120;Cartão de Crédito
7053;2026-02-12;1239;44;5;1;55;0%;55;Cartão de Crédito
7054;2025-09-13;770;10;11;1;50;0%;50;Pix
7055;2026-07-19;1076;17;10;1;650;0%;650;Cartão de Crédito
7056;2025-11-03;69;2;6;1;80;0%;80;Cartão de Crédito
7057;2026-01-05;2067;21;16;1;1600;0%;1600;Pix
7058;2026-08-08;925;9;12;1;150;0%;150;Pix
7059;2025-10-24;2201;11;14;1;3800;0%;3800;Cartão de Crédito
7060;2026-04-11;1271;4;16;4;1400;0%;5600;Cartão de Crédito
7061;2026-05-15;1239;3;4;2;250;0%;500;Cartão de Crédito
7062;2025-12-25;370;44;7;5;55;0%;275;Pix
7063;2026-03-18;313;5;17;1;950;0%;950;Cartão de Débito
7064;2026-08-23;770;4;1;1;1400;0%;1400;Cartão de Crédito
7065;2025-11-23;1456;11;17;1;3800;0%;3800;Cartão de Crédito
7066;2026-03-22;802;2;9;1;80;5%;76;Cartão de Crédito
7067;2026-04-14;1304;11;18;2;3800;0%;7600;Cartão de Crédito
7068;2025-10-22;1431;33;7;2;1200;0%;2400;Cartão de Crédito
7069;2026-07-27;2160;6;18;2;220;0%;440;Cartão de Crédito
7070;2026-03-17;688;17;4;1;650;0%;650;Pix
7071;2026-05-20;2255;7;11;1;320;0%;320;Cartão de Crédito
7072;2026-03-06;238;41;17;1;45;0%;45;Cartão de Crédito
7073;2026-02-14;312;10;6;2;50;0%;100;Cartão de Crédito
7074;2026-06-22;1537;26;11;2;2200;0%;4400;Cartão de Crédito
7075;2026-03-15;2126;12;4;1;180;0%;180;Cartão de Crédito
7076;2026-03-23;1888;32;12;2;480;0%;960;Cartão de Crédito
7077;2026-07-26;729;36;7;2;550;0%;1100;Cartão de Crédito
7078;2026-06-14;842;29;4;2;380;0%;760;Pix
7079;2026-07-09;903;12;10;1;180;0%;180;Cartão de Crédito
7080;2026-06-11;2343;17;3;2;650;0%;1300;Pix
7081;2026-06-19;169;43;2;2;65;0%;130;Cartão de Crédito
7082;2025-12-21;2183;22;3;5;850;5%;4037,5;Cartão de Crédito
7083;2026-01-22;1578;4;7;1;1400;5%;1330;Boleto
7084;2026-01-22;521;6;6;1;220;0%;220;Pix
7085;2026-02-18;644;25;4;1;310;0%;310;Cartão de Crédito
7086;2026-08-30;2492;21;12;1;1600;0%;1600;Boleto
7087;2026-07-03;1898;13;8;1;2900;0%;2900;Boleto
7088;2025-10-08;2407;10;4;1;50;5%;47,5;Pix
7089;2025-12-09;260;6;17;1;220;5%;209;Cartão de Crédito
7090;2026-02-19;634;6;16;1;220;0%;220;Cartão de Débito
7091;2025-12-19;1210;22;3;1;850;10%;765;Cartão de Crédito
7092;2025-10-26;1212;21;13;1;1600;0%;1600;Cartão de Crédito
7093;2025-10-27;806;15;8;1;750;0%;750;Cartão de Crédito
7094;2025-10-24;1362;11;12;1;3800;0%;3800;Cartão de Crédito
7095;2026-03-16;802;39;2;4;290;0%;1160;Cartão de Débito
7096;2025-10-14;1314;11;8;5;3800;0%;19000;Cartão de Débito
7097;2025-10-01;778;7;2;1;320;0%;320;Cartão de Crédito
7098;2026-02-16;1216;7;1;1;320;0%;320;Cartão de Crédito
7099;2026-04-30;1807;9;18;3;150;0%;450;Cartão de Crédito
7100;2025-10-27;409;45;2;1;180;0%;180;Cartão de Crédito
7101;2026-07-24;1669;19;12;1;490;0%;490;Cartão de Crédito
7102;2026-07-23;2249;10;10;1;50;5%;47,5;Cartão de Crédito
7103;2026-08-17;1282;31;11;1;120;5%;114;Cartão de Crédito
7104;2026-05-03;1667;25;14;4;310;0%;1240;Cartão de Crédito
7105;2026-01-11;1252;5;11;1;950;0%;950;Pix
7106;2026-02-14;491;12;18;2;180;0%;360;Cartão de Crédito
7107;2025-12-15;2448;28;4;1;420;0%;420;Pix
7108;2025-11-23;1666;26;9;1;2200;0%;2200;Cartão de Crédito
7109;2026-03-05;626;36;2;1;550;0%;550;Cartão de Débito
7110;2026-04-13;1257;15;3;1;750;0%;750;Pix
7111;2026-07-25;422;33;1;2;1200;0%;2400;Pix
7112;2026-04-14;429;12;13;3;180;5%;513;Cartão de Débito
7113;2026-08-06;1559;27;3;1;350;0%;350;Cartão de Crédito
7114;2025-09-20;242;6;17;1;220;0%;220;Boleto
7115;2026-08-03;543;1;6;1;4500;0%;4500;Cartão de Crédito
7116;2026-08-18;1025;13;5;1;2900;0%;2900;Cartão de Crédito
7117;2025-11-14;1657;7;18;3;320;0%;960;Cartão de Débito
7118;2025-11-23;1710;4;17;2;1400;0%;2800;Pix
7119;2025-11-15;623;28;3;2;420;0%;840;Cartão de Crédito
7120;2026-08-02;2045;23;12;1;400;0%;400;Cartão de Crédito
7121;2026-08-04;1648;42;6;1;35;0%;35;Cartão de Crédito
7122;2026-08-10;1561;13;13;2;2900;0%;5800;Cartão de Crédito
7123;2025-11-25;125;15;17;1;750;5%;712,5;Cartão de Crédito
7124;2025-12-20;1110;4;16;2;1400;0%;2800;Pix
7125;2026-07-02;354;20;1;1;190;0%;190;Cartão de Crédito
7126;2025-09-17;1415;24;8;1;380;0%;380;Boleto
7127;2025-11-22;1441;4;16;1;1400;0%;1400;Cartão de Crédito
7128;2025-11-17;544;30;18;1;160;0%;160;Cartão de Crédito
7129;2026-07-30;1868;12;2;4;180;0%;720;Cartão de Crédito
7130;2026-09-07;825;17;6;1;650;0%;650;Pix
7131;2025-11-25;125;29;2;2;380;0%;760;Cartão de Crédito
7132;2026-08-08;1898;18;9;1;280;0%;280;Cartão de Crédito
7133;2026-06-25;1392;10;16;1;50;0%;50;Cartão de Crédito
7134;2025-11-16;1041;28;7;4;420;0%;1680;Pix
7135;2026-06-23;1897;25;4;1;310;0%;310;Cartão de Crédito
7136;2025-11-25;2499;9;12;1;150;5%;142,5;Cartão de Crédito
7137;2025-10-27;1210;5;11;1;950;5%;902,5;Pix
7138;2025-12-16;184;31;11;2;120;5%;228;Pix
7139;2026-08-24;2097;5;1;1;950;0%;950;Cartão de Crédito
7140;2026-09-08;604;17;17;1;650;0%;650;Cartão de Crédito
7141;2026-04-04;66;26;13;1;2200;0%;2200;Pix
7142;2025-10-04;1180;44;18;1;55;5%;52,25;Cartão de Crédito
7143;2025-09-26;711;4;6;1;1400;0%;1400;Pix
7144;2026-01-24;53;16;14;1;520;0%;520;Boleto
7145;2026-03-14;1231;32;16;1;480;0%;480;Cartão de Crédito
7146;2026-01-24;1848;7;13;1;320;5%;304;Boleto
7147;2026-09-01;2487;15;11;1;750;0%;750;Cartão de Crédito
7148;2025-10-03;2374;10;1;1;50;5%;47,5;Pix
7149;2026-01-21;342;32;17;1;480;0%;480;Cartão de Crédito
7150;2026-07-08;2069;25;11;1;310;5%;294,5;Boleto
7151;2026-04-23;1607;5;9;2;950;0%;1900;Cartão de Crédito
7152;2025-12-25;145;42;4;2;35;0%;70;Pix
7153;2026-03-30;1349;1;12;1;4500;0%;4500;Boleto
7154;2026-04-20;552;36;8;1;550;0%;550;Cartão de Crédito
7155;2026-06-02;2290;32;16;1;480;0%;480;Pix
7156;2026-06-10;2084;16;17;1;520;5%;494;Cartão de Crédito
7157;2026-04-26;1561;3;12;2;250;0%;500;Pix
7158;2026-04-17;974;7;3;3;320;0%;960;Cartão de Crédito
7159;2025-12-26;1595;4;2;1;1400;0%;1400;Boleto
7160;2026-04-13;525;12;5;2;180;5%;342;Cartão de Crédito
7161;2026-07-11;95;34;3;1;890;5%;845,5;Cartão de Crédito
7162;2025-11-01;793;14;18;2;350;5%;665;Pix
7163;2026-03-26;38;3;9;2;250;0%;500;Pix
7164;2026-05-16;2414;25;9;1;310;5%;294,5;Pix
7165;2026-08-18;1832;32;3;1;480;0%;480;Pix
7166;2026-07-04;64;3;7;3;250;5%;712,5;Pix
7167;2026-05-30;69;10;7;1;50;0%;50;Cartão de Débito
7168;2026-02-27;497;20;9;1;190;0%;190;Cartão de Crédito
7169;2026-06-05;2404;10;11;2;50;10%;90;Pix
7170;2026-01-15;2295;2;6;1;80;10%;72;Cartão de Crédito
7171;2026-06-30;1188;13;10;1;2900;0%;2900;Pix
7172;2025-10-19;2414;5;4;2;950;0%;1900;Pix
7173;2026-01-22;1883;5;2;1;950;0%;950;Cartão de Crédito
7174;2026-03-16;956;12;10;1;180;0%;180;Cartão de Crédito
7175;2026-04-25;525;45;18;1;180;10%;162;Boleto
7176;2026-01-12;2411;1;12;1;4500;5%;4275;Cartão de Crédito
7177;2025-10-29;1675;18;16;1;280;0%;280;Boleto
7178;2025-12-31;231;28;11;2;420;5%;798;Cartão de Crédito
7179;2026-01-03;517;11;13;2;3800;0%;7600;Cartão de Crédito
7180;2026-05-22;33;43;18;2;65;0%;130;Cartão de Crédito
7181;2026-01-20;2092;14;17;1;350;0%;350;Boleto
7182;2026-04-06;2166;16;14;1;520;0%;520;Cartão de Crédito
7183;2026-02-28;1557;28;5;1;420;0%;420;Cartão de Crédito
7184;2026-07-12;684;7;12;1;320;0%;320;Cartão de Crédito
7185;2026-08-17;2191;32;6;2;480;0%;960;Pix
7186;2025-12-02;2153;17;6;1;650;0%;650;Boleto
7187;2026-06-13;7;3;4;1;250;0%;250;Cartão de Crédito
7188;2026-06-08;895;4;5;1;1400;0%;1400;Cartão de Crédito
7189;2026-01-15;1530;13;7;5;2900;0%;14500;Pix
7190;2025-10-03;1790;16;17;1;520;0%;520;Cartão de Crédito
7191;2026-06-02;1405;7;14;2;320;5%;608;Pix
7192;2026-06-13;1221;6;14;1;220;0%;220;Cartão de Crédito
7193;2026-05-18;1678;2;16;1;80;5%;76;Cartão de Crédito
7194;2026-05-27;76;4;13;1;1400;0%;1400;Boleto
7195;2026-02-01;1327;7;18;1;320;5%;304;Boleto
7196;2026-01-02;1965;33;9;2;1200;0%;2400;Pix
7197;2026-02-02;2354;7;11;1;320;0%;320;Boleto
7198;2026-07-03;1946;38;11;1;390;0%;390;Pix
7199;2025-11-26;326;24;8;1;380;0%;380;Cartão de Crédito
7200;2026-03-13;822;43;3;1;65;0%;65;Cartão de Crédito
7201;2026-05-14;1321;12;12;1;180;0%;180;Pix
7202;2026-08-28;1351;13;6;3;2900;0%;8700;Boleto
7203;2026-05-27;2002;42;9;5;35;0%;175;Cartão de Crédito
7204;2026-06-14;1874;32;9;1;480;5%;456;Pix
7205;2025-10-26;264;22;10;1;850;0%;850;Cartão de Crédito
7206;2026-06-08;1581;38;6;1;390;0%;390;Pix
7207;2026-04-19;1818;23;11;1;400;0%;400;Cartão de Débito
7208;2025-11-12;483;7;16;1;320;0%;320;Cartão de Crédito
7209;2026-04-17;1054;17;11;1;650;0%;650;Cartão de Crédito
7210;2026-01-04;1099;31;14;1;120;0%;120;Cartão de Crédito
7211;2026-03-13;1304;22;3;1;850;0%;850;Boleto
7212;2026-03-14;1786;16;10;2;520;5%;988;Cartão de Crédito
7213;2025-11-08;1652;23;15;1;400;0%;400;Cartão de Crédito
7214;2026-06-10;2453;13;14;1;2900;0%;2900;Pix
7215;2026-01-11;33;14;2;2;350;0%;700;Cartão de Crédito
7216;2026-06-28;847;3;12;1;250;0%;250;Cartão de Crédito
7217;2026-05-28;753;29;2;1;380;0%;380;Cartão de Débito
7218;2025-11-07;1623;44;7;2;55;5%;104,5;Pix
7219;2025-10-01;352;4;11;1;1400;0%;1400;Pix
7220;2026-07-03;1948;25;5;1;310;0%;310;Pix
7221;2025-12-09;1151;26;5;1;2200;5%;2090;Boleto
7222;2025-11-15;2148;1;9;2;4500;5%;8550;Cartão de Crédito
7223;2026-06-16;881;6;10;3;220;0%;660;Pix
7224;2026-08-17;2459;14;6;1;350;0%;350;Pix
7225;2026-05-15;1563;23;14;1;400;0%;400;Pix
7226;2026-06-22;200;19;17;1;490;0%;490;Cartão de Crédito
7227;2026-01-20;1786;23;2;1;400;10%;360;Boleto
7228;2025-10-24;2074;16;2;2;520;0%;1040;Cartão de Crédito
7229;2026-01-30;34;33;7;1;1200;0%;1200;Cartão de Crédito
7230;2025-12-21;1229;9;18;1;150;0%;150;Pix
7231;2025-09-14;295;21;11;1;1600;0%;1600;Pix
7232;2026-01-02;1797;29;8;2;380;0%;760;Cartão de Crédito
7233;2026-03-22;2159;2;13;3;80;0%;240;Cartão de Crédito
7234;2026-04-04;1991;1;4;1;4500;0%;4500;Pix
7235;2026-03-08;1337;14;9;1;350;0%;350;Cartão de Crédito
7236;2026-01-29;1708;9;1;1;150;0%;150;Pix
7237;2026-03-07;1004;19;5;1;490;0%;490;Cartão de Crédito
7238;2026-04-01;168;36;14;1;550;0%;550;Pix
7239;2026-05-18;1095;28;13;1;420;0%;420;Cartão de Crédito
7240;2026-08-02;565;10;16;3;50;0%;150;Cartão de Crédito
7241;2025-11-20;197;25;11;2;310;0%;620;Boleto
7242;2025-12-26;1619;19;10;1;490;0%;490;Cartão de Débito
7243;2026-07-28;2349;41;3;1;45;0%;45;Pix
7244;2025-11-05;2455;31;5;1;120;0%;120;Cartão de Crédito
7245;2026-09-10;2174;20;12;1;190;0%;190;Boleto
7246;2026-04-09;1821;2;5;1;80;0%;80;Cartão de Crédito
7247;2026-05-26;1493;31;2;2;120;10%;216;Cartão de Crédito
7248;2025-12-08;351;7;12;1;320;0%;320;Cartão de Débito
7249;2026-02-23;891;4;18;1;1400;0%;1400;Pix
7250;2026-01-15;81;31;16;1;120;0%;120;Cartão de Débito
7251;2026-05-02;1394;3;11;1;250;0%;250;Cartão de Crédito
7252;2026-06-20;569;25;3;1;310;0%;310;Pix
7253;2025-12-02;1583;1;6;1;4500;10%;4050;Boleto
7254;2026-04-13;1065;15;7;1;750;0%;750;Cartão de Crédito
7255;2026-07-19;1519;18;13;1;280;0%;280;Cartão de Crédito
7256;2026-05-14;2098;10;9;2;50;0%;100;Pix
7257;2026-02-06;1620;9;1;2;150;5%;285;Pix
7258;2026-04-28;2299;14;1;1;350;0%;350;Cartão de Crédito
7259;2026-05-16;1407;23;3;1;400;0%;400;Pix
7260;2026-08-19;2305;6;4;1;220;0%;220;Pix
7261;2026-07-19;2068;23;3;2;400;0%;800;Cartão de Débito
7262;2026-05-03;1980;7;12;1;320;0%;320;Cartão de Crédito
7263;2026-03-20;281;2;5;1;80;0%;80;Cartão de Crédito
7264;2026-07-02;1136;35;10;2;250;0%;500;Cartão de Crédito
7265;2025-10-31;1257;1;6;1;4500;0%;4500;Boleto
7266;2026-03-04;844;5;4;1;950;0%;950;Cartão de Crédito
7267;2026-04-19;1129;16;18;1;520;0%;520;Cartão de Débito
7268;2025-12-12;2130;33;8;1;1200;0%;1200;Pix
7269;2026-06-03;1378;1;16;1;4500;0%;4500;Cartão de Crédito
7270;2026-01-29;1803;15;15;1;750;0%;750;Cartão de Débito
7271;2026-04-22;1436;18;13;1;280;5%;266;Cartão de Crédito
7272;2026-02-22;2386;9;2;1;150;5%;142,5;Cartão de Crédito
7273;2026-05-16;77;15;12;1;750;5%;712,5;Cartão de Débito
7274;2026-02-25;1242;39;9;1;290;0%;290;Cartão de Crédito
7275;2026-08-10;862;17;10;3;650;0%;1950;Cartão de Crédito
7276;2026-01-03;1770;32;18;2;480;5%;912;Pix
7277;2026-05-11;2018;17;4;2;650;0%;1300;Pix
7278;2026-03-03;1682;3;6;1;250;0%;250;Pix
7279;2025-11-23;11;5;9;1;950;0%;950;Cartão de Crédito
7280;2026-07-22;221;8;16;2;110;0%;220;Pix
7281;2026-04-07;988;1;10;2;4500;0%;9000;Cartão de Débito
7282;2025-11-08;1417;40;7;1;600;0%;600;Cartão de Crédito
7283;2026-03-15;2432;3;15;1;250;5%;237,5;Cartão de Débito
7284;2026-05-08;512;33;2;4;1200;5%;4560;Pix
7285;2026-08-17;196;7;4;2;320;0%;640;Pix
7286;2025-11-14;1365;23;9;3;400;5%;1140;Cartão de Crédito
7287;2026-05-06;1864;43;8;2;65;0%;130;Cartão de Débito
7288;2026-02-06;1077;23;8;1;400;5%;380;Cartão de Crédito
7289;2026-08-17;294;18;9;1;280;0%;280;Cartão de Crédito
7290;2026-09-02;2198;39;16;1;290;0%;290;Cartão de Crédito
7291;2025-11-19;709;37;12;3;140;0%;420;Pix
7292;2026-03-18;1919;12;17;1;180;0%;180;Pix
7293;2026-03-03;1644;24;9;1;380;0%;380;Cartão de Crédito
7294;2025-11-04;915;30;11;1;160;0%;160;Cartão de Crédito
7295;2026-01-28;1999;3;10;1;250;0%;250;Cartão de Crédito
7296;2025-10-30;1612;36;18;1;550;0%;550;Cartão de Crédito
7297;2026-02-27;1533;4;15;1;1400;0%;1400;Pix
7298;2025-12-30;1287;5;5;1;950;0%;950;Cartão de Crédito
7299;2026-01-11;593;30;18;1;160;0%;160;Cartão de Crédito
7300;2026-03-18;1528;7;12;3;320;0%;960;Pix
7301;2026-06-21;73;30;12;2;160;0%;320;Cartão de Crédito
7302;2026-05-18;2449;18;10;1;280;0%;280;Pix
7303;2026-05-19;1484;2;17;1;80;0%;80;Cartão de Débito
7304;2025-11-01;1675;45;13;3;180;0%;540;Cartão de Crédito
7305;2025-10-04;637;24;17;1;380;0%;380;Cartão de Crédito
7306;2026-01-24;482;16;7;1;520;0%;520;Cartão de Crédito
7307;2026-04-10;687;11;8;1;3800;0%;3800;Pix
7308;2025-12-30;1237;30;15;1;160;0%;160;Cartão de Crédito
7309;2025-09-12;1232;41;1;1;45;0%;45;Cartão de Crédito
7310;2026-05-08;417;13;9;1;2900;0%;2900;Cartão de Crédito
7311;2026-04-05;2429;5;15;1;950;0%;950;Pix
7312;2026-08-02;394;36;9;1;550;0%;550;Cartão de Crédito
7313;2026-05-22;2417;22;16;1;850;0%;850;Boleto
7314;2026-09-02;1006;2;10;1;80;5%;76;Cartão de Débito
7315;2025-11-14;2278;26;12;1;2200;0%;2200;Pix
7316;2026-09-12;1309;3;11;2;250;0%;500;Cartão de Crédito
7317;2025-10-03;2123;1;7;1;4500;5%;4275;Cartão de Crédito
7318;2026-05-25;1161;30;12;1;160;0%;160;Cartão de Crédito
7319;2026-09-12;1649;19;2;1;490;0%;490;Pix
7320;2025-11-13;1891;24;1;1;380;0%;380;Pix
7321;2025-12-18;2493;8;13;1;110;5%;104,5;Cartão de Crédito
7322;2025-11-02;80;21;3;1;1600;5%;1520;Cartão de Crédito
7323;2026-05-05;1426;19;1;2;490;0%;980;Pix
7324;2026-08-15;162;45;4;2;180;0%;360;Pix
7325;2026-04-24;145;1;13;1;4500;0%;4500;Cartão de Crédito
7326;2026-05-05;2347;8;9;1;110;0%;110;Cartão de Crédito
7327;2026-07-03;137;19;16;1;490;0%;490;Pix
7328;2026-06-17;1772;7;6;2;320;0%;640;Pix
7329;2026-06-09;1281;12;11;1;180;0%;180;Cartão de Crédito
7330;2026-08-26;401;18;13;1;280;0%;280;Pix
7331;2026-09-07;640;28;4;2;420;0%;840;Cartão de Débito
7332;2026-03-17;2369;12;8;1;180;0%;180;Pix
7333;2026-08-18;2252;17;14;3;650;0%;1950;Cartão de Crédito
7334;2026-04-27;1646;9;8;1;150;0%;150;Cartão de Crédito
7335;2026-03-11;811;12;14;1;180;5%;171;Pix
7336;2026-05-19;984;37;12;1;140;0%;140;Cartão de Crédito
7337;2026-08-22;1459;4;17;1;1400;0%;1400;Pix
7338;2026-07-13;1670;23;2;1;400;0%;400;Pix
7339;2026-05-20;237;22;15;1;850;0%;850;Cartão de Débito
7340;2025-11-16;545;2;18;1;80;0%;80;Pix
7341;2026-06-14;879;19;9;1;490;0%;490;Cartão de Débito
7342;2025-10-25;876;2;8;1;80;0%;80;Cartão de Crédito
7343;2026-03-07;437;27;7;1;350;5%;332,5;Cartão de Crédito
7344;2026-07-22;30;2;3;1;80;0%;80;Cartão de Crédito
7345;2026-01-29;777;23;2;1;400;0%;400;Boleto
7346;2026-07-18;1918;26;10;2;2200;5%;4180;Cartão de Débito
7347;2025-12-05;2018;16;10;1;520;0%;520;Pix
7348;2026-07-23;929;39;14;1;290;0%;290;Cartão de Crédito
7349;2026-04-07;922;31;11;1;120;0%;120;Cartão de Crédito
7350;2026-05-15;2326;3;14;1;250;0%;250;Pix
7351;2026-04-26;257;17;9;1;650;10%;585;Cartão de Débito
7352;2026-06-05;92;17;7;1;650;0%;650;Cartão de Débito
7353;2026-09-07;46;15;2;1;750;0%;750;Cartão de Crédito
7354;2026-05-03;936;27;12;1;350;0%;350;Pix
7355;2026-07-30;1790;31;12;1;120;0%;120;Cartão de Crédito
7356;2026-06-26;629;37;13;2;140;0%;280;Pix
7357;2025-09-24;2104;35;6;1;250;0%;250;Cartão de Crédito
7358;2026-03-06;744;1;14;1;4500;0%;4500;Cartão de Débito
7359;2026-01-11;1929;39;9;1;290;0%;290;Cartão de Débito
7360;2026-09-09;280;4;5;2;1400;0%;2800;Cartão de Crédito
7361;2026-05-29;2143;14;13;1;350;0%;350;Pix
7362;2026-04-19;2390;11;4;2;3800;5%;7220;Cartão de Débito
7363;2025-10-27;518;1;5;1;4500;0%;4500;Pix
7364;2025-12-21;681;8;3;1;110;0%;110;Pix
7365;2026-01-25;682;36;11;1;550;0%;550;Cartão de Crédito
7366;2025-12-02;1547;4;3;2;1400;0%;2800;Cartão de Crédito
7367;2025-11-06;2399;11;16;1;3800;0%;3800;Pix
7368;2026-08-06;2239;5;5;2;950;0%;1900;Pix
7369;2026-03-01;1254;11;13;1;3800;0%;3800;Boleto
7370;2026-02-22;1850;26;9;2;2200;0%;4400;Pix
7371;2026-07-31;1118;7;13;1;320;0%;320;Pix
7372;2026-03-21;880;2;6;1;80;0%;80;Boleto
7373;2026-03-22;1299;14;9;1;350;5%;332,5;Pix
7374;2026-02-05;313;10;4;1;50;0%;50;Cartão de Crédito
7375;2026-06-05;400;11;18;1;3800;0%;3800;Cartão de Crédito
7376;2026-08-18;1404;5;3;2;950;0%;1900;Pix
7377;2025-12-30;1565;12;15;1;180;0%;180;Boleto
7378;2025-12-17;2094;22;1;5;850;0%;4250;Cartão de Crédito
7379;2026-08-29;1385;41;5;3;45;0%;135;Pix
7380;2025-10-11;845;9;18;1;150;5%;142,5;Pix
7381;2026-08-09;2212;23;4;1;400;5%;380;Pix
7382;2026-08-31;2430;15;7;1;750;10%;675;Pix
7383;2026-04-27;1757;31;17;3;120;0%;360;Cartão de Crédito
7384;2026-02-13;409;23;18;1;400;0%;400;Pix
7385;2026-02-02;2035;10;3;2;50;0%;100;Cartão de Crédito
7386;2026-01-23;1565;13;5;1;2900;5%;2755;Cartão de Crédito
7387;2025-12-05;115;11;3;1;3800;0%;3800;Pix
7388;2026-01-23;2140;31;8;1;120;0%;120;Pix
7389;2025-12-22;996;43;11;1;65;0%;65;Boleto
7390;2026-01-26;245;26;4;2;2200;5%;4180;Cartão de Crédito
7391;2025-11-07;757;8;15;2;110;0%;220;Cartão de Débito
7392;2025-12-07;2219;4;7;3;1400;0%;4200;Cartão de Crédito
7393;2026-03-30;47;3;7;1;250;0%;250;Cartão de Débito
7394;2025-09-12;2082;22;16;1;850;0%;850;Pix
7395;2026-04-02;1193;20;15;4;190;0%;760;Cartão de Crédito
7396;2026-05-17;190;13;1;5;2900;0%;14500;Cartão de Crédito
7397;2026-04-15;1980;35;14;1;250;0%;250;Cartão de Crédito
7398;2025-11-06;2227;42;8;1;35;0%;35;Boleto
7399;2026-05-08;1546;33;5;1;1200;10%;1080;Cartão de Crédito
7400;2026-07-18;1529;5;1;1;950;0%;950;Cartão de Crédito
7401;2026-05-17;1725;7;16;1;320;0%;320;Cartão de Crédito
7402;2026-08-30;270;34;14;2;890;0%;1780;Pix
7403;2025-12-15;385;28;16;1;420;0%;420;Pix
7404;2025-11-26;172;25;10;1;310;0%;310;Cartão de Crédito
7405;2026-06-18;2145;19;17;1;490;0%;490;Pix
7406;2026-04-02;2298;32;2;1;480;0%;480;Pix
7407;2026-08-14;1228;12;4;1;180;0%;180;Boleto
7408;2026-05-26;1598;35;8;1;250;5%;237,5;Pix
7409;2025-10-04;927;21;6;2;1600;0%;3200;Cartão de Débito
7410;2026-03-29;1219;5;11;1;950;0%;950;Pix
7411;2026-04-05;1052;37;14;1;140;0%;140;Boleto
7412;2026-05-09;1223;10;4;1;50;0%;50;Cartão de Crédito
7413;2026-07-10;342;40;13;1;600;0%;600;Pix
7414;2025-09-30;1323;2;8;1;80;0%;80;Cartão de Crédito
7415;2026-07-20;84;28;13;3;420;0%;1260;Pix
7416;2026-01-18;2332;25;2;1;310;5%;294,5;Boleto
7417;2026-06-28;1993;8;1;1;110;0%;110;Cartão de Débito
7418;2026-01-07;1223;12;5;3;180;0%;540;Cartão de Débito
7419;2026-03-03;469;32;15;1;480;0%;480;Cartão de Crédito
7420;2026-08-27;218;17;4;1;650;5%;617,5;Pix
7421;2026-06-21;284;8;12;1;110;0%;110;Pix
7422;2026-06-25;2351;3;4;1;250;0%;250;Boleto
7423;2025-12-17;1627;26;18;1;2200;5%;2090;Pix
7424;2025-11-23;2374;26;13;2;2200;0%;4400;Pix
7425;2026-05-07;45;9;15;2;150;5%;285;Pix
7426;2026-01-31;718;22;4;1;850;0%;850;Boleto
7427;2026-03-01;1011;37;3;1;140;0%;140;Pix
7428;2026-07-15;1020;5;13;5;950;0%;4750;Cartão de Crédito
7429;2025-11-21;1397;21;6;2;1600;5%;3040;Boleto
7430;2026-04-05;15;4;5;1;1400;0%;1400;Pix
7431;2025-12-10;464;4;14;1;1400;0%;1400;Cartão de Crédito
7432;2026-07-01;103;31;18;3;120;0%;360;Cartão de Crédito
7433;2026-09-09;2090;19;15;1;490;10%;441;Cartão de Crédito
7434;2026-03-18;1132;4;17;1;1400;0%;1400;Pix
7435;2025-09-17;580;15;8;1;750;0%;750;Cartão de Crédito
7436;2025-12-22;1508;31;18;2;120;0%;240;Pix
7437;2026-01-08;2063;37;10;2;140;0%;280;Cartão de Crédito
7438;2025-12-19;339;7;1;2;320;5%;608;Cartão de Crédito
7439;2026-04-09;1484;20;15;3;190;0%;570;Cartão de Crédito
7440;2026-01-12;1337;7;3;5;320;0%;1600;Cartão de Crédito
7441;2026-05-15;1276;15;11;3;750;0%;2250;Pix
7442;2026-01-19;1546;24;7;3;380;0%;1140;Pix
7443;2026-08-31;1414;6;4;2;220;0%;440;Cartão de Crédito
7444;2025-09-25;668;17;3;1;650;0%;650;Cartão de Débito
7445;2026-02-14;193;28;3;1;420;0%;420;Cartão de Crédito
7446;2025-11-28;2225;42;8;1;35;0%;35;Pix
7447;2025-12-17;356;10;11;1;50;0%;50;Boleto
7448;2026-03-19;2103;15;16;2;750;5%;1425;Cartão de Crédito
7449;2026-06-28;2369;16;1;2;520;5%;988;Pix
7450;2026-01-02;1389;7;15;3;320;0%;960;Pix
7451;2025-11-02;2019;17;16;2;650;0%;1300;Cartão de Crédito
7452;2025-10-23;1991;33;1;1;1200;5%;1140;Cartão de Crédito
7453;2025-12-19;134;6;12;3;220;0%;660;Cartão de Crédito
7454;2026-04-10;2050;28;15;2;420;0%;840;Pix
7455;2025-10-11;2348;12;10;1;180;0%;180;Cartão de Crédito
7456;2025-10-19;531;24;9;3;380;0%;1140;Cartão de Crédito
7457;2026-09-04;1565;11;1;1;3800;0%;3800;Cartão de Crédito
7458;2026-02-27;382;13;13;2;2900;0%;5800;Cartão de Débito
7459;2026-01-19;2216;13;8;1;2900;0%;2900;Cartão de Crédito
7460;2026-08-02;2275;10;11;1;50;5%;47,5;Pix
7461;2025-12-27;980;15;15;2;750;0%;1500;Cartão de Crédito
7462;2026-03-28;2289;11;9;1;3800;0%;3800;Cartão de Crédito
7463;2025-11-10;2283;8;15;1;110;0%;110;Cartão de Crédito
7464;2026-04-06;1874;7;15;1;320;0%;320;Cartão de Crédito
7465;2026-08-19;1785;3;2;1;250;0%;250;Cartão de Crédito
7466;2025-09-16;1589;4;9;1;1400;0%;1400;Cartão de Crédito
7467;2026-01-04;1271;32;11;5;480;0%;2400;Pix
7468;2026-08-13;2405;3;15;1;250;0%;250;Cartão de Crédito
7469;2026-08-24;956;22;3;1;850;0%;850;Cartão de Débito
7470;2026-08-05;1936;29;8;2;380;0%;760;Cartão de Crédito
7471;2025-10-04;933;45;8;2;180;0%;360;Cartão de Débito
7472;2025-12-11;1083;9;14;1;150;0%;150;Cartão de Crédito
7473;2026-05-01;1366;11;16;2;3800;5%;7220;Pix
7474;2026-01-25;1394;30;4;1;160;0%;160;Pix
7475;2025-09-12;1238;9;18;1;150;0%;150;Boleto
7476;2026-02-02;2185;23;2;1;400;0%;400;Cartão de Crédito
7477;2026-07-09;1244;14;15;2;350;0%;700;Cartão de Crédito
7478;2026-01-01;480;7;18;1;320;0%;320;Cartão de Crédito
7479;2025-10-29;1411;20;13;2;190;0%;380;Cartão de Crédito
7480;2025-09-22;1397;4;10;2;1400;0%;2800;Cartão de Crédito
7481;2025-12-04;1982;10;2;1;50;0%;50;Boleto
7482;2026-05-02;2435;6;12;2;220;0%;440;Boleto
7483;2026-07-05;1225;40;16;1;600;0%;600;Cartão de Débito
7484;2026-04-11;481;23;4;3;400;0%;1200;Cartão de Crédito
7485;2025-11-06;210;36;16;3;550;0%;1650;Cartão de Crédito
7486;2026-07-03;1937;20;13;2;190;5%;361;Boleto
7487;2026-02-16;1842;4;12;3;1400;0%;4200;Cartão de Crédito
7488;2026-02-07;1439;16;14;3;520;0%;1560;Cartão de Crédito
7489;2026-03-05;1890;31;5;1;120;0%;120;Pix
7490;2026-06-01;2316;37;15;1;140;0%;140;Pix
7491;2025-11-28;682;3;13;1;250;0%;250;Pix
7492;2026-08-27;2362;2;7;1;80;0%;80;Boleto
7493;2026-02-10;2077;7;11;1;320;0%;320;Boleto
7494;2026-01-27;102;45;7;1;180;0%;180;Cartão de Crédito
7495;2026-07-05;43;24;17;1;380;0%;380;Pix
7496;2026-01-22;1558;13;17;1;2900;5%;2755;Pix
7497;2026-03-09;1708;21;1;1;1600;0%;1600;Cartão de Crédito
7498;2026-04-22;1553;8;6;1;110;0%;110;Pix
7499;2026-08-10;1671;4;3;1;1400;0%;1400;Cartão de Débito
7500;2026-01-01;2128;1;5;2;4500;0%;9000;Cartão de Crédito
7501;2026-04-09;2245;15;16;1;750;10%;675;Cartão de Crédito
7502;2025-09-29;1814;25;15;1;310;5%;294,5;Cartão de Crédito
7503;2026-05-03;1799;10;12;2;50;0%;100;Boleto
7504;2026-05-09;168;26;7;3;2200;0%;6600;Boleto
7505;2026-06-30;2315;3;14;1;250;0%;250;Cartão de Crédito
7506;2025-11-24;1542;14;8;4;350;0%;1400;Pix
7507;2026-05-24;1919;16;6;2;520;0%;1040;Pix
7508;2026-04-27;286;6;3;1;220;0%;220;Cartão de Crédito
7509;2025-10-10;1794;22;8;4;850;10%;3060;Cartão de Crédito
7510;2026-03-14;505;5;5;4;950;0%;3800;Cartão de Crédito
7511;2026-06-22;2446;3;14;1;250;0%;250;Cartão de Crédito
7512;2025-12-09;768;22;2;1;850;0%;850;Pix
7513;2026-04-08;2211;38;6;1;390;0%;390;Cartão de Débito
7514;2026-02-06;827;43;6;1;65;0%;65;Pix
7515;2026-01-08;789;2;8;2;80;0%;160;Boleto
7516;2025-10-08;587;2;7;1;80;0%;80;Cartão de Crédito
7517;2026-07-24;2415;2;8;2;80;0%;160;Cartão de Crédito
7518;2026-01-19;1147;43;13;1;65;0%;65;Cartão de Crédito
7519;2025-09-23;1644;32;1;1;480;0%;480;Cartão de Crédito
7520;2026-03-24;2319;8;9;1;110;0%;110;Cartão de Crédito
7521;2026-09-09;929;38;1;2;390;0%;780;Cartão de Crédito
7522;2026-04-04;1409;4;5;1;1400;0%;1400;Pix
7523;2025-12-18;1397;6;15;3;220;0%;660;Pix
7524;2026-06-14;1605;24;11;1;380;5%;361;Boleto
7525;2025-11-22;2453;2;10;2;80;5%;152;Pix
7526;2025-10-28;560;6;17;1;220;0%;220;Cartão de Crédito
7527;2026-03-06;994;7;16;2;320;0%;640;Cartão de Crédito
7528;2025-10-06;136;5;13;1;950;0%;950;Cartão de Crédito
7529;2026-01-25;1040;3;17;2;250;0%;500;Cartão de Crédito
7530;2026-06-23;1378;13;10;1;2900;0%;2900;Cartão de Crédito
7531;2026-06-11;1962;11;11;1;3800;0%;3800;Cartão de Crédito
7532;2026-01-15;437;31;4;2;120;0%;240;Cartão de Crédito
7533;2026-07-05;2132;6;1;2;220;0%;440;Cartão de Crédito
7534;2026-01-21;683;10;12;3;50;5%;142,5;Cartão de Crédito
7535;2026-03-10;1274;37;5;3;140;5%;399;Cartão de Crédito
7536;2026-06-10;27;41;11;2;45;0%;90;Cartão de Crédito
7537;2026-01-16;1819;10;14;2;50;0%;100;Cartão de Crédito
7538;2026-02-13;541;4;12;1;1400;0%;1400;Cartão de Crédito
7539;2026-03-01;123;6;16;2;220;5%;418;Pix
7540;2026-06-24;1738;7;18;1;320;0%;320;Cartão de Crédito
7541;2026-06-10;1830;18;18;1;280;10%;252;Cartão de Crédito
7542;2026-04-03;113;42;6;1;35;5%;33,25;Boleto
7543;2025-10-03;937;10;5;2;50;5%;95;Cartão de Débito
7544;2025-12-07;502;11;8;1;3800;0%;3800;Cartão de Crédito
7545;2025-10-20;1969;21;2;1;1600;0%;1600;Cartão de Crédito
7546;2025-10-29;1336;30;18;1;160;0%;160;Cartão de Crédito
7547;2026-04-05;1699;13;7;1;2900;0%;2900;Cartão de Crédito
7548;2026-07-12;2363;21;5;2;1600;0%;3200;Cartão de Crédito
7549;2026-06-15;1934;36;17;1;550;0%;550;Boleto
7550;2026-05-17;654;26;17;1;2200;5%;2090;Pix
7551;2026-05-24;832;14;3;3;350;5%;997,5;Pix
7552;2026-01-18;646;2;10;3;80;0%;240;Boleto
7553;2026-06-29;1484;23;14;1;400;5%;380;Cartão de Crédito
7554;2025-12-09;2361;19;4;1;490;0%;490;Cartão de Crédito
7555;2026-05-12;2366;3;13;1;250;0%;250;Cartão de Crédito
7556;2026-02-17;1231;20;4;2;190;0%;380;Cartão de Crédito
7557;2026-04-18;35;10;8;1;50;5%;47,5;Pix
7558;2025-12-20;749;2;18;2;80;0%;160;Pix
7559;2026-06-24;2075;17;1;2;650;0%;1300;Cartão de Crédito
7560;2026-05-11;19;9;1;2;150;0%;300;Cartão de Crédito
7561;2026-02-24;322;11;2;4;3800;5%;14440;Cartão de Débito
7562;2025-12-12;2159;35;16;3;250;5%;712,5;Cartão de Crédito
7563;2026-02-18;1387;22;3;1;850;0%;850;Cartão de Crédito
7564;2025-11-27;87;19;5;2;490;5%;931;Pix
7565;2026-08-26;653;14;1;1;350;0%;350;Cartão de Débito
7566;2025-10-24;2004;15;12;1;750;0%;750;Cartão de Crédito
7567;2026-02-11;1502;9;9;1;150;0%;150;Cartão de Crédito
7568;2025-10-16;1632;17;9;3;650;0%;1950;Cartão de Crédito
7569;2026-06-10;2041;37;5;1;140;0%;140;Cartão de Débito
7570;2026-08-15;280;32;2;1;480;0%;480;Cartão de Crédito
7571;2026-01-27;1663;21;14;1;1600;0%;1600;Cartão de Crédito
7572;2025-11-18;1911;8;11;2;110;0%;220;Boleto
7573;2026-08-10;74;32;4;1;480;0%;480;Cartão de Crédito
7574;2026-03-13;701;38;13;1;390;5%;370,5;Cartão de Débito
7575;2026-08-26;2340;31;15;1;120;0%;120;Cartão de Crédito
7576;2026-01-19;1130;6;6;2;220;0%;440;Cartão de Crédito
7577;2025-10-08;942;12;13;2;180;0%;360;Cartão de Débito
7578;2025-10-10;1972;8;18;1;110;0%;110;Boleto
7579;2026-03-05;1198;21;18;1;1600;0%;1600;Pix
7580;2025-12-17;827;10;1;1;50;0%;50;Cartão de Débito
7581;2026-07-02;1526;39;17;2;290;0%;580;Cartão de Crédito
7582;2026-05-22;581;37;8;1;140;0%;140;Cartão de Débito
7583;2026-08-30;2275;9;7;1;150;0%;150;Cartão de Crédito
7584;2026-04-03;2191;15;1;1;750;0%;750;Cartão de Crédito
7585;2026-04-18;201;26;3;1;2200;0%;2200;Pix
7586;2026-01-22;1375;36;15;1;550;0%;550;Cartão de Débito
7587;2026-07-13;629;9;8;1;150;0%;150;Pix
7588;2025-11-19;1644;25;16;1;310;0%;310;Pix
7589;2025-10-20;1098;24;18;2;380;0%;760;Cartão de Débito
7590;2026-03-06;2049;4;4;1;1400;5%;1330;Cartão de Crédito
7591;2026-07-26;1886;6;1;2;220;0%;440;Cartão de Crédito
7592;2025-10-30;1495;4;2;1;1400;0%;1400;Pix
7593;2025-11-05;2317;31;14;2;120;5%;228;Cartão de Crédito
7594;2026-05-24;2496;18;16;2;280;0%;560;Pix
7595;2026-08-20;542;30;1;1;160;0%;160;Cartão de Crédito
7596;2026-07-25;529;5;12;1;950;5%;902,5;Cartão de Débito
7597;2025-10-19;2341;9;5;1;150;0%;150;Boleto
7598;2025-10-05;489;38;18;1;390;0%;390;Boleto
7599;2025-11-30;2252;25;12;1;310;0%;310;Boleto
7600;2025-11-15;976;20;8;2;190;0%;380;Cartão de Débito
7601;2026-09-07;612;23;15;3;400;0%;1200;Cartão de Crédito
7602;2025-09-13;1101;3;7;2;250;0%;500;Cartão de Crédito
7603;2026-05-14;2399;20;11;1;190;0%;190;Cartão de Crédito
7604;2026-05-28;662;39;4;2;290;0%;580;Cartão de Crédito
7605;2026-03-06;2194;31;12;1;120;0%;120;Pix
7606;2026-02-24;512;7;3;3;320;0%;960;Pix
7607;2026-04-19;865;20;15;2;190;10%;342;Pix
7608;2025-10-24;1157;2;6;2;80;0%;160;Pix
7609;2025-09-21;1912;1;11;1;4500;5%;4275;Boleto
7610;2026-05-05;1240;29;4;1;380;0%;380;Cartão de Crédito
7611;2026-02-17;752;28;10;1;420;0%;420;Cartão de Crédito
7612;2026-06-26;1916;45;8;1;180;0%;180;Cartão de Crédito
7613;2026-07-07;1688;21;6;1;1600;0%;1600;Boleto
7614;2026-03-28;534;43;12;1;65;0%;65;Cartão de Crédito
7615;2026-07-16;327;17;17;1;650;5%;617,5;Pix
7616;2026-06-18;974;5;3;1;950;0%;950;Pix
7617;2025-12-12;1231;28;16;2;420;0%;840;Cartão de Crédito
7618;2026-04-30;966;38;14;1;390;0%;390;Cartão de Crédito
7619;2026-09-09;1889;4;16;1;1400;0%;1400;Pix
7620;2025-12-08;1057;17;10;4;650;0%;2600;Pix
7621;2025-12-18;1253;3;7;2;250;5%;475;Boleto
7622;2026-07-31;1404;19;10;1;490;0%;490;Pix
7623;2026-07-27;1895;4;17;1;1400;0%;1400;Pix
7624;2026-05-23;675;18;13;1;280;0%;280;Cartão de Crédito
7625;2026-03-16;1952;14;4;2;350;0%;700;Cartão de Crédito
7626;2026-03-03;1664;29;10;4;380;0%;1520;Cartão de Débito
7627;2026-01-04;2124;5;2;2;950;0%;1900;Cartão de Crédito
7628;2025-12-01;2341;21;2;1;1600;0%;1600;Cartão de Crédito
7629;2026-01-05;1107;2;18;1;80;0%;80;Cartão de Crédito
7630;2026-08-09;77;40;10;1;600;0%;600;Cartão de Crédito
7631;2025-11-15;1201;15;16;1;750;0%;750;Pix
7632;2026-07-06;1716;11;2;1;3800;0%;3800;Cartão de Crédito
7633;2026-07-29;126;5;2;1;950;0%;950;Pix
7634;2026-06-29;1176;17;1;1;650;10%;585;Cartão de Crédito
7635;2026-07-16;270;15;14;1;750;0%;750;Cartão de Crédito
7636;2026-09-04;1452;23;16;3;400;5%;1140;Cartão de Crédito
7637;2026-01-06;1958;12;14;2;180;0%;360;Boleto
7638;2025-11-16;1180;40;6;1;600;0%;600;Cartão de Débito
7639;2026-04-07;1565;28;5;1;420;0%;420;Cartão de Crédito
7640;2025-11-15;1500;29;9;2;380;0%;760;Cartão de Crédito
7641;2026-07-13;630;3;2;1;250;0%;250;Boleto
7642;2026-01-03;1690;14;8;1;350;10%;315;Cartão de Crédito
7643;2025-10-09;2439;27;3;1;350;0%;350;Pix
7644;2026-01-27;241;2;4;2;80;0%;160;Pix
7645;2026-08-25;1361;1;5;1;4500;5%;4275;Pix
7646;2026-05-08;991;40;4;1;600;0%;600;Cartão de Débito
7647;2026-09-10;466;16;15;3;520;0%;1560;Pix
7648;2025-12-15;747;30;13;2;160;0%;320;Cartão de Crédito
7649;2026-02-18;270;31;9;1;120;5%;114;Cartão de Crédito
7650;2026-05-21;1345;32;14;1;480;0%;480;Cartão de Crédito
7651;2026-07-01;53;38;1;1;390;0%;390;Cartão de Crédito
7652;2026-08-02;270;22;17;1;850;5%;807,5;Pix
7653;2026-01-26;516;4;8;1;1400;5%;1330;Cartão de Crédito
7654;2026-01-01;1352;31;17;1;120;10%;108;Pix
7655;2026-01-29;1837;10;10;1;50;0%;50;Cartão de Crédito
7656;2025-12-04;647;5;18;1;950;5%;902,5;Cartão de Crédito
7657;2026-08-04;993;17;11;1;650;0%;650;Cartão de Crédito
7658;2026-07-24;1710;15;14;3;750;0%;2250;Pix
7659;2026-09-02;1972;22;16;1;850;0%;850;Boleto
7660;2025-10-24;1446;5;8;3;950;0%;2850;Cartão de Crédito
7661;2026-07-13;82;1;6;5;4500;0%;22500;Pix
7662;2025-12-06;1767;7;6;1;320;0%;320;Cartão de Crédito
7663;2026-02-13;1905;3;8;1;250;0%;250;Pix
7664;2026-04-06;1329;9;1;1;150;0%;150;Cartão de Crédito
7665;2025-10-03;831;6;5;1;220;0%;220;Cartão de Crédito
7666;2026-07-18;2306;3;1;3;250;5%;712,5;Boleto
7667;2026-07-03;156;38;2;2;390;0%;780;Cartão de Crédito
7668;2026-04-21;1232;8;15;1;110;0%;110;Pix
7669;2026-04-08;277;12;10;1;180;0%;180;Pix
7670;2026-02-13;597;17;15;5;650;0%;3250;Cartão de Crédito
7671;2026-05-27;2003;3;8;2;250;10%;450;Cartão de Crédito
7672;2026-09-08;1331;43;11;1;65;5%;61,75;Pix
7673;2026-01-23;216;28;10;1;420;0%;420;Cartão de Crédito
7674;2025-12-11;1019;18;4;1;280;0%;280;Cartão de Crédito
7675;2026-04-05;2019;6;5;3;220;0%;660;Pix
7676;2026-09-08;251;41;14;2;45;0%;90;Cartão de Crédito
7677;2026-04-26;1490;38;9;4;390;0%;1560;Pix
7678;2026-07-01;921;14;7;1;350;10%;315;Cartão de Crédito
7679;2026-02-15;947;7;13;1;320;0%;320;Pix
7680;2026-07-09;79;13;9;1;2900;10%;2610;Pix
7681;2026-02-22;869;7;6;1;320;0%;320;Pix
7682;2026-08-30;1421;8;6;2;110;0%;220;Cartão de Crédito
7683;2026-06-01;1921;19;18;1;490;0%;490;Cartão de Crédito
7684;2026-09-02;912;17;11;2;650;0%;1300;Pix
7685;2026-05-03;812;10;8;2;50;0%;100;Pix
7686;2026-05-31;404;31;8;1;120;0%;120;Cartão de Crédito
7687;2026-01-16;81;40;16;1;600;0%;600;Cartão de Crédito
7688;2026-01-09;1136;4;11;2;1400;0%;2800;Cartão de Crédito
7689;2026-01-17;853;19;2;1;490;0%;490;Boleto
7690;2025-12-13;943;44;14;2;55;0%;110;Cartão de Crédito
7691;2026-02-17;416;1;6;4;4500;0%;18000;Cartão de Crédito
7692;2025-11-29;1201;40;16;2;600;0%;1200;Cartão de Crédito
7693;2026-01-19;89;16;18;1;520;0%;520;Pix
7694;2026-03-22;782;10;15;1;50;0%;50;Pix
7695;2025-12-01;226;26;8;1;2200;5%;2090;Cartão de Crédito
7696;2026-01-07;1421;28;2;1;420;0%;420;Cartão de Crédito
7697;2026-02-24;298;8;13;1;110;0%;110;Cartão de Débito
7698;2025-10-06;515;37;8;1;140;0%;140;Boleto
7699;2025-11-18;1338;3;4;1;250;0%;250;Boleto
7700;2025-09-26;1997;26;3;1;2200;0%;2200;Pix
7701;2026-03-18;1461;1;11;2;4500;0%;9000;Cartão de Crédito
7702;2026-06-12;2043;11;2;3;3800;0%;11400;Cartão de Crédito
7703;2026-07-09;1093;21;2;2;1600;0%;3200;Boleto
7704;2026-01-29;623;8;5;1;110;10%;99;Cartão de Crédito
7705;2026-08-09;1226;26;11;2;2200;0%;4400;Cartão de Crédito
7706;2026-04-01;1252;24;3;1;380;0%;380;Pix
7707;2025-10-22;2432;12;6;1;180;0%;180;Cartão de Débito
7708;2026-03-21;1525;19;3;1;490;5%;465,5;Pix
7709;2025-11-18;1314;4;8;4;1400;5%;5320;Cartão de Crédito
7710;2026-05-31;146;34;16;2;890;0%;1780;Cartão de Crédito
7711;2026-06-03;309;3;3;2;250;0%;500;Cartão de Crédito
7712;2026-01-17;1415;9;1;3;150;0%;450;Cartão de Crédito
7713;2026-03-09;915;13;10;1;2900;0%;2900;Cartão de Crédito
7714;2026-07-21;1041;1;3;3;4500;0%;13500;Cartão de Crédito
7715;2026-07-24;1927;7;4;1;320;0%;320;Pix
7716;2026-03-01;2037;8;11;1;110;0%;110;Cartão de Crédito
7717;2026-03-14;2033;7;4;1;320;0%;320;Cartão de Crédito
7718;2026-03-31;1771;4;8;1;1400;0%;1400;Cartão de Crédito
7719;2025-12-09;2110;27;5;2;350;0%;700;Cartão de Crédito
7720;2026-02-01;1678;8;8;1;110;5%;104,5;Pix
7721;2025-09-20;1764;42;4;1;35;0%;35;Cartão de Crédito
7722;2026-04-10;550;18;3;1;280;5%;266;Boleto
7723;2026-08-21;2198;13;12;1;2900;0%;2900;Pix
7724;2026-04-21;973;16;11;1;520;0%;520;Boleto
7725;2025-11-18;38;1;1;2;4500;0%;9000;Boleto
7726;2026-05-04;1786;13;3;2;2900;0%;5800;Boleto
7727;2026-02-19;171;29;10;3;380;0%;1140;Pix
7728;2025-11-29;225;36;11;1;550;0%;550;Pix
7729;2026-07-19;2304;29;13;1;380;0%;380;Cartão de Crédito
7730;2026-05-26;1469;12;14;2;180;0%;360;Cartão de Débito
7731;2026-07-13;1825;26;15;1;2200;0%;2200;Pix
7732;2025-10-21;1254;23;7;2;400;10%;720;Cartão de Crédito
7733;2026-08-29;884;30;14;2;160;0%;320;Cartão de Crédito
7734;2025-09-24;2070;1;2;4;4500;0%;18000;Cartão de Crédito
7735;2026-07-12;156;37;4;1;140;0%;140;Cartão de Crédito
7736;2025-10-04;323;9;10;2;150;0%;300;Boleto
7737;2026-04-13;394;29;2;2;380;0%;760;Cartão de Crédito
7738;2025-12-31;2458;2;5;1;80;0%;80;Cartão de Crédito
7739;2026-05-18;2104;10;17;1;50;0%;50;Cartão de Crédito
7740;2026-05-26;2283;23;4;1;400;0%;400;Boleto
7741;2026-06-14;2433;25;7;3;310;0%;930;Cartão de Crédito
7742;2025-10-01;1152;31;13;1;120;0%;120;Cartão de Crédito
7743;2026-08-14;470;6;13;1;220;0%;220;Cartão de Crédito
7744;2026-01-14;2273;5;17;1;950;0%;950;Pix
7745;2025-11-09;1670;29;17;1;380;0%;380;Pix
7746;2026-05-12;2195;42;12;2;35;0%;70;Cartão de Crédito
7747;2025-10-27;2161;4;12;1;1400;0%;1400;Cartão de Crédito
7748;2026-04-15;2441;37;2;1;140;0%;140;Cartão de Débito
7749;2026-03-10;145;35;13;2;250;5%;475;Pix
7750;2026-03-02;1640;14;18;2;350;0%;700;Cartão de Débito
7751;2026-06-13;657;2;13;1;80;0%;80;Pix
7752;2026-05-15;722;3;17;2;250;0%;500;Cartão de Crédito
7753;2025-09-29;50;4;16;3;1400;5%;3990;Cartão de Crédito
7754;2025-11-30;2000;7;6;1;320;0%;320;Pix
7755;2025-09-12;2270;14;4;1;350;0%;350;Boleto
7756;2026-08-22;1190;11;15;1;3800;0%;3800;Boleto
7757;2025-11-30;792;36;15;2;550;0%;1100;Boleto
7758;2025-12-28;1441;37;14;2;140;0%;280;Boleto
7759;2026-02-03;73;22;15;1;850;0%;850;Cartão de Crédito
7760;2026-06-03;915;11;1;1;3800;0%;3800;Pix
7761;2026-06-12;910;7;2;2;320;10%;576;Pix
7762;2026-04-04;2473;28;15;1;420;0%;420;Cartão de Crédito
7763;2026-06-05;2452;19;12;1;490;0%;490;Cartão de Crédito
7764;2025-11-03;1046;9;12;3;150;0%;450;Cartão de Débito
7765;2026-02-04;2489;24;18;1;380;0%;380;Pix
7766;2025-12-25;1687;42;15;1;35;0%;35;Pix
7767;2025-10-22;1066;44;13;3;55;0%;165;Boleto
7768;2026-05-16;1080;20;2;1;190;0%;190;Cartão de Crédito
7769;2026-04-22;1553;20;17;1;190;0%;190;Cartão de Crédito
7770;2026-06-02;1712;43;15;1;65;0%;65;Cartão de Crédito
7771;2026-03-21;281;20;18;3;190;0%;570;Pix
7772;2026-03-03;2013;29;4;1;380;10%;342;Cartão de Crédito
7773;2025-10-25;1741;14;10;1;350;0%;350;Pix
7774;2026-03-12;1766;2;2;1;80;5%;76;Cartão de Crédito
7775;2026-03-10;2489;12;12;4;180;0%;720;Cartão de Crédito
7776;2026-04-05;849;30;10;1;160;0%;160;Boleto
7777;2026-01-17;367;39;17;1;290;10%;261;Cartão de Crédito
7778;2025-10-06;1798;32;7;1;480;0%;480;Boleto
7779;2026-07-10;601;26;1;1;2200;0%;2200;Pix
7780;2025-09-28;552;31;12;1;120;0%;120;Cartão de Crédito
7781;2026-06-09;1418;28;14;4;420;10%;1512;Cartão de Crédito
7782;2026-02-28;877;21;8;1;1600;0%;1600;Cartão de Crédito
7783;2026-05-10;1954;37;16;1;140;0%;140;Cartão de Débito
7784;2026-01-13;76;45;7;1;180;0%;180;Pix
7785;2025-11-01;1551;37;16;1;140;0%;140;Pix
7786;2026-08-30;2283;22;16;1;850;5%;807,5;Cartão de Crédito
7787;2025-11-06;2425;1;6;2;4500;5%;8550;Cartão de Débito
7788;2026-04-12;442;4;12;1;1400;0%;1400;Cartão de Crédito
7789;2026-02-03;2243;9;16;1;150;0%;150;Cartão de Crédito
7790;2026-08-22;630;1;1;1;4500;0%;4500;Pix
7791;2025-11-03;589;23;9;1;400;5%;380;Cartão de Crédito
7792;2026-08-18;236;23;5;2;400;0%;800;Cartão de Crédito
7793;2026-03-22;1189;27;11;1;350;0%;350;Cartão de Débito
7794;2026-02-23;98;12;2;2;180;0%;360;Cartão de Crédito
7795;2026-03-06;1212;16;2;1;520;0%;520;Pix
7796;2026-05-29;150;20;18;1;190;0%;190;Cartão de Crédito
7797;2025-12-27;2327;13;16;2;2900;5%;5510;Cartão de Débito
7798;2026-04-05;1877;5;8;1;950;0%;950;Cartão de Crédito
7799;2026-06-05;2089;32;16;1;480;0%;480;Pix
7800;2025-11-20;1270;33;13;2;1200;0%;2400;Boleto
7801;2025-10-31;1605;9;7;2;150;10%;270;Cartão de Débito
7802;2025-09-18;829;33;10;1;1200;0%;1200;Cartão de Crédito
7803;2026-01-17;2156;17;8;1;650;0%;650;Cartão de Crédito
7804;2026-08-21;244;4;1;2;1400;0%;2800;Cartão de Crédito
7805;2025-09-27;2377;10;3;1;50;0%;50;Cartão de Crédito
7806;2026-02-08;916;13;11;1;2900;5%;2755;Cartão de Crédito
7807;2025-12-01;1259;5;8;2;950;0%;1900;Cartão de Crédito
7808;2025-09-21;2015;14;9;3;350;0%;1050;Pix
7809;2025-11-05;1793;40;14;1;600;0%;600;Cartão de Crédito
7810;2026-02-19;1112;11;14;1;3800;0%;3800;Pix
7811;2026-03-29;626;22;17;1;850;0%;850;Cartão de Débito
7812;2026-07-26;2034;23;7;1;400;0%;400;Cartão de Crédito
7813;2026-03-14;409;5;17;1;950;0%;950;Cartão de Crédito
7814;2026-07-19;1547;14;6;2;350;0%;700;Cartão de Crédito
7815;2025-11-25;1380;5;5;2;950;0%;1900;Cartão de Crédito
7816;2026-05-01;1341;24;13;1;380;0%;380;Pix
7817;2025-10-10;18;41;6;1;45;0%;45;Cartão de Crédito
7818;2025-11-16;1024;3;2;1;250;0%;250;Cartão de Crédito
7819;2025-11-17;920;7;10;1;320;5%;304;Cartão de Débito
7820;2025-10-01;1525;33;13;1;1200;5%;1140;Cartão de Débito
7821;2026-05-09;1850;28;4;1;420;0%;420;Pix
7822;2025-12-15;1473;27;3;2;350;0%;700;Boleto
7823;2026-08-15;1512;7;17;1;320;0%;320;Boleto
7824;2026-06-27;179;28;9;4;420;0%;1680;Cartão de Crédito
7825;2025-11-03;2116;3;6;1;250;0%;250;Cartão de Crédito
7826;2026-05-29;50;35;11;1;250;0%;250;Pix
7827;2025-10-17;1691;13;13;1;2900;0%;2900;Cartão de Crédito
7828;2026-04-20;178;16;18;1;520;5%;494;Boleto
7829;2025-11-09;737;8;7;1;110;5%;104,5;Pix
7830;2026-07-05;521;27;16;1;350;0%;350;Cartão de Crédito
7831;2026-06-08;2267;5;10;1;950;0%;950;Cartão de Crédito
7832;2026-01-31;1991;20;2;2;190;0%;380;Cartão de Crédito
7833;2026-07-07;2281;4;13;1;1400;0%;1400;Boleto
7834;2025-12-20;1706;5;3;1;950;0%;950;Cartão de Crédito
7835;2026-02-26;576;16;16;1;520;5%;494;Cartão de Crédito
7836;2026-03-31;1323;2;18;3;80;0%;240;Pix
7837;2026-02-03;1241;10;10;1;50;0%;50;Cartão de Crédito
7838;2025-11-30;61;27;5;1;350;0%;350;Cartão de Débito
7839;2025-12-02;1064;25;18;2;310;0%;620;Boleto
7840;2025-11-27;1029;10;18;1;50;0%;50;Cartão de Crédito
7841;2026-06-17;1610;18;7;3;280;0%;840;Pix
7842;2025-10-18;1001;42;15;1;35;10%;31,5;Pix
7843;2026-01-10;1893;8;3;1;110;0%;110;Boleto
7844;2026-02-12;1504;3;2;1;250;0%;250;Pix
7845;2026-01-05;302;2;4;3;80;0%;240;Pix
7846;2026-06-11;130;31;5;2;120;0%;240;Cartão de Crédito
7847;2026-03-25;1560;44;4;1;55;10%;49,5;Pix
7848;2026-01-24;498;41;8;2;45;0%;90;Cartão de Crédito
7849;2026-08-20;2351;41;14;2;45;0%;90;Boleto
7850;2025-09-15;1570;3;3;1;250;0%;250;Cartão de Débito
7851;2025-09-24;1081;1;15;1;4500;10%;4050;Cartão de Crédito
7852;2025-10-29;2054;19;4;2;490;0%;980;Pix
7853;2025-11-03;2377;1;5;5;4500;5%;21375;Cartão de Crédito
7854;2026-02-20;1550;12;5;1;180;5%;171;Pix
7855;2026-02-14;1992;31;14;1;120;0%;120;Cartão de Crédito
7856;2026-06-25;2262;25;7;1;310;0%;310;Boleto
7857;2026-02-07;260;7;2;1;320;5%;304;Cartão de Crédito
7858;2026-01-02;1073;8;3;3;110;0%;330;Cartão de Crédito
7859;2026-02-02;382;2;7;1;80;0%;80;Cartão de Crédito
7860;2025-10-17;2113;9;4;1;150;0%;150;Cartão de Crédito
7861;2025-11-07;2304;20;4;1;190;0%;190;Pix
7862;2026-02-18;40;4;11;1;1400;0%;1400;Boleto
7863;2025-10-25;949;6;6;1;220;0%;220;Cartão de Débito
7864;2026-02-20;475;10;15;2;50;0%;100;Boleto
7865;2026-07-09;10;18;10;1;280;0%;280;Cartão de Crédito
7866;2026-02-18;1845;7;2;1;320;5%;304;Pix
7867;2026-05-27;1480;19;14;2;490;5%;931;Boleto
7868;2025-09-12;2346;10;9;1;50;0%;50;Pix
7869;2025-10-06;1583;32;15;1;480;0%;480;Cartão de Crédito
7870;2025-11-02;1213;8;17;2;110;0%;220;Cartão de Débito
7871;2026-05-04;2157;40;7;1;600;0%;600;Pix
7872;2025-10-17;90;5;7;1;950;0%;950;Cartão de Crédito
7873;2025-11-04;1076;8;12;5;110;0%;550;Pix
7874;2026-03-30;1114;1;11;1;4500;0%;4500;Boleto
7875;2026-05-12;513;5;5;1;950;0%;950;Cartão de Crédito
7876;2026-05-04;1344;41;16;1;45;0%;45;Cartão de Crédito
7877;2026-07-16;1101;30;2;4;160;0%;640;Cartão de Crédito
7878;2026-05-02;1097;11;1;2;3800;0%;7600;Pix
7879;2026-01-03;880;22;15;1;850;0%;850;Cartão de Crédito
7880;2026-01-25;1058;4;17;2;1400;0%;2800;Pix
7881;2026-04-30;16;13;8;2;2900;0%;5800;Cartão de Crédito
7882;2026-01-16;2493;32;4;2;480;5%;912;Pix
7883;2026-09-09;937;5;13;1;950;0%;950;Pix
7884;2026-07-23;1184;41;3;1;45;5%;42,75;Cartão de Crédito
7885;2025-12-16;1657;30;10;1;160;0%;160;Pix
7886;2025-10-18;18;6;13;1;220;0%;220;Cartão de Débito
7887;2025-09-20;919;19;6;1;490;0%;490;Boleto
7888;2026-04-18;1847;6;12;2;220;5%;418;Cartão de Crédito
7889;2026-01-09;268;23;18;1;400;0%;400;Pix
7890;2025-10-05;1425;2;16;2;80;0%;160;Cartão de Crédito
7891;2026-04-03;989;2;3;1;80;0%;80;Boleto
7892;2026-08-28;149;5;3;3;950;0%;2850;Pix
7893;2025-09-25;2187;10;13;4;50;5%;190;Pix
7894;2026-08-07;1362;4;10;4;1400;10%;5040;Cartão de Crédito
7895;2026-04-08;388;15;6;4;750;0%;3000;Boleto
7896;2026-02-23;926;22;13;2;850;0%;1700;Pix
7897;2025-10-01;1592;1;10;3;4500;0%;13500;Boleto
7898;2025-09-22;252;30;9;2;160;5%;304;Pix
7899;2026-04-25;1191;42;17;2;35;5%;66,5;Boleto
7900;2026-04-04;1901;8;10;1;110;0%;110;Pix
7901;2026-06-26;1551;3;17;1;250;0%;250;Pix
7902;2026-07-11;1113;38;17;3;390;0%;1170;Cartão de Crédito
7903;2026-01-19;2117;12;3;1;180;0%;180;Cartão de Crédito
7904;2026-05-09;50;14;8;1;350;0%;350;Cartão de Crédito
7905;2026-04-07;437;7;1;1;320;0%;320;Cartão de Crédito
7906;2025-10-09;1868;44;15;1;55;0%;55;Pix
7907;2025-09-14;295;12;15;3;180;0%;540;Cartão de Crédito
7908;2026-05-18;909;23;16;1;400;0%;400;Boleto
7909;2026-02-19;2352;37;10;1;140;5%;133;Cartão de Débito
7910;2026-07-13;809;5;7;2;950;0%;1900;Cartão de Crédito
7911;2025-09-30;1820;10;17;3;50;0%;150;Boleto
7912;2025-11-03;454;6;3;1;220;0%;220;Pix
7913;2026-04-26;437;24;14;1;380;5%;361;Cartão de Crédito
7914;2025-10-08;150;26;9;1;2200;0%;2200;Cartão de Crédito
7915;2026-07-24;97;2;6;1;80;0%;80;Cartão de Crédito
7916;2025-10-29;1098;14;10;1;350;0%;350;Pix
7917;2026-02-09;353;13;12;3;2900;0%;8700;Cartão de Débito
7918;2026-03-02;2425;45;14;1;180;0%;180;Boleto
7919;2026-04-29;1145;1;8;1;4500;10%;4050;Cartão de Débito
7920;2026-01-08;956;41;17;1;45;0%;45;Pix
7921;2026-02-14;2313;8;14;1;110;0%;110;Cartão de Crédito
7922;2026-09-06;1403;13;12;1;2900;0%;2900;Pix
7923;2025-12-03;938;33;4;1;1200;0%;1200;Cartão de Crédito
7924;2026-05-15;109;23;7;1;400;0%;400;Cartão de Crédito
7925;2026-01-09;1476;36;8;1;550;0%;550;Boleto
7926;2025-09-12;227;3;10;1;250;0%;250;Cartão de Crédito
7927;2026-07-25;2399;44;6;1;55;0%;55;Cartão de Crédito
7928;2026-03-27;1656;11;12;1;3800;0%;3800;Boleto
7929;2025-12-30;1581;29;4;1;380;0%;380;Cartão de Crédito
7930;2026-07-23;1957;10;15;1;50;0%;50;Cartão de Crédito
7931;2026-01-10;426;32;15;1;480;0%;480;Pix
7932;2025-12-31;2327;35;10;1;250;0%;250;Cartão de Crédito
7933;2026-04-18;634;6;9;5;220;0%;1100;Pix
7934;2026-05-29;2029;41;5;1;45;5%;42,75;Boleto
7935;2025-12-21;2295;15;12;4;750;0%;3000;Pix
7936;2026-06-08;1541;6;11;1;220;0%;220;Cartão de Débito
7937;2026-08-16;998;33;5;1;1200;0%;1200;Cartão de Crédito
7938;2026-05-15;1590;42;18;2;35;0%;70;Cartão de Crédito
7939;2026-05-02;379;31;9;1;120;0%;120;Cartão de Crédito
7940;2026-09-06;321;13;8;2;2900;0%;5800;Boleto
7941;2026-01-30;2362;40;7;3;600;0%;1800;Boleto
7942;2025-11-14;1973;5;13;2;950;0%;1900;Cartão de Crédito
7943;2026-04-25;137;27;14;2;350;0%;700;Cartão de Crédito
7944;2025-09-15;1497;6;12;1;220;5%;209;Pix
7945;2026-06-25;415;6;16;1;220;0%;220;Cartão de Crédito
7946;2026-01-07;1309;9;15;2;150;0%;300;Cartão de Crédito
7947;2026-07-20;514;41;4;1;45;0%;45;Cartão de Crédito
7948;2025-11-13;1592;5;5;5;950;0%;4750;Pix
7949;2026-03-04;101;6;13;1;220;0%;220;Boleto
7950;2026-09-04;2407;15;18;3;750;0%;2250;Boleto
7951;2026-07-22;770;14;12;1;350;0%;350;Cartão de Crédito
7952;2026-01-24;1611;21;10;1;1600;0%;1600;Boleto
7953;2026-04-05;855;20;18;1;190;0%;190;Pix
7954;2026-09-02;2442;6;15;1;220;5%;209;Cartão de Crédito
7955;2025-09-19;417;42;10;1;35;0%;35;Cartão de Crédito
7956;2026-08-17;1343;32;12;1;480;0%;480;Pix
7957;2026-05-18;21;17;8;2;650;0%;1300;Cartão de Crédito
7958;2026-07-15;973;25;9;1;310;0%;310;Cartão de Crédito
7959;2026-08-16;542;23;16;2;400;0%;800;Pix
7960;2026-09-03;406;35;18;1;250;0%;250;Cartão de Crédito
7961;2026-04-02;1629;24;5;1;380;5%;361;Cartão de Crédito
7962;2026-03-16;1320;4;5;1;1400;0%;1400;Pix
7963;2026-07-18;225;23;11;1;400;5%;380;Cartão de Débito
7964;2025-09-24;712;28;13;1;420;5%;399;Cartão de Crédito
7965;2025-10-09;30;38;2;1;390;0%;390;Cartão de Débito
7966;2026-08-19;329;3;4;1;250;0%;250;Cartão de Crédito
7967;2026-08-19;227;18;3;1;280;0%;280;Cartão de Crédito
7968;2026-02-26;1738;30;3;1;160;0%;160;Boleto
7969;2026-04-12;289;10;15;2;50;0%;100;Boleto
7970;2025-12-19;2302;4;9;2;1400;0%;2800;Cartão de Crédito
7971;2026-01-19;2107;18;3;1;280;0%;280;Cartão de Débito
7972;2025-11-22;360;23;8;3;400;0%;1200;Cartão de Crédito
7973;2025-09-12;193;16;18;1;520;0%;520;Pix
7974;2026-06-01;574;40;7;1;600;5%;570;Pix
7975;2026-06-10;1241;4;13;1;1400;0%;1400;Boleto
7976;2026-07-02;210;6;18;2;220;0%;440;Cartão de Débito
7977;2026-04-07;1959;6;5;1;220;5%;209;Cartão de Crédito
7978;2025-12-21;894;9;3;1;150;5%;142,5;Boleto
7979;2025-10-13;1081;1;9;1;4500;0%;4500;Cartão de Crédito
7980;2026-06-09;512;13;16;1;2900;0%;2900;Cartão de Débito
7981;2026-08-24;1910;13;8;1;2900;0%;2900;Pix
7982;2026-07-30;1691;18;12;1;280;0%;280;Cartão de Débito
7983;2026-02-21;1717;3;3;2;250;0%;500;Pix
7984;2026-07-19;568;15;5;1;750;10%;675;Boleto
7985;2025-10-18;2173;34;18;2;890;0%;1780;Pix
7986;2025-11-20;573;45;1;1;180;0%;180;Pix
7987;2026-04-10;874;4;3;1;1400;0%;1400;Cartão de Crédito
7988;2026-06-08;1629;19;10;1;490;0%;490;Cartão de Crédito
7989;2025-11-13;1969;31;13;1;120;0%;120;Cartão de Crédito
7990;2025-10-14;915;34;1;1;890;0%;890;Cartão de Crédito
7991;2025-11-30;777;32;14;2;480;0%;960;Cartão de Crédito
7992;2026-01-24;477;16;14;2;520;0%;1040;Boleto
7993;2026-07-20;978;15;14;3;750;5%;2137,5;Cartão de Crédito
7994;2026-05-29;776;19;11;1;490;0%;490;Cartão de Crédito
7995;2026-07-29;2497;3;3;1;250;0%;250;Boleto
7996;2026-04-11;1895;12;14;2;180;10%;324;Pix
7997;2026-01-30;62;24;8;2;380;10%;684;Boleto
7998;2025-11-26;923;12;3;1;180;0%;180;Pix
7999;2026-09-12;2342;11;8;1;3800;0%;3800;Pix
8000;2026-08-15;736;28;11;2;420;0%;840;Cartão de Crédito
8001;2025-11-22;2186;1;5;1;4500;0%;4500;Pix
8002;2026-08-03;1648;13;15;3;2900;0%;8700;Pix
8003;2025-11-03;717;38;13;4;390;0%;1560;Cartão de Crédito
8004;2026-07-17;985;21;15;1;1600;0%;1600;Cartão de Crédito
8005;2026-07-07;1066;15;11;2;750;10%;1350;Cartão de Crédito
8006;2025-12-05;764;10;11;1;50;0%;50;Pix
8007;2025-12-15;1698;28;9;1;420;0%;420;Cartão de Crédito
8008;2026-01-22;1235;41;17;2;45;0%;90;Cartão de Débito
8009;2026-02-01;1018;14;14;1;350;5%;332,5;Cartão de Crédito
8010;2026-09-07;2221;23;14;1;400;0%;400;Cartão de Crédito
8011;2026-05-29;463;30;4;1;160;0%;160;Cartão de Crédito
8012;2025-10-20;1267;13;8;3;2900;0%;8700;Boleto
8013;2026-01-03;190;17;14;2;650;0%;1300;Cartão de Crédito
8014;2026-01-21;100;8;17;1;110;0%;110;Cartão de Crédito
8015;2025-09-24;1313;20;18;1;190;5%;180,5;Cartão de Crédito
8016;2026-05-25;1962;15;3;1;750;0%;750;Cartão de Crédito
8017;2026-03-01;1300;17;12;1;650;5%;617,5;Cartão de Crédito
8018;2026-07-13;229;23;13;1;400;0%;400;Cartão de Crédito
8019;2026-09-04;684;41;16;1;45;0%;45;Cartão de Crédito
8020;2026-06-10;1962;36;2;1;550;0%;550;Pix
8021;2025-12-08;1460;44;4;2;55;0%;110;Cartão de Crédito
8022;2026-08-30;623;11;1;1;3800;0%;3800;Pix
8023;2026-09-12;1092;14;13;2;350;0%;700;Boleto
8024;2026-01-10;1917;25;6;3;310;0%;930;Pix
8025;2025-11-10;1690;4;6;1;1400;0%;1400;Cartão de Crédito
8026;2026-04-03;1620;23;1;1;400;0%;400;Cartão de Crédito
8027;2025-12-31;598;4;7;1;1400;0%;1400;Cartão de Débito
8028;2026-02-24;2084;9;10;1;150;0%;150;Pix
8029;2025-10-19;2193;6;1;2;220;5%;418;Boleto
8030;2025-12-10;1309;16;12;1;520;0%;520;Cartão de Crédito
8031;2026-08-14;2415;4;16;2;1400;0%;2800;Cartão de Crédito
8032;2026-05-09;932;34;15;1;890;0%;890;Cartão de Crédito
8033;2026-07-01;802;6;12;1;220;0%;220;Cartão de Crédito
8034;2026-05-20;2372;12;11;1;180;0%;180;Cartão de Crédito
8035;2026-03-08;277;1;5;1;4500;10%;4050;Cartão de Crédito
8036;2026-01-20;1850;31;9;2;120;0%;240;Pix
8037;2026-08-27;350;8;3;2;110;10%;198;Cartão de Crédito
8038;2025-10-14;1964;29;7;1;380;0%;380;Pix
8039;2026-03-31;1868;41;1;2;45;0%;90;Cartão de Débito
8040;2026-01-01;2162;7;14;1;320;0%;320;Pix
8041;2025-11-26;1455;19;13;1;490;0%;490;Pix
8042;2026-08-12;1897;17;14;4;650;0%;2600;Pix
8043;2025-11-04;424;31;6;1;120;0%;120;Cartão de Crédito
8044;2026-03-17;2276;3;10;1;250;0%;250;Cartão de Crédito
8045;2025-12-03;841;17;7;3;650;0%;1950;Pix
8046;2025-09-27;60;30;18;1;160;0%;160;Cartão de Crédito
8047;2025-10-03;1481;13;13;2;2900;0%;5800;Cartão de Débito
8048;2026-01-17;132;21;17;1;1600;0%;1600;Cartão de Crédito
8049;2026-09-05;599;21;6;1;1600;0%;1600;Cartão de Crédito
8050;2026-07-30;1036;1;18;2;4500;0%;9000;Boleto
8051;2025-11-22;2095;13;15;3;2900;5%;8265;Cartão de Crédito
8052;2026-01-04;702;33;4;1;1200;5%;1140;Cartão de Crédito
8053;2025-10-02;1933;3;17;1;250;0%;250;Pix
8054;2026-06-07;831;15;3;1;750;0%;750;Boleto
8055;2025-12-08;1808;25;8;1;310;5%;294,5;Cartão de Crédito
8056;2026-04-18;1447;25;10;2;310;0%;620;Cartão de Crédito
8057;2026-06-17;1430;17;5;1;650;0%;650;Cartão de Crédito
8058;2025-12-15;11;8;16;2;110;0%;220;Cartão de Crédito
8059;2025-11-19;27;3;3;2;250;0%;500;Cartão de Crédito
8060;2026-07-24;1840;7;1;1;320;0%;320;Pix
8061;2026-06-20;1209;16;5;2;520;0%;1040;Cartão de Débito
8062;2026-06-17;1925;24;9;1;380;5%;361;Pix
8063;2026-08-22;285;10;14;1;50;0%;50;Pix
8064;2026-08-27;657;26;16;1;2200;0%;2200;Boleto
8065;2026-07-22;1761;5;7;2;950;0%;1900;Pix
8066;2026-07-31;1621;4;11;1;1400;0%;1400;Pix
8067;2025-10-15;644;6;11;1;220;5%;209;Pix
8068;2026-03-11;1360;16;3;1;520;0%;520;Pix
8069;2026-08-28;80;7;1;4;320;0%;1280;Cartão de Crédito
8070;2026-03-17;331;19;2;2;490;0%;980;Cartão de Crédito
8071;2026-06-01;471;11;10;1;3800;10%;3420;Pix
8072;2026-08-30;2203;8;9;1;110;0%;110;Pix
8073;2026-09-10;528;45;5;1;180;0%;180;Pix
8074;2026-04-19;709;25;7;2;310;0%;620;Pix
8075;2026-08-31;196;15;1;1;750;0%;750;Cartão de Crédito
8076;2025-12-28;1714;1;1;1;4500;5%;4275;Pix
8077;2026-05-01;552;20;5;2;190;0%;380;Cartão de Débito
8078;2026-01-13;1320;26;2;1;2200;0%;2200;Boleto
8079;2025-11-29;2167;37;8;2;140;0%;280;Cartão de Crédito
8080;2025-09-13;780;15;9;1;750;0%;750;Cartão de Crédito
8081;2026-08-27;584;9;9;2;150;5%;285;Cartão de Crédito
8082;2025-12-22;1872;22;11;1;850;0%;850;Cartão de Crédito
8083;2025-12-25;2353;21;4;2;1600;5%;3040;Boleto
8084;2026-04-22;2348;37;5;1;140;5%;133;Cartão de Débito
8085;2026-06-25;124;32;4;2;480;0%;960;Cartão de Crédito
8086;2026-04-12;1624;26;8;3;2200;0%;6600;Cartão de Crédito
8087;2025-11-14;1729;16;14;2;520;0%;1040;Cartão de Crédito
8088;2026-07-22;1580;11;18;2;3800;0%;7600;Pix
8089;2026-05-11;1252;5;1;2;950;0%;1900;Pix
8090;2026-01-17;846;5;1;2;950;0%;1900;Boleto
8091;2026-01-20;1532;15;9;3;750;0%;2250;Cartão de Crédito
8092;2026-01-19;264;8;1;1;110;0%;110;Pix
8093;2026-03-30;408;36;14;1;550;0%;550;Pix
8094;2026-03-31;1081;22;15;5;850;5%;4037,5;Cartão de Crédito
8095;2025-09-14;126;17;18;1;650;0%;650;Cartão de Crédito
8096;2026-02-06;1189;1;11;2;4500;0%;9000;Cartão de Crédito
8097;2026-06-21;113;16;4;2;520;10%;936;Cartão de Crédito
8098;2026-02-27;390;2;16;5;80;0%;400;Cartão de Crédito
8099;2026-04-08;1227;30;5;2;160;5%;304;Cartão de Crédito
8100;2026-07-06;1692;7;6;2;320;0%;640;Cartão de Crédito
8101;2026-06-03;15;27;5;1;350;0%;350;Cartão de Crédito
8102;2026-02-10;393;44;4;1;55;0%;55;Pix
8103;2026-03-14;25;29;11;1;380;10%;342;Pix
8104;2025-09-21;2498;34;14;1;890;10%;801;Cartão de Crédito
8105;2026-07-24;2348;30;14;1;160;0%;160;Cartão de Crédito
8106;2025-11-01;800;9;4;2;150;0%;300;Cartão de Débito
8107;2026-02-27;666;35;11;1;250;5%;237,5;Pix
8108;2026-03-21;655;9;8;2;150;0%;300;Pix
8109;2026-09-03;667;5;5;1;950;0%;950;Cartão de Crédito
8110;2026-08-16;2264;43;2;1;65;10%;58,5;Cartão de Crédito
8111;2026-02-25;2062;2;18;1;80;0%;80;Boleto
8112;2025-12-19;1868;8;15;3;110;0%;330;Cartão de Crédito
8113;2026-08-03;1246;31;8;1;120;0%;120;Pix
8114;2026-03-10;1111;8;2;1;110;0%;110;Cartão de Crédito
8115;2026-09-05;1254;33;16;2;1200;0%;2400;Cartão de Crédito
8116;2026-04-07;715;2;11;2;80;0%;160;Cartão de Crédito
8117;2026-08-24;813;31;12;1;120;0%;120;Cartão de Crédito
8118;2025-10-05;437;9;3;1;150;0%;150;Cartão de Crédito
8119;2025-11-10;1351;8;6;2;110;5%;209;Cartão de Crédito
8120;2026-02-25;1309;13;17;1;2900;0%;2900;Pix
8121;2026-08-29;1784;38;6;1;390;0%;390;Cartão de Débito
8122;2026-05-07;1825;29;18;1;380;0%;380;Pix
8123;2026-06-21;2205;8;6;1;110;0%;110;Boleto
8124;2026-04-05;166;11;8;1;3800;0%;3800;Pix
8125;2025-10-24;1824;2;9;1;80;0%;80;Cartão de Crédito
8126;2026-06-11;2407;4;1;1;1400;0%;1400;Cartão de Crédito
8127;2026-01-11;82;10;9;2;50;0%;100;Pix
8128;2026-03-14;2186;10;17;1;50;0%;50;Cartão de Crédito
8129;2025-09-15;2429;12;16;2;180;0%;360;Pix
8130;2025-11-11;2227;30;14;2;160;0%;320;Cartão de Crédito
8131;2025-10-16;1268;4;5;1;1400;0%;1400;Pix
8132;2025-12-12;2496;34;8;1;890;0%;890;Cartão de Crédito
8133;2026-03-19;1346;12;10;1;180;0%;180;Cartão de Crédito
8134;2026-08-16;1493;45;6;1;180;0%;180;Pix
8135;2025-10-05;1336;2;12;1;80;10%;72;Cartão de Débito
8136;2026-06-27;1667;3;15;2;250;0%;500;Cartão de Crédito
8137;2026-02-23;1823;7;16;1;320;0%;320;Pix
8138;2026-07-15;2488;27;3;1;350;0%;350;Boleto
8139;2025-11-05;772;11;15;1;3800;0%;3800;Cartão de Débito
8140;2026-07-12;2246;14;8;1;350;0%;350;Pix
8141;2025-09-21;1252;44;11;1;55;10%;49,5;Pix
8142;2026-05-09;1687;4;5;4;1400;0%;5600;Cartão de Crédito
8143;2026-04-26;1025;43;11;1;65;0%;65;Boleto
8144;2026-08-27;427;12;3;2;180;0%;360;Cartão de Crédito
8145;2026-03-30;3;16;18;1;520;0%;520;Pix
8146;2026-06-30;1461;12;17;2;180;0%;360;Boleto
8147;2026-07-01;1904;9;2;1;150;0%;150;Cartão de Débito
8148;2025-11-06;1428;4;6;3;1400;0%;4200;Cartão de Crédito
8149;2025-12-13;477;7;7;4;320;0%;1280;Boleto
8150;2025-12-24;1553;25;17;4;310;0%;1240;Cartão de Crédito
8151;2026-07-13;1540;20;2;2;190;0%;380;Cartão de Crédito
8152;2025-09-15;2106;18;7;2;280;0%;560;Cartão de Crédito
8153;2026-01-29;1879;43;14;1;65;0%;65;Pix
8154;2026-08-26;289;4;5;1;1400;0%;1400;Boleto
8155;2026-08-21;2080;5;17;2;950;0%;1900;Boleto
8156;2026-07-09;931;31;1;1;120;0%;120;Cartão de Débito
8157;2026-08-29;2031;2;9;3;80;0%;240;Cartão de Crédito
8158;2026-03-30;434;15;4;1;750;0%;750;Cartão de Crédito
8159;2026-01-16;2344;5;16;1;950;0%;950;Pix
8160;2026-07-04;2435;25;5;1;310;0%;310;Boleto
8161;2026-05-08;431;1;11;1;4500;0%;4500;Pix
8162;2026-09-03;1614;25;2;1;310;0%;310;Cartão de Crédito
8163;2026-01-02;866;8;17;2;110;0%;220;Cartão de Crédito
8164;2026-08-24;1990;21;18;1;1600;0%;1600;Cartão de Débito
8165;2026-06-04;1445;14;5;2;350;0%;700;Cartão de Crédito
8166;2026-06-01;1498;10;18;2;50;0%;100;Cartão de Crédito
8167;2026-07-23;2098;24;13;1;380;0%;380;Boleto
8168;2026-06-01;430;22;18;1;850;0%;850;Pix
8169;2026-01-22;962;7;15;1;320;0%;320;Boleto
8170;2026-04-02;995;14;2;1;350;5%;332,5;Pix
8171;2026-09-11;2329;32;1;2;480;0%;960;Cartão de Crédito
8172;2026-08-08;17;28;16;2;420;0%;840;Cartão de Crédito
8173;2026-01-11;2034;32;10;1;480;0%;480;Cartão de Débito
8174;2026-07-24;2386;29;10;5;380;0%;1900;Cartão de Crédito
8175;2026-01-31;1281;20;15;1;190;0%;190;Cartão de Crédito
8176;2026-08-28;1035;15;10;2;750;0%;1500;Cartão de Crédito
8177;2026-01-31;452;15;2;1;750;10%;675;Boleto
8178;2026-05-01;1651;13;6;1;2900;5%;2755;Cartão de Crédito
8179;2026-04-18;555;8;13;1;110;0%;110;Cartão de Crédito
8180;2026-08-05;1407;22;10;1;850;0%;850;Pix
8181;2026-08-12;952;16;10;1;520;0%;520;Pix
8182;2026-05-01;1453;13;4;1;2900;0%;2900;Pix
8183;2026-08-30;1602;4;1;1;1400;0%;1400;Pix
8184;2026-01-22;1022;28;11;1;420;0%;420;Boleto
8185;2026-07-05;2112;11;7;1;3800;5%;3610;Cartão de Crédito
8186;2026-07-21;2113;6;11;1;220;5%;209;Cartão de Crédito
8187;2026-07-29;2326;25;2;1;310;0%;310;Cartão de Débito
8188;2026-05-06;2483;24;14;1;380;0%;380;Boleto
8189;2026-03-17;2074;30;11;3;160;5%;456;Cartão de Crédito
8190;2026-04-30;2079;22;8;3;850;5%;2422,5;Pix
8191;2026-08-22;2036;21;11;1;1600;0%;1600;Pix
8192;2026-04-13;2262;5;3;1;950;10%;855;Boleto
8193;2026-03-24;1954;30;17;3;160;0%;480;Pix
8194;2026-02-17;894;37;10;1;140;5%;133;Pix
8195;2026-08-24;160;19;16;3;490;0%;1470;Cartão de Débito
8196;2026-09-02;863;22;2;1;850;0%;850;Pix
8197;2026-04-26;401;22;15;2;850;0%;1700;Cartão de Crédito
8198;2026-05-08;1589;37;4;1;140;0%;140;Cartão de Crédito
8199;2026-08-29;792;38;11;1;390;0%;390;Cartão de Débito
8200;2026-08-14;105;15;1;1;750;0%;750;Cartão de Crédito
8201;2026-05-21;2081;15;18;1;750;0%;750;Cartão de Crédito
8202;2026-01-01;1589;6;6;1;220;0%;220;Pix
8203;2025-11-27;782;11;7;1;3800;0%;3800;Pix
8204;2026-09-11;2053;34;11;1;890;5%;845,5;Cartão de Crédito
8205;2026-02-03;56;5;8;1;950;10%;855;Pix
8206;2025-12-17;1675;4;11;1;1400;0%;1400;Cartão de Crédito
8207;2025-11-17;2271;20;11;2;190;0%;380;Cartão de Crédito
8208;2026-08-27;178;20;6;1;190;0%;190;Cartão de Crédito
8209;2026-01-04;357;33;5;1;1200;0%;1200;Pix
8210;2026-08-27;1609;25;11;1;310;0%;310;Pix
8211;2025-12-21;650;2;15;1;80;0%;80;Pix
8212;2026-01-11;1285;17;11;3;650;0%;1950;Pix
8213;2025-11-11;1167;2;15;1;80;0%;80;Cartão de Crédito
8214;2025-11-30;1076;40;2;1;600;5%;570;Cartão de Débito
8215;2025-12-17;573;14;5;5;350;0%;1750;Pix
8216;2026-01-15;1098;15;16;3;750;0%;2250;Cartão de Crédito
8217;2026-05-19;307;13;10;1;2900;0%;2900;Boleto
8218;2026-04-17;1351;43;2;1;65;0%;65;Cartão de Débito
8219;2026-07-08;996;25;12;1;310;0%;310;Pix
8220;2026-02-19;1508;5;12;3;950;0%;2850;Cartão de Crédito
8221;2026-09-02;1850;4;2;1;1400;0%;1400;Cartão de Crédito
8222;2025-11-27;151;34;2;2;890;0%;1780;Cartão de Crédito
8223;2026-04-10;466;13;16;1;2900;0%;2900;Cartão de Crédito
8224;2026-01-18;302;27;7;3;350;0%;1050;Cartão de Crédito
8225;2026-04-14;1267;43;9;1;65;10%;58,5;Cartão de Crédito
8226;2026-03-15;2309;21;9;1;1600;0%;1600;Cartão de Crédito
8227;2026-05-10;1605;11;4;2;3800;0%;7600;Cartão de Crédito
8228;2025-12-02;442;24;18;2;380;0%;760;Pix
8229;2026-06-27;1022;4;3;1;1400;0%;1400;Cartão de Crédito
8230;2026-08-03;605;26;16;1;2200;0%;2200;Cartão de Crédito
8231;2026-08-24;59;24;14;2;380;0%;760;Cartão de Crédito
8232;2026-02-25;122;15;15;1;750;5%;712,5;Cartão de Crédito
8233;2026-04-07;424;42;5;1;35;0%;35;Cartão de Crédito
8234;2025-12-07;613;32;18;2;480;0%;960;Boleto
8235;2026-08-10;971;32;1;1;480;10%;432;Pix
8236;2026-03-17;1582;21;10;1;1600;0%;1600;Boleto
8237;2026-02-04;1718;27;18;1;350;0%;350;Pix
8238;2026-09-02;1445;2;8;2;80;0%;160;Boleto
8239;2026-08-21;18;7;9;3;320;0%;960;Boleto
8240;2026-03-20;1515;21;11;2;1600;0%;3200;Pix
8241;2026-03-05;2379;26;11;2;2200;0%;4400;Cartão de Crédito
8242;2025-10-08;517;29;14;5;380;0%;1900;Cartão de Débito
8243;2025-12-29;1364;31;14;3;120;0%;360;Pix
8244;2025-09-15;2047;8;16;1;110;0%;110;Pix
8245;2026-05-19;2208;38;10;1;390;0%;390;Pix
8246;2025-12-31;951;2;5;1;80;5%;76;Cartão de Crédito
8247;2026-05-19;1680;21;7;1;1600;0%;1600;Pix
8248;2026-07-04;2461;9;2;1;150;0%;150;Pix
8249;2026-01-24;1684;6;2;1;220;0%;220;Pix
8250;2025-09-26;2129;4;6;1;1400;0%;1400;Cartão de Crédito
8251;2026-09-02;1001;10;13;1;50;5%;47,5;Cartão de Crédito
8252;2026-06-28;1545;41;5;1;45;0%;45;Pix
8253;2026-04-17;2306;4;1;1;1400;0%;1400;Boleto
8254;2025-12-15;753;22;5;1;850;0%;850;Cartão de Crédito
8255;2025-10-13;2312;8;15;1;110;0%;110;Cartão de Crédito
8256;2026-03-22;1382;11;1;2;3800;0%;7600;Cartão de Crédito
8257;2026-04-05;427;23;15;1;400;0%;400;Cartão de Crédito
8258;2026-07-19;153;37;14;1;140;0%;140;Pix
8259;2026-08-07;1894;25;1;2;310;5%;589;Pix
8260;2025-10-16;1396;11;4;1;3800;0%;3800;Cartão de Crédito
8261;2025-12-09;159;3;2;3;250;0%;750;Pix
8262;2025-12-27;2393;19;7;2;490;0%;980;Cartão de Crédito
8263;2026-01-19;1268;11;2;2;3800;5%;7220;Cartão de Crédito
8264;2026-05-04;1788;17;16;1;650;0%;650;Pix
8265;2025-12-04;470;5;13;1;950;0%;950;Cartão de Crédito
8266;2025-12-14;303;14;18;1;350;0%;350;Cartão de Crédito
8267;2026-08-10;794;8;8;3;110;0%;330;Pix
8268;2026-08-29;948;13;3;1;2900;0%;2900;Cartão de Crédito
8269;2026-07-14;646;12;13;1;180;0%;180;Cartão de Crédito
8270;2026-08-10;2497;4;5;1;1400;0%;1400;Pix
8271;2025-11-08;11;40;11;2;600;0%;1200;Cartão de Crédito
8272;2026-01-04;102;18;16;1;280;0%;280;Cartão de Crédito
8273;2025-10-25;654;25;6;2;310;10%;558;Cartão de Crédito
8274;2026-04-13;173;9;2;1;150;0%;150;Cartão de Débito
8275;2026-06-25;516;19;5;1;490;0%;490;Cartão de Crédito
8276;2026-05-31;956;10;15;1;50;0%;50;Cartão de Débito
8277;2026-04-27;1146;18;6;1;280;0%;280;Boleto
8278;2026-05-02;222;37;11;1;140;0%;140;Cartão de Crédito
8279;2026-02-05;2293;45;11;1;180;0%;180;Cartão de Crédito
8280;2026-05-21;2218;21;18;1;1600;0%;1600;Pix
8281;2026-04-27;683;39;18;3;290;0%;870;Pix
8282;2025-11-25;255;20;13;1;190;5%;180,5;Pix
8283;2025-12-20;618;30;6;3;160;0%;480;Pix
8284;2026-09-01;2124;13;1;1;2900;0%;2900;Cartão de Débito
8285;2025-10-22;686;23;14;1;400;0%;400;Pix
8286;2026-07-04;2267;9;2;2;150;0%;300;Pix
8287;2026-02-08;1060;1;14;1;4500;0%;4500;Cartão de Débito
8288;2026-09-07;1717;14;12;1;350;0%;350;Cartão de Crédito
8289;2026-05-27;2375;19;11;1;490;5%;465,5;Cartão de Crédito
8290;2025-11-21;1109;19;16;1;490;0%;490;Boleto
8291;2026-04-09;54;16;14;1;520;0%;520;Pix
8292;2026-09-01;80;8;14;1;110;0%;110;Cartão de Débito
8293;2026-01-25;1803;1;5;2;4500;5%;8550;Pix
8294;2026-09-02;1053;1;11;1;4500;0%;4500;Cartão de Crédito
8295;2025-12-11;1482;1;15;2;4500;0%;9000;Cartão de Crédito
8296;2026-01-01;1856;9;18;1;150;0%;150;Cartão de Crédito
8297;2026-05-08;1027;45;16;1;180;0%;180;Pix
8298;2026-05-23;2243;13;18;1;2900;0%;2900;Pix
8299;2026-01-23;58;28;15;1;420;0%;420;Cartão de Débito
8300;2025-09-13;2483;1;9;1;4500;0%;4500;Cartão de Débito
8301;2026-04-13;1303;3;16;1;250;0%;250;Boleto
8302;2026-05-09;1877;5;2;1;950;5%;902,5;Boleto
8303;2026-04-22;354;45;5;2;180;0%;360;Pix
8304;2026-07-23;2106;25;17;2;310;0%;620;Boleto
8305;2026-07-19;1859;2;5;1;80;0%;80;Pix
8306;2026-06-18;1255;31;5;1;120;0%;120;Cartão de Crédito
8307;2026-04-04;2140;26;2;1;2200;0%;2200;Pix
8308;2026-07-15;559;5;17;1;950;0%;950;Pix
8309;2025-11-26;1643;38;3;1;390;0%;390;Cartão de Crédito
8310;2026-09-09;1547;4;9;1;1400;0%;1400;Pix
8311;2025-11-12;1793;6;1;2;220;0%;440;Cartão de Crédito
8312;2025-09-12;1400;14;7;1;350;10%;315;Pix
8313;2026-05-22;306;10;17;2;50;0%;100;Cartão de Crédito
8314;2026-04-17;137;20;11;1;190;0%;190;Boleto
8315;2026-03-29;1630;11;18;5;3800;0%;19000;Pix
8316;2026-06-02;44;38;7;1;390;0%;390;Pix
8317;2025-10-20;1645;12;13;1;180;0%;180;Boleto
8318;2026-02-15;1934;2;12;1;80;0%;80;Cartão de Crédito
8319;2026-08-03;263;28;5;2;420;5%;798;Pix
8320;2026-05-08;2387;28;17;3;420;5%;1197;Cartão de Crédito
8321;2025-12-18;505;45;6;1;180;0%;180;Boleto
8322;2026-01-24;547;35;18;1;250;0%;250;Cartão de Crédito
8323;2026-08-28;1479;8;8;1;110;5%;104,5;Pix
8324;2026-03-22;1107;15;3;3;750;5%;2137,5;Cartão de Crédito
8325;2026-04-04;74;5;3;1;950;10%;855;Cartão de Crédito
8326;2026-07-04;2474;1;3;1;4500;0%;4500;Boleto
8327;2026-07-24;2279;22;9;1;850;5%;807,5;Pix
8328;2026-06-23;81;10;17;2;50;10%;90;Cartão de Crédito
8329;2026-04-25;12;23;4;2;400;0%;800;Cartão de Crédito
8330;2026-05-11;5;3;17;1;250;0%;250;Cartão de Débito
8331;2026-08-28;1640;18;16;1;280;0%;280;Cartão de Crédito
8332;2025-11-03;1504;44;6;1;55;5%;52,25;Cartão de Crédito
8333;2025-10-02;1965;19;15;1;490;0%;490;Pix
8334;2026-08-10;424;1;2;2;4500;5%;8550;Cartão de Crédito
8335;2026-05-11;1169;38;2;1;390;0%;390;Cartão de Crédito
8336;2026-02-04;927;20;8;1;190;0%;190;Cartão de Crédito
8337;2026-04-17;2245;31;12;1;120;0%;120;Pix
8338;2026-04-26;2446;20;13;1;190;0%;190;Pix
8339;2026-05-01;622;2;10;2;80;5%;152;Boleto
8340;2026-04-11;341;21;2;1;1600;0%;1600;Cartão de Crédito
8341;2026-02-26;276;42;3;1;35;0%;35;Cartão de Débito
8342;2025-09-29;2338;1;1;2;4500;0%;9000;Pix
8343;2025-10-08;1921;4;2;1;1400;0%;1400;Boleto
8344;2025-11-05;2034;8;18;2;110;0%;220;Cartão de Débito
8345;2026-03-16;116;10;6;3;50;5%;142,5;Cartão de Crédito
8346;2025-09-18;1525;6;2;1;220;0%;220;Boleto
8347;2025-11-27;1426;8;10;1;110;5%;104,5;Boleto
8348;2026-06-28;1940;23;6;1;400;0%;400;Pix
8349;2026-08-29;941;5;6;2;950;0%;1900;Boleto
8350;2025-09-28;336;9;1;3;150;0%;450;Boleto
8351;2026-08-23;706;11;16;1;3800;0%;3800;Cartão de Crédito
8352;2026-03-17;2471;19;16;1;490;0%;490;Cartão de Débito
8353;2026-01-27;1888;39;11;3;290;5%;826,5;Pix
8354;2026-08-05;943;2;14;1;80;0%;80;Cartão de Crédito
8355;2026-02-23;2438;45;15;1;180;0%;180;Pix
8356;2026-02-17;1043;6;6;2;220;5%;418;Pix
8357;2026-03-08;620;39;13;1;290;0%;290;Cartão de Crédito
8358;2026-08-17;1057;28;6;1;420;0%;420;Boleto
8359;2025-10-10;1153;19;3;4;490;0%;1960;Boleto
8360;2026-04-07;1165;45;4;1;180;0%;180;Cartão de Crédito
8361;2026-03-09;866;17;15;2;650;0%;1300;Pix
8362;2026-02-08;162;30;12;1;160;0%;160;Pix
8363;2025-10-29;769;44;8;2;55;5%;104,5;Boleto
8364;2026-05-04;942;33;15;1;1200;0%;1200;Cartão de Crédito
8365;2026-04-16;1620;34;15;1;890;0%;890;Cartão de Crédito
8366;2026-03-25;2186;20;4;1;190;5%;180,5;Cartão de Crédito
8367;2026-08-24;1544;5;1;1;950;0%;950;Cartão de Crédito
8368;2026-06-10;1312;20;11;1;190;0%;190;Boleto
8369;2026-05-24;363;4;15;5;1400;0%;7000;Pix
8370;2026-02-13;2453;11;2;1;3800;0%;3800;Boleto
8371;2026-03-16;2134;2;10;2;80;0%;160;Cartão de Crédito
8372;2026-07-24;1602;16;17;1;520;5%;494;Cartão de Crédito
8373;2026-05-30;323;11;9;1;3800;0%;3800;Cartão de Débito
8374;2026-01-29;2410;9;2;1;150;0%;150;Cartão de Crédito
8375;2026-06-02;239;3;7;3;250;0%;750;Cartão de Crédito
8376;2026-03-03;2062;22;13;2;850;0%;1700;Cartão de Crédito
8377;2025-12-08;1161;13;2;3;2900;0%;8700;Pix
8378;2026-08-23;1457;6;15;1;220;0%;220;Cartão de Crédito
8379;2026-01-20;1088;21;11;1;1600;0%;1600;Pix
8380;2025-09-25;2314;11;18;3;3800;0%;11400;Boleto
8381;2026-04-23;857;4;6;2;1400;0%;2800;Pix
8382;2026-01-22;1532;21;8;1;1600;0%;1600;Pix
8383;2026-02-21;596;26;15;1;2200;10%;1980;Cartão de Crédito
8384;2026-07-11;448;8;4;2;110;0%;220;Cartão de Débito
8385;2025-11-10;371;7;2;1;320;0%;320;Cartão de Crédito
8386;2026-09-05;2123;6;12;1;220;0%;220;Cartão de Crédito
8387;2026-09-01;291;19;18;1;490;0%;490;Pix
8388;2026-01-18;1681;28;14;1;420;0%;420;Cartão de Crédito
8389;2026-05-31;2498;9;18;2;150;0%;300;Cartão de Crédito
8390;2026-08-20;1317;11;8;1;3800;10%;3420;Cartão de Crédito
8391;2025-12-05;313;36;8;1;550;0%;550;Pix
8392;2026-03-13;2363;17;14;1;650;5%;617,5;Cartão de Crédito
8393;2025-11-11;2049;20;7;3;190;5%;541,5;Cartão de Crédito
8394;2025-10-08;1860;4;7;2;1400;0%;2800;Cartão de Crédito
8395;2026-08-11;1127;22;18;2;850;0%;1700;Pix
8396;2025-09-16;164;19;5;1;490;0%;490;Cartão de Crédito
8397;2025-11-26;1715;21;9;1;1600;0%;1600;Cartão de Débito
8398;2025-11-30;1418;6;16;1;220;0%;220;Pix
8399;2026-08-17;550;6;1;1;220;0%;220;Pix
8400;2026-03-02;1360;5;10;1;950;0%;950;Cartão de Débito
8401;2026-06-18;672;36;17;4;550;5%;2090;Cartão de Crédito
8402;2026-05-17;2245;15;4;1;750;0%;750;Boleto
8403;2026-07-21;578;16;3;1;520;0%;520;Cartão de Crédito
8404;2026-02-03;1928;7;9;1;320;10%;288;Cartão de Crédito
8405;2026-07-20;2212;7;9;1;320;0%;320;Cartão de Crédito
8406;2026-04-28;1250;9;13;1;150;0%;150;Pix
8407;2025-09-14;1208;37;6;1;140;0%;140;Cartão de Crédito
8408;2026-07-07;1016;4;15;3;1400;0%;4200;Cartão de Crédito
8409;2025-11-04;1974;30;18;2;160;0%;320;Pix
8410;2026-01-19;1944;37;6;1;140;0%;140;Boleto
8411;2025-10-23;1075;13;14;1;2900;0%;2900;Pix
8412;2025-10-22;1877;19;6;2;490;0%;980;Pix
8413;2026-05-25;1377;8;18;2;110;0%;220;Cartão de Crédito
8414;2025-10-06;1112;25;12;1;310;0%;310;Pix
8415;2025-11-24;742;23;14;1;400;0%;400;Cartão de Débito
8416;2026-04-28;1753;21;17;1;1600;0%;1600;Boleto
8417;2026-06-04;1864;12;18;1;180;0%;180;Cartão de Crédito
8418;2026-06-07;1889;39;16;2;290;0%;580;Pix
8419;2026-02-28;1201;3;9;3;250;0%;750;Boleto
8420;2026-02-27;2101;17;9;3;650;0%;1950;Cartão de Crédito
8421;2026-05-01;1208;4;3;1;1400;0%;1400;Pix
8422;2026-01-10;1138;33;1;2;1200;0%;2400;Cartão de Crédito
8423;2025-11-10;558;26;7;2;2200;5%;4180;Cartão de Débito
8424;2026-04-12;14;17;11;2;650;0%;1300;Pix
8425;2026-07-17;1782;11;6;1;3800;0%;3800;Cartão de Crédito
8426;2026-09-03;1859;1;11;2;4500;0%;9000;Boleto
8427;2026-08-17;263;17;7;1;650;0%;650;Boleto
8428;2026-01-18;1544;39;8;2;290;5%;551;Pix
8429;2026-06-03;2470;10;1;1;50;0%;50;Pix
8430;2025-11-07;628;7;9;2;320;0%;640;Cartão de Crédito
8431;2026-06-09;1173;25;10;1;310;0%;310;Pix
8432;2026-05-15;2475;42;8;1;35;0%;35;Cartão de Crédito
8433;2026-04-16;1432;2;14;2;80;0%;160;Cartão de Crédito
8434;2025-11-11;287;36;12;1;550;0%;550;Pix
8435;2026-04-09;2271;1;13;1;4500;0%;4500;Boleto
8436;2025-11-20;542;45;8;1;180;0%;180;Pix
8437;2025-10-13;1907;12;1;3;180;0%;540;Cartão de Crédito
8438;2026-08-14;1716;6;11;1;220;5%;209;Cartão de Crédito
8439;2026-07-23;1034;45;17;1;180;0%;180;Cartão de Crédito
8440;2025-09-27;1295;12;8;5;180;0%;900;Boleto
8441;2025-11-03;1552;7;2;1;320;0%;320;Pix
8442;2025-11-18;535;12;15;1;180;0%;180;Cartão de Crédito
8443;2026-08-03;1227;9;8;2;150;0%;300;Pix
8444;2026-01-17;217;8;7;1;110;0%;110;Cartão de Crédito
8445;2026-04-25;722;24;16;1;380;0%;380;Pix
8446;2025-10-16;2200;3;14;5;250;0%;1250;Pix
8447;2026-08-03;664;29;10;1;380;10%;342;Cartão de Crédito
8448;2026-02-11;1871;12;12;2;180;0%;360;Cartão de Crédito
8449;2026-04-14;771;18;3;1;280;0%;280;Pix
8450;2025-11-04;533;15;3;1;750;0%;750;Cartão de Crédito
8451;2025-12-28;2227;27;1;1;350;0%;350;Pix
8452;2026-05-21;2231;23;6;1;400;0%;400;Cartão de Crédito
8453;2026-06-24;2000;14;18;2;350;5%;665;Pix
8454;2025-10-06;1619;35;14;1;250;5%;237,5;Pix
8455;2025-10-21;1307;19;10;1;490;0%;490;Pix
8456;2026-03-08;2092;23;11;1;400;0%;400;Pix
8457;2026-06-01;1644;6;13;1;220;0%;220;Cartão de Crédito
8458;2026-01-08;1449;4;14;2;1400;0%;2800;Pix
8459;2026-02-25;1215;8;3;1;110;0%;110;Cartão de Crédito
8460;2026-06-06;118;3;6;1;250;0%;250;Boleto
8461;2026-07-30;2257;1;17;1;4500;0%;4500;Boleto
8462;2025-12-11;1387;12;5;1;180;0%;180;Cartão de Crédito
8463;2025-10-20;702;42;17;1;35;0%;35;Cartão de Débito
8464;2026-09-07;2214;36;13;1;550;0%;550;Cartão de Crédito
8465;2026-04-21;2393;12;2;2;180;0%;360;Pix
8466;2026-02-20;1117;20;13;1;190;0%;190;Pix
8467;2026-07-10;2482;18;17;1;280;0%;280;Pix
8468;2026-02-17;720;6;18;1;220;0%;220;Cartão de Crédito
8469;2026-05-26;641;19;18;1;490;0%;490;Pix
8470;2026-02-05;1840;2;2;3;80;0%;240;Pix
8471;2026-02-27;632;1;2;1;4500;0%;4500;Cartão de Crédito
8472;2026-01-14;325;23;8;1;400;0%;400;Cartão de Crédito
8473;2026-08-23;687;31;18;1;120;0%;120;Pix
8474;2026-06-23;1886;32;3;2;480;0%;960;Cartão de Crédito
8475;2025-12-06;859;27;6;2;350;0%;700;Cartão de Crédito
8476;2025-09-20;852;25;14;1;310;5%;294,5;Pix
8477;2026-03-26;2143;18;14;2;280;0%;560;Pix
8478;2026-02-09;520;24;15;2;380;5%;722;Cartão de Crédito
8479;2026-05-16;2233;37;13;1;140;0%;140;Pix
8480;2025-11-20;1751;10;18;3;50;5%;142,5;Cartão de Crédito
8481;2026-09-06;1385;2;6;2;80;0%;160;Pix
8482;2026-05-11;590;25;17;1;310;5%;294,5;Pix
8483;2026-05-06;1552;15;1;4;750;0%;3000;Cartão de Crédito
8484;2026-01-14;613;2;1;5;80;0%;400;Cartão de Crédito
8485;2026-05-28;1979;38;15;1;390;0%;390;Boleto
8486;2026-06-26;928;34;9;1;890;0%;890;Cartão de Crédito
8487;2026-04-24;328;14;1;1;350;0%;350;Cartão de Crédito
8488;2026-04-08;746;11;18;1;3800;0%;3800;Cartão de Crédito
8489;2026-01-06;909;44;9;2;55;0%;110;Cartão de Crédito
8490;2026-08-04;1422;13;12;1;2900;0%;2900;Cartão de Crédito
8491;2026-05-15;995;12;11;1;180;5%;171;Pix
8492;2026-04-17;711;37;7;4;140;0%;560;Cartão de Crédito
8493;2026-08-10;529;18;15;1;280;0%;280;Cartão de Crédito
8494;2026-05-25;150;2;2;1;80;5%;76;Cartão de Débito
8495;2026-01-20;1355;7;7;1;320;0%;320;Boleto
8496;2026-03-04;2174;8;12;4;110;0%;440;Cartão de Crédito
8497;2026-09-08;2393;24;16;1;380;0%;380;Cartão de Débito
8498;2026-01-01;250;30;5;1;160;0%;160;Cartão de Crédito
8499;2026-05-06;904;39;5;2;290;0%;580;Pix
8500;2025-12-08;2256;10;12;2;50;0%;100;Pix
8501;2026-04-29;93;18;10;1;280;0%;280;Boleto
8502;2026-09-10;669;30;9;1;160;5%;152;Cartão de Crédito
8503;2025-10-03;625;6;11;2;220;0%;440;Pix
8504;2026-03-06;1384;1;10;3;4500;5%;12825;Pix
8505;2026-04-10;2135;33;8;2;1200;5%;2280;Pix
8506;2026-07-05;1843;6;15;2;220;0%;440;Cartão de Crédito
8507;2026-08-10;159;5;10;2;950;0%;1900;Boleto
8508;2025-11-04;426;35;14;2;250;0%;500;Cartão de Crédito
8509;2026-05-14;2286;1;18;1;4500;0%;4500;Cartão de Crédito
8510;2025-10-17;1474;19;14;1;490;0%;490;Cartão de Crédito
8511;2026-08-04;1170;27;13;2;350;5%;665;Cartão de Crédito
8512;2026-08-08;1886;38;8;4;390;0%;1560;Cartão de Crédito
8513;2026-06-09;1602;26;11;1;2200;0%;2200;Cartão de Débito
8514;2026-03-25;2494;45;1;1;180;5%;171;Cartão de Débito
8515;2026-02-11;1141;5;17;1;950;0%;950;Pix
8516;2026-08-21;1084;28;14;1;420;0%;420;Cartão de Crédito
8517;2026-05-25;935;39;7;1;290;0%;290;Pix
8518;2025-12-16;731;27;3;1;350;5%;332,5;Cartão de Crédito
8519;2026-08-31;668;23;10;1;400;5%;380;Cartão de Crédito
8520;2026-06-17;2467;5;11;1;950;0%;950;Pix
8521;2026-03-11;2190;13;15;3;2900;0%;8700;Boleto
8522;2026-08-31;1793;24;1;1;380;0%;380;Cartão de Crédito
8523;2025-09-17;1734;17;6;1;650;0%;650;Cartão de Crédito
8524;2026-01-12;1073;17;11;4;650;5%;2470;Cartão de Crédito
8525;2026-07-07;2429;30;9;3;160;5%;456;Cartão de Crédito
8526;2025-12-02;1728;20;9;1;190;0%;190;Boleto
8527;2025-09-28;2000;37;14;1;140;5%;133;Pix
8528;2025-09-24;2274;31;11;1;120;0%;120;Boleto
8529;2025-12-26;243;3;3;2;250;0%;500;Cartão de Crédito
8530;2025-11-16;194;9;8;3;150;0%;450;Boleto
8531;2026-01-15;2359;25;17;1;310;0%;310;Pix
8532;2025-09-26;481;14;8;1;350;10%;315;Cartão de Crédito
8533;2026-05-28;2044;14;3;1;350;0%;350;Cartão de Crédito
8534;2026-03-23;589;40;18;1;600;0%;600;Cartão de Crédito
8535;2026-01-04;1015;7;12;1;320;0%;320;Cartão de Crédito
8536;2026-04-17;2252;6;2;1;220;0%;220;Pix
8537;2026-02-23;2246;1;3;1;4500;5%;4275;Boleto
8538;2025-10-01;2216;12;1;4;180;0%;720;Cartão de Crédito
8539;2025-11-10;1500;5;7;2;950;0%;1900;Cartão de Crédito
8540;2025-12-26;1873;19;9;1;490;0%;490;Cartão de Crédito
8541;2025-12-22;1336;35;13;3;250;0%;750;Pix
8542;2026-05-04;87;6;5;1;220;0%;220;Cartão de Crédito
8543;2026-08-03;1843;15;16;2;750;0%;1500;Cartão de Crédito
8544;2025-12-05;2096;28;15;1;420;0%;420;Cartão de Crédito
8545;2025-10-18;1306;7;13;2;320;0%;640;Pix
8546;2026-03-18;2491;20;14;1;190;0%;190;Cartão de Crédito
8547;2026-08-15;1508;39;15;1;290;0%;290;Cartão de Débito
8548;2026-09-03;2382;26;10;1;2200;0%;2200;Boleto
8549;2026-03-11;2027;9;11;1;150;0%;150;Cartão de Débito
8550;2026-06-29;1406;37;12;1;140;0%;140;Cartão de Crédito
8551;2026-03-19;105;21;11;1;1600;5%;1520;Cartão de Crédito
8552;2026-02-24;984;8;13;3;110;0%;330;Pix
8553;2025-11-19;2307;1;3;1;4500;0%;4500;Cartão de Crédito
8554;2026-04-26;470;41;10;3;45;0%;135;Pix
8555;2026-06-02;1494;3;10;1;250;5%;237,5;Pix
8556;2025-10-20;2291;29;8;2;380;0%;760;Cartão de Crédito
8557;2026-07-28;1414;15;6;2;750;5%;1425;Cartão de Crédito
8558;2026-08-31;1282;5;5;1;950;0%;950;Pix
8559;2026-08-17;1504;16;5;1;520;0%;520;Cartão de Crédito
8560;2025-10-13;1857;9;17;1;150;0%;150;Pix
8561;2026-08-08;2051;13;6;1;2900;0%;2900;Cartão de Crédito
8562;2025-10-20;1616;3;11;5;250;0%;1250;Cartão de Crédito
8563;2025-10-31;275;38;6;2;390;0%;780;Boleto
8564;2025-10-29;1227;5;12;1;950;0%;950;Cartão de Crédito
8565;2026-05-21;1210;12;10;1;180;0%;180;Pix
8566;2026-02-22;611;1;2;1;4500;0%;4500;Cartão de Crédito
8567;2025-12-25;166;4;5;1;1400;0%;1400;Cartão de Crédito
8568;2026-05-12;1580;6;9;3;220;0%;660;Cartão de Crédito
8569;2026-05-07;830;22;1;5;850;0%;4250;Cartão de Crédito
8570;2026-06-01;2241;7;5;1;320;0%;320;Pix
8571;2026-02-12;233;2;7;1;80;0%;80;Pix
8572;2026-03-16;992;8;6;2;110;0%;220;Cartão de Crédito
8573;2025-10-28;691;23;10;1;400;5%;380;Cartão de Crédito
8574;2026-02-05;40;24;6;2;380;0%;760;Boleto
8575;2026-07-07;821;23;14;1;400;0%;400;Cartão de Crédito
8576;2026-01-09;1187;9;1;2;150;0%;300;Boleto
8577;2026-07-03;1027;12;3;2;180;0%;360;Pix
8578;2025-12-11;363;14;18;1;350;0%;350;Pix
8579;2025-10-01;1482;22;6;1;850;0%;850;Cartão de Crédito
8580;2026-03-12;1959;3;11;1;250;0%;250;Cartão de Crédito
8581;2026-07-07;2328;1;2;1;4500;0%;4500;Pix
8582;2026-09-09;111;11;10;1;3800;5%;3610;Pix
8583;2026-05-14;2490;12;9;5;180;5%;855;Cartão de Crédito
8584;2025-10-27;559;15;8;1;750;0%;750;Pix
8585;2025-11-29;1331;34;10;1;890;0%;890;Boleto
8586;2026-04-08;34;22;3;1;850;0%;850;Pix
8587;2026-06-22;2435;7;3;2;320;0%;640;Pix
8588;2025-11-09;836;7;10;1;320;0%;320;Cartão de Crédito
8589;2026-01-09;1074;1;17;2;4500;0%;9000;Pix
8590;2026-09-10;1503;36;16;2;550;0%;1100;Cartão de Crédito
8591;2025-10-17;828;11;7;1;3800;0%;3800;Boleto
8592;2026-07-16;1772;14;6;2;350;0%;700;Cartão de Crédito
8593;2026-05-06;1752;35;18;2;250;0%;500;Pix
8594;2026-04-12;358;7;6;1;320;0%;320;Pix
8595;2026-05-22;980;1;10;1;4500;0%;4500;Cartão de Crédito
8596;2025-11-16;476;6;4;2;220;5%;418;Cartão de Crédito
8597;2025-11-28;107;7;6;1;320;0%;320;Cartão de Crédito
8598;2026-07-26;354;34;7;1;890;0%;890;Boleto
8599;2026-05-27;343;15;8;1;750;0%;750;Pix
8600;2025-10-02;378;31;10;4;120;0%;480;Cartão de Crédito
8601;2026-07-12;1251;2;18;1;80;0%;80;Cartão de Crédito
8602;2025-09-29;667;13;17;1;2900;0%;2900;Pix
8603;2026-07-17;208;5;18;1;950;0%;950;Pix
8604;2026-06-18;2164;33;3;1;1200;0%;1200;Cartão de Crédito
8605;2026-07-05;1556;10;14;1;50;0%;50;Cartão de Crédito
8606;2026-02-13;1477;37;6;1;140;0%;140;Pix
8607;2025-12-17;480;14;4;1;350;0%;350;Pix
8608;2026-08-24;2359;1;2;2;4500;0%;9000;Cartão de Débito
8609;2026-06-01;632;17;3;3;650;0%;1950;Boleto
8610;2026-08-21;889;23;7;1;400;0%;400;Pix
8611;2026-02-23;1608;20;18;1;190;0%;190;Boleto
8612;2026-09-03;848;35;4;2;250;5%;475;Cartão de Crédito
8613;2026-04-26;621;22;8;1;850;5%;807,5;Cartão de Crédito
8614;2026-04-20;1634;4;16;1;1400;0%;1400;Pix
8615;2025-10-09;1231;21;3;2;1600;5%;3040;Cartão de Crédito
8616;2026-05-17;349;34;1;1;890;0%;890;Cartão de Crédito
8617;2026-08-13;892;36;18;2;550;0%;1100;Pix
8618;2026-06-27;378;9;4;1;150;5%;142,5;Pix
8619;2026-05-29;1963;18;10;1;280;0%;280;Cartão de Crédito
8620;2025-09-30;1316;2;1;2;80;0%;160;Pix
8621;2025-11-08;980;7;7;1;320;5%;304;Pix
8622;2025-12-02;94;7;8;1;320;0%;320;Pix
8623;2026-01-29;1080;16;12;1;520;0%;520;Cartão de Crédito
8624;2026-04-20;114;4;16;1;1400;10%;1260;Cartão de Débito
8625;2025-10-21;1049;30;17;1;160;0%;160;Cartão de Crédito
8626;2026-05-13;1601;10;12;1;50;0%;50;Pix
8627;2025-10-11;2032;30;15;3;160;5%;456;Boleto
8628;2026-03-08;629;11;12;2;3800;0%;7600;Pix
8629;2026-09-09;1882;12;5;2;180;5%;342;Cartão de Débito
8630;2026-01-05;309;15;13;1;750;5%;712,5;Cartão de Crédito
8631;2025-12-27;482;33;13;1;1200;0%;1200;Cartão de Crédito
8632;2025-09-25;803;11;16;3;3800;0%;11400;Pix
8633;2026-08-06;2064;9;3;1;150;5%;142,5;Cartão de Crédito
8634;2025-10-29;225;16;11;1;520;0%;520;Boleto
8635;2026-08-31;1801;21;1;1;1600;0%;1600;Boleto
8636;2025-12-17;2349;13;13;1;2900;10%;2610;Cartão de Crédito
8637;2025-12-26;248;44;14;1;55;0%;55;Pix
8638;2026-04-04;1891;1;1;1;4500;0%;4500;Cartão de Débito
8639;2025-09-18;1415;11;9;4;3800;0%;15200;Cartão de Crédito
8640;2026-04-06;2447;12;13;1;180;0%;180;Boleto
8641;2026-04-03;2477;23;8;2;400;0%;800;Pix
8642;2025-11-21;1016;11;7;1;3800;0%;3800;Pix
8643;2026-08-31;1890;20;2;4;190;5%;722;Cartão de Crédito
8644;2025-09-26;2020;34;4;2;890;0%;1780;Cartão de Débito
8645;2026-08-26;1304;8;17;1;110;0%;110;Pix
8646;2025-09-16;109;3;16;3;250;0%;750;Pix
8647;2025-10-15;1124;4;2;1;1400;0%;1400;Cartão de Crédito
8648;2026-06-25;1724;6;7;1;220;0%;220;Pix
8649;2026-01-17;748;25;7;2;310;0%;620;Cartão de Débito
8650;2026-02-11;883;41;1;3;45;0%;135;Boleto
8651;2026-04-07;1383;11;18;2;3800;0%;7600;Pix
8652;2026-05-21;1201;9;10;1;150;0%;150;Pix
8653;2026-09-03;2219;20;17;3;190;0%;570;Cartão de Crédito
8654;2026-06-21;790;14;6;2;350;5%;665;Cartão de Crédito
8655;2026-01-14;1918;14;11;1;350;5%;332,5;Cartão de Débito
8656;2026-07-16;22;16;16;1;520;0%;520;Boleto
8657;2025-12-16;583;4;17;1;1400;0%;1400;Pix
8658;2026-02-25;2219;6;5;1;220;0%;220;Pix
8659;2026-08-29;1532;38;18;5;390;0%;1950;Boleto
8660;2026-03-03;1124;22;12;1;850;0%;850;Pix
8661;2026-02-20;462;34;7;4;890;0%;3560;Pix
8662;2026-07-26;469;7;14;3;320;0%;960;Cartão de Crédito
8663;2025-09-24;880;3;10;3;250;0%;750;Pix
8664;2026-06-04;677;5;8;1;950;0%;950;Boleto
8665;2026-04-19;2031;33;18;1;1200;5%;1140;Pix
8666;2026-06-26;845;2;18;1;80;0%;80;Cartão de Crédito
8667;2026-09-10;2004;13;7;1;2900;0%;2900;Pix
8668;2026-04-02;2305;38;7;1;390;0%;390;Cartão de Crédito
8669;2025-11-25;986;1;18;1;4500;0%;4500;Pix
8670;2025-09-20;134;12;9;1;180;0%;180;Cartão de Crédito
8671;2026-09-02;965;3;14;1;250;0%;250;Cartão de Crédito
8672;2026-01-20;1799;9;12;2;150;0%;300;Cartão de Crédito
8673;2026-06-04;1275;1;14;1;4500;0%;4500;Cartão de Crédito
8674;2026-04-15;1121;30;17;1;160;5%;152;Cartão de Crédito
8675;2026-04-20;1965;22;9;1;850;5%;807,5;Cartão de Débito
8676;2025-11-01;1610;13;8;1;2900;0%;2900;Boleto
8677;2026-05-21;362;24;5;1;380;0%;380;Cartão de Crédito
8678;2025-10-01;1640;5;8;1;950;0%;950;Pix
8679;2025-11-05;1874;12;11;2;180;0%;360;Cartão de Crédito
8680;2026-03-07;691;25;15;1;310;0%;310;Pix
8681;2026-05-16;1637;5;2;1;950;0%;950;Cartão de Crédito
8682;2025-11-13;1066;25;12;2;310;0%;620;Cartão de Crédito
8683;2026-06-01;1237;3;1;2;250;0%;500;Cartão de Crédito
8684;2026-06-01;424;40;4;1;600;0%;600;Cartão de Crédito
8685;2026-01-27;1037;4;3;1;1400;0%;1400;Cartão de Crédito
8686;2026-03-20;1800;38;6;1;390;0%;390;Pix
8687;2026-06-17;462;18;10;1;280;0%;280;Cartão de Crédito
8688;2026-09-11;878;15;13;3;750;0%;2250;Pix
8689;2025-10-17;298;29;14;1;380;0%;380;Pix
8690;2026-06-14;1562;35;4;2;250;0%;500;Boleto
8691;2025-11-03;1258;23;13;1;400;0%;400;Cartão de Crédito
8692;2025-09-27;813;10;13;1;50;0%;50;Pix
8693;2025-10-20;366;27;17;1;350;0%;350;Cartão de Crédito
8694;2026-07-20;682;12;13;1;180;0%;180;Cartão de Débito
8695;2025-09-23;1364;26;11;1;2200;0%;2200;Boleto
8696;2026-03-04;1105;37;13;1;140;0%;140;Cartão de Crédito
8697;2026-03-10;1058;18;6;1;280;0%;280;Cartão de Crédito
8698;2026-04-03;2052;2;8;2;80;0%;160;Pix
8699;2026-03-25;2075;2;9;2;80;0%;160;Cartão de Crédito
8700;2026-01-08;2048;17;15;1;650;5%;617,5;Cartão de Crédito
8701;2025-10-27;1094;24;1;1;380;0%;380;Pix
8702;2025-12-22;1189;44;9;5;55;0%;275;Pix
8703;2026-08-01;1290;3;9;3;250;0%;750;Cartão de Crédito
8704;2026-03-04;2321;45;12;1;180;0%;180;Cartão de Crédito
8705;2026-08-23;1681;16;14;2;520;5%;988;Cartão de Crédito
8706;2025-09-26;37;8;8;1;110;0%;110;Cartão de Crédito
8707;2025-09-15;354;45;3;1;180;5%;171;Pix
8708;2026-07-16;1695;39;5;3;290;0%;870;Pix
8709;2025-11-28;2034;19;5;3;490;0%;1470;Cartão de Crédito
8710;2026-01-02;2141;39;13;1;290;0%;290;Boleto
8711;2026-07-09;1932;10;9;2;50;0%;100;Cartão de Crédito
8712;2026-08-29;515;31;4;1;120;0%;120;Boleto
8713;2026-08-11;1823;28;7;1;420;0%;420;Pix
8714;2026-03-30;2173;19;8;1;490;0%;490;Cartão de Crédito
8715;2026-06-12;1506;19;2;2;490;0%;980;Pix
8716;2026-07-06;1331;39;15;3;290;0%;870;Cartão de Crédito
8717;2025-09-22;2399;3;7;1;250;0%;250;Cartão de Crédito
8718;2026-01-22;121;22;3;1;850;0%;850;Cartão de Crédito
8719;2026-04-08;1478;35;2;3;250;5%;712,5;Cartão de Crédito
8720;2026-06-17;465;4;3;1;1400;0%;1400;Cartão de Crédito
8721;2025-12-17;1687;44;9;3;55;5%;156,75;Pix
8722;2025-09-21;986;29;9;1;380;5%;361;Pix
8723;2026-06-09;1032;5;18;1;950;0%;950;Cartão de Crédito
8724;2026-01-29;774;21;16;3;1600;0%;4800;Cartão de Crédito
8725;2026-05-07;139;14;1;1;350;0%;350;Cartão de Crédito
8726;2026-08-31;1721;24;6;4;380;0%;1520;Boleto
8727;2026-05-19;2337;6;11;5;220;5%;1045;Cartão de Crédito
8728;2026-09-11;2361;3;11;1;250;0%;250;Cartão de Crédito
8729;2026-09-10;509;24;10;1;380;0%;380;Cartão de Crédito
8730;2025-12-13;2433;19;12;2;490;0%;980;Cartão de Débito
8731;2026-01-20;1168;18;13;1;280;0%;280;Cartão de Crédito
8732;2026-04-19;2360;30;11;1;160;0%;160;Cartão de Crédito
8733;2026-02-09;567;24;3;1;380;0%;380;Boleto
8734;2026-09-03;1950;25;12;1;310;0%;310;Cartão de Crédito
8735;2026-04-22;535;34;16;4;890;0%;3560;Pix
8736;2026-03-06;691;14;17;2;350;5%;665;Pix
8737;2025-09-15;50;7;4;2;320;0%;640;Cartão de Crédito
8738;2026-04-12;274;21;15;2;1600;0%;3200;Cartão de Crédito
8739;2025-12-25;1110;27;10;1;350;0%;350;Cartão de Crédito
8740;2026-05-06;2376;9;10;1;150;0%;150;Pix
8741;2026-09-03;1307;15;6;1;750;0%;750;Cartão de Débito
8742;2026-01-09;1283;41;4;5;45;0%;225;Pix
8743;2026-04-09;872;34;18;2;890;10%;1602;Cartão de Crédito
8744;2026-01-06;665;15;14;1;750;0%;750;Pix
8745;2026-02-01;2107;15;16;3;750;0%;2250;Cartão de Débito
8746;2025-10-28;190;7;2;1;320;0%;320;Cartão de Crédito
8747;2025-10-28;1823;9;1;1;150;0%;150;Pix
8748;2026-05-08;2279;15;4;1;750;0%;750;Pix
8749;2025-11-15;1163;11;11;1;3800;0%;3800;Cartão de Crédito
8750;2026-04-29;1660;18;3;1;280;10%;252;Boleto
8751;2026-01-12;168;2;9;1;80;0%;80;Cartão de Crédito
8752;2026-06-28;1236;13;18;2;2900;5%;5510;Cartão de Débito
8753;2026-02-03;369;15;10;1;750;0%;750;Cartão de Crédito
8754;2025-12-09;1005;14;11;3;350;0%;1050;Pix
8755;2026-09-12;1437;5;5;1;950;0%;950;Pix
8756;2026-06-16;828;23;7;1;400;0%;400;Cartão de Crédito
8757;2026-05-17;693;43;18;1;65;0%;65;Cartão de Crédito
8758;2026-05-11;1472;44;13;3;55;5%;156,75;Cartão de Crédito
8759;2026-08-15;2015;13;18;1;2900;5%;2755;Cartão de Crédito
8760;2025-11-14;853;16;2;1;520;0%;520;Pix
8761;2025-11-21;1699;25;11;2;310;0%;620;Boleto
8762;2026-03-24;1122;8;15;1;110;0%;110;Cartão de Crédito
8763;2026-09-11;1935;13;4;1;2900;5%;2755;Boleto
8764;2025-10-24;1400;5;17;1;950;0%;950;Cartão de Crédito
8765;2026-06-25;533;3;3;1;250;0%;250;Pix
8766;2026-06-07;1920;29;2;1;380;0%;380;Cartão de Crédito
8767;2026-08-23;2138;38;9;1;390;0%;390;Cartão de Crédito
8768;2025-10-19;9;13;16;1;2900;0%;2900;Cartão de Crédito
8769;2026-07-04;495;27;4;1;350;0%;350;Cartão de Crédito
8770;2026-04-13;489;10;3;1;50;0%;50;Cartão de Crédito
8771;2026-02-12;1644;6;9;2;220;0%;440;Pix
8772;2026-01-20;1564;23;3;1;400;10%;360;Cartão de Crédito
8773;2025-11-03;2387;21;17;3;1600;0%;4800;Cartão de Crédito
8774;2026-01-13;248;16;15;2;520;0%;1040;Boleto
8775;2026-03-16;1243;8;6;1;110;0%;110;Cartão de Crédito
8776;2026-02-13;2005;4;7;2;1400;0%;2800;Cartão de Crédito
8777;2026-08-21;2115;16;18;2;520;10%;936;Pix
8778;2026-08-11;1379;3;6;2;250;0%;500;Cartão de Crédito
8779;2026-01-13;2036;26;16;1;2200;0%;2200;Cartão de Crédito
8780;2026-02-08;2292;7;16;1;320;0%;320;Cartão de Crédito
8781;2026-05-04;20;18;2;2;280;0%;560;Cartão de Crédito
8782;2026-05-10;2296;30;18;1;160;0%;160;Pix
8783;2025-11-12;603;3;11;1;250;5%;237,5;Pix
8784;2026-01-14;707;38;11;1;390;0%;390;Pix
8785;2025-10-30;643;10;3;4;50;0%;200;Pix
8786;2026-08-10;2273;35;1;1;250;0%;250;Pix
8787;2026-06-20;670;6;6;1;220;5%;209;Pix
8788;2026-04-07;1979;9;2;1;150;0%;150;Boleto
8789;2026-07-23;1676;22;13;2;850;0%;1700;Boleto
8790;2026-04-10;80;17;5;2;650;0%;1300;Pix
8791;2026-06-16;1763;27;12;2;350;5%;665;Pix
8792;2025-12-25;2250;34;7;1;890;0%;890;Cartão de Crédito
8793;2026-07-01;1479;38;15;1;390;0%;390;Cartão de Crédito
8794;2025-10-14;1679;10;10;1;50;0%;50;Pix
8795;2026-04-06;2170;22;5;3;850;0%;2550;Boleto
8796;2025-11-06;5;7;1;1;320;0%;320;Pix
8797;2025-12-17;1935;20;1;2;190;0%;380;Boleto
8798;2026-07-12;87;29;15;1;380;0%;380;Cartão de Crédito
8799;2025-10-05;1008;4;16;1;1400;0%;1400;Cartão de Crédito
8800;2026-06-05;249;21;17;1;1600;0%;1600;Pix
8801;2026-08-01;2098;38;14;2;390;0%;780;Pix
8802;2026-09-12;1781;4;8;1;1400;0%;1400;Cartão de Crédito
8803;2025-12-05;150;14;16;2;350;0%;700;Boleto
8804;2026-09-08;144;6;17;1;220;0%;220;Cartão de Débito
8805;2026-01-10;1119;17;17;1;650;0%;650;Pix
8806;2026-01-28;2433;16;5;2;520;10%;936;Pix
8807;2026-08-22;1783;12;16;1;180;5%;171;Pix
8808;2026-02-14;2216;28;15;1;420;0%;420;Cartão de Crédito
8809;2026-04-09;721;19;14;1;490;0%;490;Cartão de Crédito
8810;2026-03-08;243;5;16;2;950;0%;1900;Boleto
8811;2026-02-05;1102;6;11;1;220;5%;209;Pix
8812;2026-04-02;1298;12;15;1;180;0%;180;Boleto
8813;2025-11-19;1750;19;16;1;490;5%;465,5;Cartão de Crédito
8814;2026-04-02;1477;5;9;1;950;0%;950;Pix
8815;2025-10-27;2450;7;17;1;320;0%;320;Cartão de Crédito
8816;2025-12-03;2057;25;4;4;310;0%;1240;Cartão de Crédito
8817;2026-04-28;2401;3;9;1;250;10%;225;Pix
8818;2026-05-25;1953;20;12;1;190;0%;190;Cartão de Crédito
8819;2025-09-13;166;19;7;1;490;0%;490;Cartão de Crédito
8820;2026-02-16;1368;38;5;1;390;5%;370,5;Cartão de Crédito
8821;2025-11-27;250;20;6;1;190;5%;180,5;Cartão de Débito
8822;2026-04-23;736;24;13;2;380;0%;760;Cartão de Crédito
8823;2026-07-22;925;21;2;1;1600;0%;1600;Pix
8824;2025-12-31;513;3;13;2;250;5%;475;Pix
8825;2026-08-17;1048;37;12;3;140;0%;420;Cartão de Crédito
8826;2025-12-08;1521;29;15;1;380;0%;380;Cartão de Débito
8827;2026-01-04;990;25;1;1;310;10%;279;Pix
8828;2026-07-22;136;20;15;1;190;0%;190;Cartão de Crédito
8829;2026-01-22;161;8;13;1;110;0%;110;Cartão de Crédito
8830;2026-01-06;1373;1;3;2;4500;0%;9000;Cartão de Crédito
8831;2026-04-21;2110;12;11;1;180;0%;180;Cartão de Débito
8832;2025-11-26;609;2;9;1;80;0%;80;Boleto
8833;2026-05-08;1638;30;16;2;160;0%;320;Cartão de Crédito
8834;2026-03-19;501;34;5;1;890;0%;890;Pix
8835;2026-03-06;2286;18;7;1;280;0%;280;Pix
8836;2026-05-16;2355;45;1;1;180;0%;180;Cartão de Crédito
8837;2025-10-13;1468;32;7;1;480;0%;480;Cartão de Crédito
8838;2026-04-04;1672;3;7;1;250;0%;250;Cartão de Crédito
8839;2025-12-20;558;30;16;2;160;5%;304;Cartão de Crédito
8840;2026-04-22;945;40;7;1;600;0%;600;Cartão de Crédito
8841;2026-01-22;531;38;5;1;390;0%;390;Boleto
8842;2026-06-11;1454;4;13;1;1400;0%;1400;Cartão de Crédito
8843;2025-12-02;2129;36;8;1;550;0%;550;Pix
8844;2026-05-08;573;12;8;1;180;0%;180;Cartão de Débito
8845;2026-05-24;724;16;6;1;520;10%;468;Cartão de Crédito
8846;2026-03-03;2375;34;7;2;890;0%;1780;Cartão de Crédito
8847;2025-11-03;145;14;8;4;350;0%;1400;Cartão de Crédito
8848;2026-01-07;1932;29;2;1;380;5%;361;Boleto
8849;2025-09-15;2226;1;10;3;4500;0%;13500;Cartão de Crédito
8850;2025-11-23;851;30;9;1;160;0%;160;Boleto
8851;2025-09-29;838;30;15;1;160;0%;160;Cartão de Crédito
8852;2025-09-17;1095;13;7;1;2900;0%;2900;Cartão de Débito
8853;2025-12-18;956;9;7;2;150;0%;300;Cartão de Crédito
8854;2026-08-27;508;21;18;1;1600;0%;1600;Pix
8855;2026-06-02;863;19;18;1;490;0%;490;Cartão de Crédito
8856;2026-02-02;1504;21;13;2;1600;0%;3200;Cartão de Crédito
8857;2026-08-02;338;25;5;3;310;0%;930;Cartão de Crédito
8858;2026-03-15;1995;5;18;1;950;10%;855;Cartão de Crédito
8859;2026-07-29;52;5;9;3;950;0%;2850;Cartão de Débito
8860;2026-05-07;898;20;15;1;190;5%;180,5;Cartão de Débito
8861;2025-11-02;2427;34;17;2;890;0%;1780;Cartão de Crédito
8862;2026-09-10;1523;43;4;2;65;0%;130;Cartão de Crédito
8863;2026-05-14;1725;25;13;1;310;0%;310;Pix
8864;2026-06-15;68;21;13;1;1600;0%;1600;Cartão de Crédito
8865;2026-02-10;1514;20;12;1;190;0%;190;Cartão de Crédito
8866;2026-02-16;1239;16;5;1;520;10%;468;Pix
8867;2025-10-31;1506;17;16;2;650;0%;1300;Cartão de Crédito
8868;2026-08-18;2210;14;8;2;350;0%;700;Cartão de Crédito
8869;2026-05-07;645;6;14;1;220;5%;209;Cartão de Crédito
8870;2026-02-07;124;39;11;1;290;0%;290;Cartão de Crédito
8871;2025-12-26;596;9;15;1;150;0%;150;Pix
8872;2025-12-22;2468;35;14;1;250;0%;250;Cartão de Crédito
8873;2026-06-06;2169;4;12;4;1400;5%;5320;Pix
8874;2026-07-24;837;16;9;1;520;0%;520;Cartão de Débito
8875;2025-11-18;2156;15;18;1;750;0%;750;Pix
8876;2025-12-30;2344;3;2;1;250;10%;225;Cartão de Crédito
8877;2026-01-03;2471;25;15;1;310;5%;294,5;Cartão de Crédito
8878;2026-07-23;2488;3;15;1;250;0%;250;Pix
8879;2026-08-24;2122;23;7;1;400;0%;400;Boleto
8880;2026-08-24;866;38;3;1;390;0%;390;Pix
8881;2026-09-02;1525;14;1;1;350;5%;332,5;Cartão de Crédito
8882;2026-01-11;676;26;4;1;2200;0%;2200;Pix
8883;2026-07-13;2089;8;12;1;110;5%;104,5;Cartão de Crédito
8884;2026-07-06;1723;1;12;2;4500;0%;9000;Cartão de Crédito
8885;2026-03-16;331;10;1;2;50;0%;100;Cartão de Crédito
8886;2025-11-16;1359;6;1;1;220;0%;220;Pix
8887;2026-04-02;1786;13;14;1;2900;10%;2610;Cartão de Crédito
8888;2026-08-10;2147;10;13;3;50;0%;150;Cartão de Crédito
8889;2026-08-04;151;20;13;1;190;0%;190;Pix
8890;2026-08-08;1875;1;8;1;4500;0%;4500;Pix
8891;2026-02-11;2025;2;14;1;80;5%;76;Cartão de Débito
8892;2026-05-11;384;40;10;1;600;0%;600;Cartão de Débito
8893;2026-06-29;2364;36;18;1;550;0%;550;Cartão de Crédito
8894;2026-04-19;1011;18;5;1;280;0%;280;Cartão de Crédito
8895;2026-06-25;2391;9;12;4;150;0%;600;Cartão de Crédito
8896;2026-07-24;365;6;1;1;220;0%;220;Boleto
8897;2026-01-08;2162;30;11;2;160;0%;320;Cartão de Crédito
8898;2025-12-15;1272;13;5;2;2900;0%;5800;Cartão de Crédito
8899;2026-05-10;1562;13;6;1;2900;0%;2900;Pix
8900;2025-11-29;423;25;11;1;310;0%;310;Boleto
8901;2026-03-11;2319;25;13;1;310;0%;310;Cartão de Débito
8902;2026-01-13;1810;10;10;1;50;0%;50;Cartão de Crédito
8903;2025-12-26;2347;33;14;1;1200;0%;1200;Cartão de Crédito
8904;2026-01-06;2444;3;9;1;250;5%;237,5;Boleto
8905;2026-07-23;1380;8;10;1;110;5%;104,5;Cartão de Crédito
8906;2025-09-15;824;38;18;1;390;0%;390;Cartão de Crédito
8907;2026-06-27;1425;38;11;1;390;0%;390;Cartão de Crédito
8908;2026-02-05;1699;33;12;2;1200;0%;2400;Cartão de Crédito
8909;2026-04-22;1508;8;7;1;110;0%;110;Boleto
8910;2025-10-20;1925;1;2;1;4500;0%;4500;Cartão de Crédito
8911;2026-06-01;2010;29;7;2;380;0%;760;Pix
8912;2025-09-28;220;9;5;2;150;0%;300;Pix
8913;2025-10-28;65;9;5;1;150;0%;150;Pix
8914;2026-05-09;836;26;13;1;2200;0%;2200;Boleto
8915;2026-08-21;1541;18;8;1;280;0%;280;Cartão de Crédito
8916;2026-08-27;688;11;12;2;3800;0%;7600;Pix
8917;2026-03-30;1890;18;7;1;280;0%;280;Cartão de Crédito
8918;2026-09-07;762;23;6;2;400;0%;800;Pix
8919;2025-12-25;1168;27;17;2;350;0%;700;Cartão de Crédito
8920;2026-05-01;1098;6;7;1;220;0%;220;Cartão de Crédito
8921;2026-07-15;268;18;14;2;280;0%;560;Pix
8922;2026-08-19;1604;11;1;2;3800;0%;7600;Cartão de Crédito
8923;2025-10-31;2377;11;4;1;3800;0%;3800;Cartão de Crédito
8924;2025-09-29;2471;20;1;1;190;0%;190;Cartão de Crédito
8925;2026-02-13;2248;35;17;1;250;0%;250;Cartão de Débito
8926;2026-04-20;1624;7;1;1;320;0%;320;Cartão de Crédito
8927;2026-04-26;852;13;5;1;2900;0%;2900;Cartão de Crédito
8928;2026-04-11;1268;8;10;4;110;0%;440;Cartão de Crédito
8929;2026-04-29;2285;26;7;2;2200;0%;4400;Cartão de Crédito
8930;2026-08-18;1922;9;17;2;150;10%;270;Pix
8931;2026-03-13;1488;34;9;1;890;0%;890;Cartão de Crédito
8932;2025-10-28;1984;29;14;1;380;0%;380;Cartão de Crédito
8933;2025-10-11;96;32;7;1;480;0%;480;Cartão de Crédito
8934;2026-05-23;397;25;14;1;310;5%;294,5;Cartão de Crédito
8935;2026-02-08;1499;15;18;2;750;0%;1500;Boleto
8936;2025-11-06;60;21;10;1;1600;5%;1520;Pix
8937;2026-03-10;2011;35;8;1;250;0%;250;Pix
8938;2026-01-29;1715;9;14;1;150;0%;150;Cartão de Crédito
8939;2026-07-03;1230;32;9;1;480;0%;480;Pix
8940;2026-05-22;875;26;8;2;2200;0%;4400;Cartão de Crédito
8941;2026-06-15;1805;14;18;1;350;0%;350;Pix
8942;2025-10-11;1334;42;5;1;35;0%;35;Cartão de Crédito
8943;2026-05-26;2346;26;1;1;2200;0%;2200;Cartão de Débito
8944;2026-08-15;1359;3;13;1;250;5%;237,5;Cartão de Crédito
8945;2026-04-23;1413;2;3;2;80;0%;160;Cartão de Crédito
8946;2026-06-22;784;18;15;2;280;10%;504;Cartão de Crédito
8947;2026-06-16;1241;2;15;1;80;5%;76;Pix
8948;2026-04-26;371;4;17;1;1400;0%;1400;Cartão de Crédito
8949;2026-06-15;2059;29;8;1;380;0%;380;Pix
8950;2026-04-27;1121;37;8;2;140;0%;280;Cartão de Crédito
8951;2026-01-25;1454;5;2;1;950;0%;950;Pix
8952;2026-07-19;1652;2;17;2;80;0%;160;Pix
8953;2026-02-22;878;21;17;1;1600;0%;1600;Cartão de Crédito
8954;2025-10-02;1619;34;6;1;890;0%;890;Boleto
8955;2026-02-24;237;36;5;1;550;0%;550;Boleto
8956;2026-01-12;185;9;17;1;150;0%;150;Pix
8957;2026-07-01;2424;39;13;1;290;0%;290;Cartão de Crédito
8958;2026-02-02;1611;1;6;1;4500;0%;4500;Pix
8959;2026-01-25;911;2;10;2;80;5%;152;Cartão de Crédito
8960;2026-01-08;1468;4;9;3;1400;0%;4200;Pix
8961;2026-06-09;1662;3;11;1;250;0%;250;Cartão de Crédito
8962;2025-12-11;460;21;6;1;1600;0%;1600;Cartão de Débito
8963;2025-11-03;1457;10;13;1;50;0%;50;Pix
8964;2025-09-28;964;43;17;3;65;5%;185,25;Boleto
8965;2026-05-01;261;12;1;5;180;5%;855;Pix
8966;2026-06-05;2237;2;2;1;80;0%;80;Pix
8967;2025-12-28;1353;7;10;1;320;0%;320;Cartão de Crédito
8968;2026-04-14;1191;30;13;2;160;10%;288;Cartão de Crédito
8969;2026-04-18;3;11;10;3;3800;0%;11400;Cartão de Crédito
8970;2026-07-09;241;45;7;1;180;0%;180;Cartão de Débito
8971;2026-05-14;1649;13;9;1;2900;0%;2900;Cartão de Crédito
8972;2026-04-25;1132;26;15;4;2200;0%;8800;Pix
8973;2026-04-20;2388;1;4;1;4500;0%;4500;Pix
8974;2026-08-14;336;2;14;5;80;0%;400;Cartão de Crédito
8975;2025-10-23;763;21;6;1;1600;0%;1600;Pix
8976;2025-11-10;1385;7;2;1;320;0%;320;Cartão de Crédito
8977;2026-01-11;2354;1;13;2;4500;0%;9000;Pix
8978;2026-09-04;1283;34;12;4;890;0%;3560;Cartão de Crédito
8979;2026-06-21;1675;32;17;1;480;0%;480;Cartão de Crédito
8980;2026-09-11;288;5;2;1;950;0%;950;Cartão de Crédito
8981;2025-10-03;1240;7;4;1;320;0%;320;Cartão de Crédito
8982;2026-02-19;2135;39;8;1;290;0%;290;Pix
8983;2025-12-31;888;10;12;2;50;0%;100;Cartão de Crédito
8984;2025-11-18;2228;19;14;1;490;0%;490;Boleto
8985;2026-09-12;1643;9;1;2;150;0%;300;Cartão de Crédito
8986;2025-11-02;916;4;17;2;1400;0%;2800;Cartão de Crédito
8987;2026-02-19;1293;6;1;1;220;0%;220;Cartão de Crédito
8988;2025-09-25;686;6;11;1;220;0%;220;Pix
8989;2026-05-16;791;29;17;5;380;5%;1805;Cartão de Crédito
8990;2025-09-17;434;19;1;1;490;10%;441;Pix
8991;2025-10-17;756;5;10;1;950;0%;950;Cartão de Crédito
8992;2026-03-12;1908;1;4;2;4500;5%;8550;Cartão de Débito
8993;2026-06-16;380;38;12;3;390;0%;1170;Cartão de Débito
8994;2026-06-25;225;35;13;1;250;0%;250;Cartão de Crédito
8995;2026-08-12;372;2;10;1;80;5%;76;Boleto
8996;2026-07-20;2328;18;4;1;280;0%;280;Cartão de Crédito
8997;2025-12-18;1644;16;12;2;520;0%;1040;Cartão de Débito
8998;2025-09-30;1460;14;11;1;350;5%;332,5;Boleto
8999;2025-11-12;2358;19;4;5;490;0%;2450;Cartão de Crédito
9000;2026-08-21;2430;26;8;1;2200;0%;2200;Pix
9001;2026-07-04;1687;41;18;3;45;0%;135;Cartão de Crédito
9002;2026-04-24;334;18;17;2;280;5%;532;Boleto
9003;2026-04-21;2018;12;3;1;180;0%;180;Pix
9004;2026-05-17;32;29;18;1;380;5%;361;Cartão de Crédito
9005;2025-09-17;1275;22;5;4;850;5%;3230;Cartão de Crédito
9006;2026-07-14;836;10;6;1;50;0%;50;Cartão de Crédito
9007;2026-06-24;1498;14;1;2;350;10%;630;Pix
9008;2026-05-21;416;18;14;1;280;10%;252;Pix
9009;2025-10-24;630;39;8;1;290;0%;290;Pix
9010;2025-12-27;576;10;3;1;50;0%;50;Cartão de Débito
9011;2025-12-20;1145;17;12;3;650;0%;1950;Cartão de Crédito
9012;2025-12-04;553;18;2;1;280;0%;280;Cartão de Crédito
9013;2026-06-27;1087;27;2;1;350;5%;332,5;Pix
9014;2026-08-18;214;12;7;2;180;0%;360;Pix
9015;2026-05-14;300;14;16;2;350;0%;700;Cartão de Débito
9016;2026-05-23;1488;23;17;1;400;0%;400;Cartão de Crédito
9017;2026-06-23;1429;41;13;1;45;0%;45;Cartão de Crédito
9018;2025-11-30;1839;7;9;1;320;0%;320;Cartão de Crédito
9019;2026-06-15;29;21;13;1;1600;0%;1600;Cartão de Crédito
9020;2026-04-04;436;11;3;1;3800;0%;3800;Cartão de Crédito
9021;2026-08-31;743;26;14;2;2200;0%;4400;Cartão de Crédito
9022;2025-11-18;135;21;8;1;1600;0%;1600;Cartão de Crédito
9023;2025-10-12;1591;42;12;1;35;0%;35;Boleto
9024;2025-10-19;1759;3;11;1;250;0%;250;Cartão de Débito
9025;2026-05-21;383;15;6;1;750;0%;750;Pix
9026;2025-11-07;483;18;18;1;280;10%;252;Cartão de Crédito
9027;2026-04-20;197;17;3;1;650;5%;617,5;Cartão de Crédito
9028;2026-06-16;336;28;4;1;420;0%;420;Boleto
9029;2026-08-19;540;19;8;1;490;0%;490;Pix
9030;2026-08-25;2494;22;8;2;850;0%;1700;Cartão de Débito
9031;2025-12-21;243;5;6;1;950;10%;855;Pix
9032;2026-02-25;1463;39;17;1;290;0%;290;Cartão de Crédito
9033;2026-05-23;2379;6;5;2;220;5%;418;Boleto
9034;2025-10-12;1758;36;5;1;550;0%;550;Pix
9035;2026-01-03;472;34;10;3;890;0%;2670;Cartão de Crédito
9036;2026-08-17;1397;17;14;1;650;0%;650;Cartão de Crédito
9037;2026-06-23;2069;32;4;1;480;0%;480;Cartão de Crédito
9038;2025-09-22;2387;8;13;4;110;0%;440;Cartão de Crédito
9039;2026-08-02;442;16;13;1;520;0%;520;Pix
9040;2026-06-19;199;17;10;1;650;0%;650;Cartão de Crédito
9041;2026-03-14;127;34;12;5;890;5%;4227,5;Pix
9042;2025-12-04;365;19;3;1;490;5%;465,5;Cartão de Crédito
9043;2025-11-23;201;13;7;1;2900;0%;2900;Cartão de Crédito
9044;2026-04-16;25;26;17;5;2200;0%;11000;Pix
9045;2025-11-13;1659;21;9;1;1600;5%;1520;Pix
9046;2025-11-03;2281;15;1;2;750;0%;1500;Pix
9047;2026-01-19;1045;23;14;2;400;10%;720;Boleto
9048;2025-10-03;2217;33;3;2;1200;0%;2400;Cartão de Crédito
9049;2026-09-01;2047;15;4;1;750;5%;712,5;Cartão de Crédito
9050;2026-01-21;157;35;18;1;250;0%;250;Cartão de Crédito
9051;2026-01-10;1119;28;14;1;420;0%;420;Cartão de Débito
9052;2026-06-27;1334;35;9;1;250;0%;250;Cartão de Crédito
9053;2026-02-02;2319;3;12;1;250;0%;250;Cartão de Crédito
9054;2025-09-27;1655;34;1;1;890;0%;890;Cartão de Débito
9055;2026-07-11;1362;6;17;3;220;0%;660;Pix
9056;2025-09-29;1696;36;5;2;550;0%;1100;Cartão de Crédito
9057;2026-09-01;1871;36;9;1;550;0%;550;Boleto
9058;2026-03-05;1632;2;14;2;80;10%;144;Boleto
9059;2026-07-13;2284;4;8;1;1400;0%;1400;Pix
9060;2026-08-28;2238;4;12;1;1400;0%;1400;Cartão de Crédito
9061;2026-07-01;167;23;16;1;400;5%;380;Pix
9062;2026-01-22;581;23;9;2;400;0%;800;Cartão de Crédito
9063;2025-10-22;1250;10;5;1;50;5%;47,5;Boleto
9064;2026-08-18;66;38;10;1;390;5%;370,5;Cartão de Débito
9065;2026-07-26;1471;26;15;1;2200;0%;2200;Pix
9066;2026-08-11;1815;25;14;1;310;0%;310;Boleto
9067;2025-12-12;1296;7;7;2;320;0%;640;Pix
9068;2026-08-23;2186;19;10;1;490;0%;490;Boleto
9069;2026-05-02;1664;19;13;1;490;5%;465,5;Boleto
9070;2026-07-18;351;3;12;1;250;0%;250;Cartão de Débito
9071;2025-12-20;184;14;4;1;350;0%;350;Cartão de Crédito
9072;2026-03-31;1171;20;16;2;190;0%;380;Cartão de Crédito
9073;2025-11-22;2149;31;13;1;120;0%;120;Boleto
9074;2025-11-14;1923;5;10;1;950;0%;950;Cartão de Débito
9075;2026-08-22;1538;23;17;1;400;0%;400;Cartão de Crédito
9076;2026-02-22;2386;39;1;1;290;0%;290;Pix
9077;2025-11-19;1587;4;5;4;1400;0%;5600;Cartão de Crédito
9078;2026-07-20;1827;4;13;1;1400;0%;1400;Pix
9079;2025-10-25;496;38;13;2;390;0%;780;Cartão de Crédito
9080;2026-03-29;562;7;18;1;320;0%;320;Cartão de Crédito
9081;2026-04-04;1784;41;1;2;45;0%;90;Boleto
9082;2025-12-18;1264;13;17;2;2900;0%;5800;Cartão de Débito
9083;2025-11-16;1107;44;13;2;55;0%;110;Cartão de Crédito
9084;2026-06-19;2436;44;14;1;55;0%;55;Cartão de Crédito
9085;2026-05-17;189;12;4;1;180;0%;180;Pix
9086;2026-04-02;1514;13;13;1;2900;0%;2900;Pix
9087;2025-12-01;2039;7;16;1;320;0%;320;Cartão de Crédito
9088;2026-08-28;1210;20;2;1;190;0%;190;Cartão de Crédito
9089;2025-12-01;258;27;12;1;350;0%;350;Cartão de Crédito
9090;2026-05-24;542;30;7;1;160;0%;160;Cartão de Crédito
9091;2025-10-26;605;13;11;2;2900;0%;5800;Cartão de Crédito
9092;2025-11-26;1121;36;6;1;550;0%;550;Pix
9093;2025-12-24;1394;6;5;1;220;0%;220;Cartão de Crédito
9094;2026-03-05;1599;35;2;5;250;0%;1250;Boleto
9095;2025-09-12;2135;12;11;1;180;0%;180;Pix
9096;2026-06-06;1266;14;13;1;350;5%;332,5;Cartão de Crédito
9097;2025-10-14;1854;7;6;1;320;0%;320;Cartão de Crédito
9098;2025-11-06;1483;10;2;1;50;0%;50;Cartão de Crédito
9099;2026-03-04;616;16;1;5;520;0%;2600;Pix
9100;2026-07-29;1475;8;8;1;110;0%;110;Pix
9101;2026-02-28;816;3;3;1;250;0%;250;Cartão de Crédito
9102;2025-12-17;488;37;17;1;140;0%;140;Cartão de Crédito
9103;2026-01-29;1522;31;14;2;120;0%;240;Cartão de Crédito
9104;2025-09-20;1350;14;8;1;350;0%;350;Cartão de Crédito
9105;2026-02-06;612;38;8;1;390;0%;390;Cartão de Crédito
9106;2025-11-27;520;23;4;5;400;0%;2000;Cartão de Crédito
9107;2025-09-15;2477;1;3;4;4500;0%;18000;Boleto
9108;2025-11-26;2371;26;9;1;2200;10%;1980;Pix
9109;2026-01-22;927;35;4;1;250;0%;250;Pix
9110;2026-01-31;308;2;9;1;80;0%;80;Cartão de Crédito
9111;2025-09-27;2205;1;16;1;4500;0%;4500;Cartão de Crédito
9112;2026-06-01;912;28;9;2;420;0%;840;Cartão de Crédito
9113;2026-09-02;807;16;15;1;520;0%;520;Pix
9114;2026-05-16;2424;26;18;1;2200;0%;2200;Pix
9115;2025-11-28;1245;18;2;1;280;0%;280;Cartão de Crédito
9116;2025-11-27;396;4;4;1;1400;0%;1400;Cartão de Crédito
9117;2026-04-18;2175;8;5;1;110;0%;110;Cartão de Crédito
9118;2026-01-06;380;31;7;2;120;0%;240;Cartão de Crédito
9119;2026-05-21;2318;22;17;2;850;0%;1700;Pix
9120;2025-10-23;2058;20;4;1;190;10%;171;Cartão de Crédito
9121;2026-08-12;64;10;2;3;50;0%;150;Cartão de Crédito
9122;2026-08-26;2322;2;13;2;80;0%;160;Pix
9123;2025-11-28;1273;4;6;1;1400;0%;1400;Pix
9124;2026-04-09;1409;14;15;3;350;0%;1050;Cartão de Crédito
9125;2026-06-04;1783;11;7;1;3800;0%;3800;Cartão de Débito
9126;2026-08-25;1362;6;12;2;220;0%;440;Cartão de Crédito
9127;2026-05-28;1940;6;15;1;220;0%;220;Pix
9128;2026-02-03;1421;39;5;1;290;0%;290;Cartão de Crédito
9129;2026-04-13;874;7;10;1;320;10%;288;Cartão de Crédito
9130;2026-05-27;2141;13;18;3;2900;0%;8700;Cartão de Crédito
9131;2025-11-24;801;1;16;2;4500;10%;8100;Cartão de Crédito
9132;2026-07-29;611;21;11;1;1600;0%;1600;Cartão de Crédito
9133;2026-02-18;1211;14;6;2;350;0%;700;Cartão de Crédito
9134;2025-11-16;1319;12;7;1;180;0%;180;Pix
9135;2026-02-26;479;29;3;1;380;0%;380;Cartão de Crédito
9136;2026-05-08;2157;29;18;1;380;0%;380;Cartão de Crédito
9137;2025-12-16;2268;24;1;1;380;5%;361;Pix
9138;2026-02-28;189;20;8;1;190;0%;190;Cartão de Crédito
9139;2026-01-18;1378;10;12;1;50;0%;50;Cartão de Débito
9140;2026-01-07;2270;15;17;3;750;0%;2250;Pix
9141;2025-12-16;2093;5;16;1;950;0%;950;Pix
9142;2025-12-02;30;19;9;1;490;0%;490;Boleto
9143;2026-04-25;1625;27;16;3;350;0%;1050;Cartão de Crédito
9144;2026-04-22;1556;39;13;2;290;0%;580;Cartão de Crédito
9145;2026-09-09;182;11;18;1;3800;0%;3800;Cartão de Débito
9146;2025-11-16;2214;16;18;1;520;10%;468;Cartão de Crédito
9147;2026-05-23;1226;2;11;2;80;10%;144;Cartão de Crédito
9148;2026-09-08;2051;6;15;4;220;0%;880;Cartão de Crédito
9149;2025-10-22;530;8;2;1;110;10%;99;Cartão de Crédito
9150;2026-07-29;1936;4;11;2;1400;5%;2660;Pix
9151;2025-12-27;296;14;7;4;350;0%;1400;Cartão de Crédito
9152;2026-03-30;2276;23;12;2;400;0%;800;Cartão de Crédito
9153;2026-07-18;777;39;4;1;290;0%;290;Cartão de Crédito
9154;2026-03-21;559;10;13;2;50;0%;100;Pix
9155;2025-11-16;391;36;2;5;550;0%;2750;Cartão de Crédito
9156;2026-05-16;1211;35;3;1;250;0%;250;Pix
9157;2026-01-21;1079;3;8;1;250;0%;250;Cartão de Crédito
9158;2025-09-13;499;25;1;2;310;0%;620;Pix
9159;2026-03-29;335;25;9;3;310;0%;930;Cartão de Crédito
9160;2026-02-05;1457;14;5;3;350;5%;997,5;Pix
9161;2026-07-11;2448;44;13;2;55;0%;110;Cartão de Crédito
9162;2026-02-15;1444;1;15;1;4500;0%;4500;Cartão de Crédito
9163;2026-02-18;1111;1;7;1;4500;0%;4500;Boleto
9164;2025-12-30;284;40;16;2;600;0%;1200;Pix
9165;2025-10-31;502;16;12;1;520;0%;520;Cartão de Crédito
9166;2026-01-06;931;25;8;1;310;0%;310;Pix
9167;2026-01-31;2379;13;15;1;2900;0%;2900;Cartão de Débito
9168;2025-12-05;1771;2;15;2;80;0%;160;Pix
9169;2025-09-26;378;39;1;1;290;0%;290;Cartão de Crédito
9170;2025-10-05;844;30;10;1;160;0%;160;Pix
9171;2026-01-05;1207;5;10;1;950;0%;950;Cartão de Crédito
9172;2026-07-16;2457;4;16;1;1400;0%;1400;Pix
9173;2026-03-17;2224;27;12;1;350;0%;350;Cartão de Crédito
9174;2026-06-21;1694;23;3;2;400;0%;800;Cartão de Crédito
9175;2026-06-10;2145;33;17;1;1200;0%;1200;Cartão de Crédito
9176;2025-10-29;1951;15;17;1;750;0%;750;Cartão de Crédito
9177;2026-04-06;220;3;5;1;250;0%;250;Cartão de Crédito
9178;2025-11-10;1501;12;5;1;180;0%;180;Pix
9179;2026-05-25;2487;4;9;1;1400;0%;1400;Pix
9180;2026-01-01;1870;42;14;2;35;0%;70;Cartão de Crédito
9181;2026-01-02;2110;11;5;2;3800;0%;7600;Cartão de Crédito
9182;2026-05-21;1182;3;2;1;250;0%;250;Pix
9183;2025-12-28;879;31;4;2;120;10%;216;Cartão de Crédito
9184;2025-12-03;686;17;6;1;650;5%;617,5;Cartão de Crédito
9185;2026-01-07;2467;10;11;1;50;10%;45;Boleto
9186;2026-01-25;2281;35;2;1;250;0%;250;Cartão de Crédito
9187;2026-04-24;57;7;10;2;320;0%;640;Boleto
9188;2026-04-30;847;44;4;1;55;0%;55;Cartão de Crédito
9189;2026-02-18;2152;35;7;1;250;0%;250;Cartão de Crédito
9190;2026-04-02;2276;29;15;1;380;0%;380;Cartão de Crédito
9191;2026-02-17;1884;13;16;1;2900;0%;2900;Cartão de Crédito
9192;2026-05-24;1048;2;1;3;80;0%;240;Cartão de Crédito
9193;2026-05-05;74;3;8;4;250;5%;950;Boleto
9194;2026-04-06;1577;9;14;1;150;0%;150;Pix
9195;2026-03-11;1648;32;1;2;480;0%;960;Pix
9196;2025-09-13;1841;17;13;1;650;0%;650;Cartão de Crédito
9197;2025-11-22;664;6;18;1;220;0%;220;Boleto
9198;2025-11-30;493;28;6;1;420;0%;420;Cartão de Crédito
9199;2026-08-29;2207;10;5;1;50;0%;50;Boleto
9200;2025-11-12;2380;17;7;1;650;0%;650;Cartão de Crédito
9201;2026-05-27;1702;25;18;1;310;0%;310;Cartão de Crédito
9202;2025-12-05;1970;18;18;1;280;0%;280;Pix
9203;2026-01-23;1804;9;5;2;150;0%;300;Cartão de Crédito
9204;2026-04-18;1071;37;7;2;140;0%;280;Cartão de Crédito
9205;2026-07-15;844;8;7;1;110;0%;110;Pix
9206;2025-09-17;1227;7;12;1;320;0%;320;Pix
9207;2026-08-07;2402;23;14;1;400;5%;380;Cartão de Crédito
9208;2026-06-30;681;27;2;1;350;0%;350;Cartão de Crédito
9209;2026-04-05;1643;29;13;1;380;10%;342;Pix
9210;2025-09-28;1119;21;18;4;1600;5%;6080;Pix
9211;2026-03-11;949;5;4;3;950;5%;2707,5;Cartão de Crédito
9212;2025-12-14;829;17;9;1;650;0%;650;Cartão de Crédito
9213;2026-08-12;1084;24;7;5;380;5%;1805;Cartão de Débito
9214;2026-03-05;2135;8;9;1;110;0%;110;Pix
9215;2026-07-05;2304;16;3;1;520;0%;520;Cartão de Crédito
9216;2025-11-08;2134;3;10;1;250;5%;237,5;Cartão de Crédito
9217;2026-04-21;1440;3;4;1;250;0%;250;Cartão de Crédito
9218;2025-11-29;1071;18;6;1;280;5%;266;Boleto
9219;2025-11-11;120;26;13;1;2200;0%;2200;Cartão de Crédito
9220;2026-01-10;1916;7;18;1;320;0%;320;Cartão de Débito
9221;2026-08-27;362;7;16;1;320;0%;320;Pix
9222;2026-09-09;78;36;10;3;550;0%;1650;Cartão de Crédito
9223;2026-06-25;924;6;13;2;220;10%;396;Cartão de Crédito
9224;2026-01-19;2167;3;4;1;250;0%;250;Pix
9225;2025-10-24;1683;30;11;2;160;0%;320;Cartão de Crédito
9226;2026-07-05;1433;31;12;3;120;0%;360;Boleto
9227;2026-06-21;1525;22;9;4;850;0%;3400;Pix
9228;2025-12-06;301;24;8;1;380;0%;380;Cartão de Débito
9229;2026-05-25;2351;7;7;1;320;0%;320;Cartão de Crédito
9230;2025-11-04;855;13;14;1;2900;0%;2900;Cartão de Débito
9231;2025-12-20;1614;29;11;1;380;0%;380;Pix
9232;2026-07-04;2034;14;6;1;350;10%;315;Cartão de Crédito
9233;2026-05-20;1638;1;15;2;4500;0%;9000;Boleto
9234;2026-04-18;2129;18;16;2;280;5%;532;Cartão de Crédito
9235;2026-05-13;2000;12;12;1;180;0%;180;Cartão de Crédito
9236;2026-06-29;859;42;12;1;35;0%;35;Cartão de Crédito
9237;2026-06-25;1742;10;3;1;50;0%;50;Cartão de Crédito
9238;2025-12-27;1265;20;3;1;190;0%;190;Cartão de Débito
9239;2026-05-18;1053;4;3;1;1400;0%;1400;Pix
9240;2026-07-08;1418;5;8;2;950;0%;1900;Pix
9241;2026-06-23;97;20;18;1;190;0%;190;Pix
9242;2026-08-12;2230;36;10;2;550;0%;1100;Pix
9243;2025-12-12;1771;16;16;2;520;0%;1040;Boleto
9244;2025-11-17;787;20;7;1;190;10%;171;Cartão de Débito
9245;2026-07-20;2486;1;1;1;4500;0%;4500;Cartão de Débito
9246;2026-08-25;2008;45;13;1;180;0%;180;Pix
9247;2025-11-09;1489;8;1;1;110;5%;104,5;Pix
9248;2025-09-28;385;12;3;1;180;0%;180;Cartão de Crédito
9249;2025-10-23;918;5;4;3;950;0%;2850;Cartão de Crédito
9250;2026-03-02;1262;10;17;1;50;10%;45;Cartão de Crédito
9251;2025-09-12;1261;9;10;1;150;0%;150;Pix
9252;2025-12-14;815;1;14;2;4500;0%;9000;Pix
9253;2026-01-18;2046;12;6;1;180;0%;180;Cartão de Crédito
9254;2025-10-20;1072;10;1;1;50;0%;50;Cartão de Crédito
9255;2025-10-26;11;36;17;1;550;0%;550;Cartão de Crédito
9256;2026-04-01;399;28;13;2;420;0%;840;Pix
9257;2026-01-18;1886;8;1;2;110;0%;220;Cartão de Crédito
9258;2026-02-18;2470;3;3;5;250;0%;1250;Cartão de Crédito
9259;2026-03-06;1972;11;8;2;3800;0%;7600;Pix
9260;2026-06-10;110;33;13;1;1200;0%;1200;Cartão de Débito
9261;2026-05-02;2345;40;13;2;600;0%;1200;Boleto
9262;2026-05-06;947;10;13;1;50;0%;50;Cartão de Crédito
9263;2026-05-01;744;4;2;2;1400;0%;2800;Pix
9264;2026-07-08;1616;28;4;3;420;5%;1197;Pix
9265;2025-10-05;743;17;7;3;650;10%;1755;Cartão de Crédito
9266;2026-05-04;743;22;14;2;850;0%;1700;Pix
9267;2026-02-15;917;34;6;2;890;0%;1780;Cartão de Crédito
9268;2025-10-11;1491;4;17;1;1400;0%;1400;Pix
9269;2026-03-29;2325;28;15;1;420;0%;420;Pix
9270;2025-12-02;1094;29;12;1;380;0%;380;Cartão de Crédito
9271;2026-07-26;1921;7;4;1;320;5%;304;Pix
9272;2026-08-18;1492;8;12;1;110;0%;110;Cartão de Crédito
9273;2026-08-27;1819;6;7;1;220;0%;220;Pix
9274;2025-12-01;2003;15;15;1;750;0%;750;Pix
9275;2025-09-15;486;8;4;1;110;5%;104,5;Boleto
9276;2026-08-26;1375;1;10;1;4500;5%;4275;Cartão de Débito
9277;2026-08-25;393;1;15;1;4500;5%;4275;Cartão de Crédito
9278;2026-08-24;2045;7;7;3;320;5%;912;Cartão de Crédito
9279;2026-07-29;750;43;14;1;65;0%;65;Cartão de Crédito
9280;2025-09-14;2402;4;14;2;1400;0%;2800;Cartão de Crédito
9281;2026-05-30;1394;26;14;1;2200;5%;2090;Pix
9282;2026-05-30;2261;12;18;1;180;5%;171;Pix
9283;2026-08-06;2255;42;14;3;35;0%;105;Pix
9284;2025-10-14;144;5;17;1;950;0%;950;Boleto
9285;2026-03-06;2478;19;16;1;490;0%;490;Pix
9286;2025-12-23;1421;21;17;1;1600;0%;1600;Boleto
9287;2026-03-24;1962;40;10;1;600;0%;600;Cartão de Débito
9288;2025-12-29;797;20;14;3;190;0%;570;Cartão de Crédito
9289;2026-01-30;1113;20;16;2;190;0%;380;Pix
9290;2025-10-08;690;1;13;2;4500;0%;9000;Cartão de Crédito
9291;2025-12-23;616;14;16;1;350;5%;332,5;Cartão de Crédito
9292;2026-04-02;2019;16;14;1;520;10%;468;Cartão de Crédito
9293;2026-03-10;2436;3;13;4;250;0%;1000;Pix
9294;2026-01-25;1372;28;17;1;420;5%;399;Cartão de Crédito
9295;2026-04-27;1587;21;13;2;1600;5%;3040;Cartão de Crédito
9296;2026-07-25;1063;20;9;1;190;10%;171;Cartão de Crédito
9297;2026-04-26;321;10;12;1;50;0%;50;Cartão de Crédito
9298;2026-03-12;978;23;9;1;400;0%;400;Cartão de Crédito
9299;2026-04-26;1036;11;11;1;3800;0%;3800;Cartão de Crédito
9300;2026-08-09;148;30;5;1;160;0%;160;Pix
9301;2026-01-19;97;2;12;1;80;5%;76;Cartão de Crédito
9302;2026-01-13;1814;35;16;1;250;0%;250;Pix
9303;2025-12-07;2460;4;1;2;1400;10%;2520;Boleto
9304;2026-06-25;1118;31;17;1;120;0%;120;Pix
9305;2026-07-21;1632;18;11;1;280;0%;280;Pix
9306;2026-01-06;1060;15;11;1;750;0%;750;Boleto
9307;2025-09-25;971;36;15;1;550;0%;550;Boleto
9308;2026-03-09;1146;34;18;1;890;0%;890;Pix
9309;2025-09-28;1975;42;17;1;35;5%;33,25;Cartão de Crédito
9310;2025-09-15;1535;29;8;1;380;10%;342;Cartão de Crédito
9311;2026-06-11;885;4;7;3;1400;10%;3780;Pix
9312;2026-06-12;1524;10;13;1;50;0%;50;Pix
9313;2026-07-06;773;28;6;3;420;0%;1260;Cartão de Débito
9314;2026-07-19;496;33;8;1;1200;5%;1140;Boleto
9315;2026-04-08;2462;20;13;1;190;0%;190;Cartão de Crédito
9316;2026-02-14;2150;33;2;1;1200;0%;1200;Cartão de Crédito
9317;2026-09-03;1134;8;1;1;110;0%;110;Cartão de Crédito
9318;2026-05-13;907;18;15;1;280;0%;280;Cartão de Crédito
9319;2025-12-28;227;33;9;2;1200;0%;2400;Cartão de Crédito
9320;2025-10-26;1441;1;1;3;4500;0%;13500;Pix
9321;2026-03-28;895;41;6;2;45;0%;90;Cartão de Crédito
9322;2026-09-08;1055;42;1;2;35;5%;66,5;Pix
9323;2026-02-19;424;3;2;2;250;0%;500;Cartão de Crédito
9324;2025-11-23;1670;22;12;1;850;5%;807,5;Pix
9325;2026-06-03;944;3;18;2;250;0%;500;Cartão de Crédito
9326;2026-05-01;2382;10;14;2;50;0%;100;Cartão de Crédito
9327;2025-12-26;828;5;10;1;950;0%;950;Cartão de Crédito
9328;2026-04-02;1914;25;9;2;310;5%;589;Pix
9329;2026-08-09;1750;29;9;1;380;0%;380;Cartão de Crédito
9330;2026-09-01;1615;4;14;2;1400;0%;2800;Pix
9331;2025-10-01;1015;30;7;2;160;0%;320;Boleto
9332;2025-11-20;1990;32;7;2;480;0%;960;Pix
9333;2026-07-01;1944;26;9;1;2200;0%;2200;Cartão de Crédito
9334;2025-11-08;1375;19;5;2;490;0%;980;Cartão de Crédito
9335;2025-10-09;2358;7;10;1;320;0%;320;Cartão de Crédito
9336;2025-10-17;219;45;3;1;180;0%;180;Pix
9337;2025-09-22;734;21;16;3;1600;0%;4800;Cartão de Débito
9338;2026-04-23;184;19;16;2;490;0%;980;Cartão de Crédito
9339;2026-06-12;452;34;11;2;890;5%;1691;Pix
9340;2025-11-09;1605;10;10;1;50;0%;50;Pix
9341;2026-06-04;1075;11;15;1;3800;5%;3610;Cartão de Crédito
9342;2026-05-13;2318;1;16;3;4500;5%;12825;Cartão de Crédito
9343;2025-12-24;2124;24;7;1;380;5%;361;Cartão de Crédito
9344;2026-01-10;89;43;14;2;65;0%;130;Boleto
9345;2025-10-26;1080;14;9;1;350;0%;350;Cartão de Crédito
9346;2025-12-31;1317;10;15;1;50;0%;50;Pix
9347;2026-08-13;1521;20;9;1;190;0%;190;Cartão de Débito
9348;2026-09-08;1938;7;17;1;320;0%;320;Pix
9349;2026-07-11;862;9;11;1;150;5%;142,5;Pix
9350;2025-09-23;1409;39;6;1;290;0%;290;Pix
9351;2026-04-09;130;3;6;1;250;0%;250;Pix
9352;2026-05-09;119;20;13;1;190;10%;171;Pix
9353;2026-06-09;1927;4;11;1;1400;0%;1400;Cartão de Crédito
9354;2026-04-21;1927;44;2;4;55;0%;220;Cartão de Crédito
9355;2026-05-16;349;30;18;3;160;0%;480;Cartão de Crédito
9356;2026-08-26;491;37;6;1;140;0%;140;Boleto
9357;2026-07-16;747;38;8;1;390;0%;390;Cartão de Crédito
9358;2026-04-04;389;19;7;1;490;0%;490;Pix
9359;2026-06-30;450;3;5;1;250;0%;250;Pix
9360;2025-12-17;2016;15;15;1;750;0%;750;Pix
9361;2026-01-19;1491;6;17;1;220;0%;220;Pix
9362;2026-02-11;420;14;7;1;350;0%;350;Cartão de Crédito
9363;2026-01-17;2041;3;14;1;250;0%;250;Pix
9364;2026-05-26;1827;36;1;2;550;0%;1100;Boleto
9365;2026-03-02;2069;11;1;1;3800;5%;3610;Boleto
9366;2026-05-20;2371;12;3;1;180;5%;171;Cartão de Crédito
9367;2025-10-04;1657;22;12;1;850;0%;850;Cartão de Crédito
9368;2025-11-11;123;9;14;2;150;5%;285;Cartão de Débito
9369;2026-01-26;168;44;16;2;55;0%;110;Pix
9370;2025-09-30;1864;16;17;2;520;0%;1040;Pix
9371;2025-12-25;2204;28;10;2;420;0%;840;Pix
9372;2026-04-25;2175;16;9;2;520;0%;1040;Pix
9373;2026-06-01;804;45;1;1;180;5%;171;Pix
9374;2026-01-06;1042;21;17;4;1600;0%;6400;Pix
9375;2026-03-10;1895;12;7;1;180;0%;180;Pix
9376;2026-04-21;1346;16;10;1;520;0%;520;Pix
9377;2026-08-31;30;8;10;1;110;0%;110;Cartão de Crédito
9378;2026-01-24;530;11;16;1;3800;0%;3800;Boleto
9379;2025-12-15;2106;27;2;4;350;0%;1400;Cartão de Crédito
9380;2026-07-23;41;22;7;1;850;0%;850;Pix
9381;2025-11-11;1851;10;18;1;50;0%;50;Pix
9382;2026-05-29;1003;21;13;1;1600;0%;1600;Pix
9383;2026-01-21;1007;6;3;1;220;0%;220;Cartão de Crédito
9384;2026-04-19;2018;32;17;1;480;0%;480;Cartão de Crédito
9385;2026-02-25;2059;25;9;1;310;0%;310;Pix
9386;2026-01-23;1095;11;2;2;3800;0%;7600;Cartão de Crédito
9387;2026-06-21;2302;43;11;1;65;0%;65;Cartão de Crédito
9388;2026-07-09;884;27;1;4;350;0%;1400;Pix
9389;2025-12-23;763;28;2;2;420;0%;840;Cartão de Crédito
9390;2026-05-06;1523;3;14;1;250;0%;250;Pix
9391;2025-09-14;1402;10;5;1;50;0%;50;Pix
9392;2026-04-16;222;30;4;2;160;10%;288;Pix
9393;2026-03-16;652;34;7;2;890;5%;1691;Pix
9394;2026-08-10;155;9;5;1;150;5%;142,5;Pix
9395;2026-07-19;2450;5;13;2;950;0%;1900;Cartão de Crédito
9396;2026-03-26;803;36;8;2;550;0%;1100;Pix
9397;2025-09-22;2460;13;6;1;2900;0%;2900;Pix
9398;2026-01-15;1468;11;13;3;3800;0%;11400;Pix
9399;2026-03-11;1085;44;1;1;55;5%;52,25;Cartão de Crédito
9400;2026-01-15;121;7;15;1;320;0%;320;Pix
9401;2026-07-14;2430;35;4;1;250;0%;250;Cartão de Débito
9402;2026-03-11;1128;32;2;1;480;0%;480;Cartão de Crédito
9403;2025-12-13;1897;36;7;1;550;0%;550;Cartão de Crédito
9404;2025-12-04;106;3;4;3;250;0%;750;Pix
9405;2025-11-25;2496;8;12;1;110;0%;110;Pix
9406;2025-12-31;383;24;18;1;380;0%;380;Boleto
9407;2026-02-26;18;44;1;1;55;0%;55;Cartão de Crédito
9408;2026-02-08;525;19;7;1;490;0%;490;Pix
9409;2025-10-22;2178;7;5;3;320;0%;960;Boleto
9410;2026-09-05;160;14;13;1;350;0%;350;Cartão de Crédito
9411;2026-06-03;518;24;2;1;380;0%;380;Pix
9412;2026-02-13;2165;17;4;1;650;0%;650;Cartão de Débito
9413;2026-09-01;134;6;8;1;220;0%;220;Cartão de Crédito
9414;2025-10-10;1420;18;10;1;280;0%;280;Cartão de Débito
9415;2026-06-10;1180;30;15;1;160;0%;160;Cartão de Crédito
9416;2026-01-01;2115;30;12;4;160;0%;640;Pix
9417;2026-04-27;1989;20;15;5;190;0%;950;Cartão de Crédito
9418;2025-12-25;2404;23;17;2;400;0%;800;Cartão de Crédito
9419;2025-11-27;1110;19;11;3;490;0%;1470;Cartão de Crédito
9420;2026-08-04;1342;19;8;4;490;0%;1960;Cartão de Débito
9421;2026-06-08;430;7;12;3;320;5%;912;Pix
9422;2025-10-25;2195;8;6;1;110;0%;110;Pix
9423;2026-05-18;596;7;7;2;320;5%;608;Boleto
9424;2026-06-02;566;38;14;1;390;5%;370,5;Cartão de Crédito
9425;2026-01-30;539;41;12;2;45;0%;90;Cartão de Débito
9426;2025-11-01;2067;18;11;1;280;0%;280;Pix
9427;2025-12-15;1485;18;12;2;280;0%;560;Pix
9428;2026-08-09;1913;20;14;1;190;5%;180,5;Cartão de Crédito
9429;2026-06-09;2155;1;3;1;4500;0%;4500;Cartão de Crédito
9430;2026-03-03;1387;7;2;1;320;0%;320;Cartão de Crédito
9431;2026-01-14;220;14;17;1;350;0%;350;Cartão de Débito
9432;2025-11-14;2356;36;14;1;550;0%;550;Cartão de Crédito
9433;2026-07-26;1345;44;10;1;55;0%;55;Cartão de Crédito
9434;2026-01-24;2056;15;15;1;750;5%;712,5;Boleto
9435;2026-03-29;424;10;11;1;50;0%;50;Cartão de Débito
9436;2025-09-19;1205;35;17;1;250;0%;250;Pix
9437;2026-06-22;1154;37;4;1;140;0%;140;Boleto
9438;2026-09-12;1333;25;1;1;310;0%;310;Cartão de Crédito
9439;2026-05-31;2344;19;5;1;490;0%;490;Cartão de Crédito
9440;2026-08-13;1046;11;10;1;3800;0%;3800;Cartão de Crédito
9441;2026-04-08;1190;6;2;1;220;5%;209;Cartão de Crédito
9442;2026-01-11;1362;14;1;2;350;10%;630;Cartão de Crédito
9443;2026-04-27;1692;16;12;2;520;0%;1040;Cartão de Crédito
9444;2026-03-08;1444;10;7;1;50;0%;50;Boleto
9445;2026-03-19;1363;14;17;1;350;0%;350;Pix
9446;2026-05-31;319;25;2;1;310;0%;310;Cartão de Crédito
9447;2026-05-29;550;2;5;1;80;0%;80;Cartão de Crédito
9448;2026-04-28;1797;20;11;1;190;0%;190;Pix
9449;2026-02-12;1832;34;15;2;890;5%;1691;Boleto
9450;2026-07-30;2035;8;16;1;110;0%;110;Cartão de Crédito
9451;2026-01-29;1525;9;6;1;150;10%;135;Cartão de Crédito
9452;2026-03-20;1163;1;4;1;4500;0%;4500;Cartão de Crédito
9453;2025-11-15;889;42;17;1;35;0%;35;Pix
9454;2026-04-29;608;13;10;4;2900;0%;11600;Cartão de Crédito
9455;2026-07-09;1018;1;16;2;4500;0%;9000;Cartão de Crédito
9456;2026-07-14;1925;15;2;1;750;0%;750;Pix
9457;2025-09-20;2022;6;2;1;220;0%;220;Pix
9458;2026-09-10;1168;18;11;1;280;0%;280;Cartão de Crédito
9459;2026-03-17;2457;10;10;1;50;5%;47,5;Cartão de Crédito
9460;2026-06-19;1272;37;14;1;140;0%;140;Pix
9461;2026-05-06;1087;44;4;1;55;5%;52,25;Pix
9462;2026-04-23;1747;3;5;1;250;0%;250;Cartão de Crédito
9463;2025-12-22;2309;21;11;1;1600;5%;1520;Cartão de Crédito
9464;2026-04-15;2002;29;4;1;380;0%;380;Boleto
9465;2025-11-29;1352;27;12;1;350;5%;332,5;Cartão de Crédito
9466;2026-07-09;906;3;11;1;250;0%;250;Pix
9467;2025-09-27;692;28;15;1;420;5%;399;Boleto
9468;2026-04-20;1830;15;9;1;750;5%;712,5;Cartão de Crédito
9469;2026-07-28;86;21;13;2;1600;0%;3200;Cartão de Crédito
9470;2026-02-13;508;14;5;1;350;0%;350;Boleto
9471;2025-11-29;2011;9;5;1;150;0%;150;Cartão de Crédito
9472;2026-08-25;1978;4;13;1;1400;0%;1400;Cartão de Crédito
9473;2026-03-15;809;30;3;1;160;0%;160;Cartão de Crédito
9474;2026-02-03;1507;22;4;3;850;0%;2550;Cartão de Crédito
9475;2026-09-02;828;18;9;1;280;0%;280;Cartão de Crédito
9476;2025-11-03;2034;20;2;3;190;0%;570;Cartão de Crédito
9477;2025-10-10;1389;13;10;1;2900;5%;2755;Cartão de Crédito
9478;2026-03-17;1378;7;18;5;320;0%;1600;Cartão de Crédito
9479;2026-01-13;1187;16;12;1;520;0%;520;Pix
9480;2026-03-13;1378;27;12;1;350;0%;350;Pix
9481;2026-04-22;768;14;4;1;350;0%;350;Cartão de Crédito
9482;2026-04-17;2287;36;7;3;550;0%;1650;Cartão de Crédito
9483;2025-12-25;1528;35;16;2;250;0%;500;Boleto
9484;2026-09-05;1699;16;14;3;520;0%;1560;Cartão de Crédito
9485;2026-05-30;222;10;18;1;50;0%;50;Pix
9486;2026-07-22;1459;20;1;1;190;5%;180,5;Cartão de Crédito
9487;2026-02-13;2378;20;3;1;190;0%;190;Boleto
9488;2025-09-27;2060;20;14;1;190;0%;190;Cartão de Crédito
9489;2025-10-08;1204;2;7;1;80;0%;80;Pix
9490;2025-10-22;1941;3;3;1;250;0%;250;Pix
9491;2026-03-20;1351;3;16;1;250;5%;237,5;Boleto
9492;2026-06-25;1316;21;6;1;1600;0%;1600;Cartão de Débito
9493;2025-10-29;2372;41;15;1;45;0%;45;Cartão de Crédito
9494;2026-07-07;949;29;8;2;380;0%;760;Boleto
9495;2026-03-31;2278;22;13;2;850;0%;1700;Cartão de Crédito
9496;2025-10-05;994;22;3;1;850;0%;850;Cartão de Crédito
9497;2026-08-20;1722;38;2;1;390;0%;390;Cartão de Crédito
9498;2026-06-07;2359;8;17;1;110;0%;110;Cartão de Crédito
9499;2026-05-29;2238;30;12;1;160;0%;160;Cartão de Crédito
9500;2026-08-08;101;21;3;2;1600;0%;3200;Cartão de Crédito
9501;2025-09-29;1510;23;12;1;400;0%;400;Cartão de Crédito
9502;2026-06-21;807;28;3;1;420;0%;420;Cartão de Crédito
9503;2025-10-29;443;35;12;2;250;0%;500;Cartão de Crédito
9504;2025-12-25;710;2;2;1;80;0%;80;Pix
9505;2025-12-03;1663;6;10;1;220;0%;220;Pix
9506;2025-10-06;136;15;7;1;750;0%;750;Cartão de Crédito
9507;2026-08-29;973;15;7;1;750;0%;750;Cartão de Crédito
9508;2026-07-01;1776;31;8;1;120;0%;120;Pix
9509;2026-05-25;2407;7;2;1;320;0%;320;Boleto
9510;2025-12-15;10;32;8;3;480;0%;1440;Boleto
9511;2026-06-17;2296;2;15;3;80;0%;240;Pix
9512;2026-06-04;695;17;3;1;650;5%;617,5;Boleto
9513;2026-06-25;2181;16;7;3;520;0%;1560;Pix
9514;2026-06-09;1218;2;10;1;80;0%;80;Cartão de Crédito
9515;2026-04-30;2129;1;4;1;4500;5%;4275;Cartão de Crédito
9516;2026-04-11;1855;41;14;1;45;0%;45;Cartão de Crédito
9517;2026-04-06;1018;3;9;1;250;0%;250;Boleto
9518;2025-11-20;33;24;18;1;380;0%;380;Cartão de Crédito
9519;2026-01-09;1225;2;17;1;80;0%;80;Pix
9520;2026-09-05;380;23;6;1;400;0%;400;Cartão de Crédito
9521;2026-02-09;764;14;13;2;350;5%;665;Pix
9522;2026-04-22;1197;9;16;4;150;5%;570;Pix
9523;2026-02-01;610;37;14;2;140;0%;280;Boleto
9524;2026-02-16;1126;21;1;1;1600;0%;1600;Cartão de Crédito
9525;2026-01-21;1897;43;18;1;65;0%;65;Pix
9526;2025-12-20;682;11;16;1;3800;0%;3800;Cartão de Crédito
9527;2026-07-15;1779;24;14;1;380;5%;361;Cartão de Crédito
9528;2026-01-12;1812;11;11;1;3800;0%;3800;Cartão de Crédito
9529;2026-06-04;381;11;18;1;3800;5%;3610;Cartão de Crédito
9530;2026-05-12;1818;22;10;2;850;0%;1700;Boleto
9531;2026-01-29;2497;1;6;1;4500;0%;4500;Pix
9532;2026-02-18;1590;13;17;1;2900;0%;2900;Cartão de Crédito
9533;2026-04-28;362;32;10;2;480;0%;960;Cartão de Crédito
9534;2026-01-21;1573;22;7;3;850;0%;2550;Cartão de Crédito
9535;2026-06-30;1372;35;8;1;250;0%;250;Pix
9536;2025-10-29;1340;5;11;2;950;0%;1900;Cartão de Crédito
9537;2026-04-23;1653;44;10;2;55;10%;99;Boleto
9538;2026-08-12;591;24;7;1;380;0%;380;Cartão de Crédito
9539;2026-07-23;1144;21;1;1;1600;0%;1600;Boleto
9540;2025-11-29;1552;8;1;1;110;0%;110;Boleto
9541;2026-06-23;2316;4;13;3;1400;0%;4200;Pix
9542;2026-01-27;2414;29;13;1;380;0%;380;Pix
9543;2026-03-30;1714;3;17;1;250;0%;250;Cartão de Crédito
9544;2025-10-14;499;4;18;1;1400;0%;1400;Pix
9545;2025-12-14;570;22;5;3;850;10%;2295;Cartão de Crédito
9546;2026-01-14;559;1;9;2;4500;0%;9000;Cartão de Crédito
9547;2026-03-27;2295;10;16;1;50;0%;50;Pix
9548;2025-11-21;761;6;2;3;220;5%;627;Cartão de Crédito
9549;2026-01-05;1916;41;7;2;45;0%;90;Cartão de Crédito
9550;2026-01-07;1991;13;18;1;2900;0%;2900;Pix
9551;2026-01-28;219;6;13;4;220;0%;880;Cartão de Crédito
9552;2026-08-23;264;1;7;3;4500;10%;12150;Cartão de Crédito
9553;2026-06-02;1695;12;16;1;180;5%;171;Pix
9554;2026-02-13;2134;23;11;2;400;0%;800;Cartão de Crédito
9555;2026-05-23;2054;9;8;2;150;5%;285;Pix
9556;2025-10-08;1088;20;11;1;190;0%;190;Pix
9557;2026-02-26;2393;5;13;2;950;5%;1805;Cartão de Crédito
9558;2026-08-29;1334;7;15;2;320;0%;640;Pix
9559;2026-08-17;1636;44;12;1;55;0%;55;Cartão de Crédito
9560;2026-05-05;2058;7;13;1;320;0%;320;Pix
9561;2026-06-26;9;3;2;1;250;0%;250;Cartão de Crédito
9562;2026-03-11;1382;29;3;2;380;0%;760;Cartão de Débito
9563;2025-11-18;1621;17;16;3;650;0%;1950;Boleto
9564;2026-08-11;1739;9;9;1;150;0%;150;Cartão de Débito
9565;2026-08-05;1047;9;9;2;150;10%;270;Cartão de Débito
9566;2025-12-30;1697;36;8;1;550;5%;522,5;Cartão de Crédito
9567;2025-12-05;1913;10;2;2;50;0%;100;Boleto
9568;2026-03-19;1684;13;4;1;2900;5%;2755;Cartão de Débito
9569;2026-01-20;1780;38;12;1;390;0%;390;Cartão de Crédito
9570;2025-12-19;1030;29;9;2;380;0%;760;Cartão de Crédito
9571;2025-12-11;174;39;2;1;290;0%;290;Cartão de Crédito
9572;2026-02-08;619;22;3;2;850;0%;1700;Cartão de Crédito
9573;2026-08-28;2090;44;14;3;55;0%;165;Pix
9574;2026-04-26;1025;32;15;1;480;0%;480;Pix
9575;2025-11-02;1511;18;5;1;280;5%;266;Cartão de Crédito
9576;2025-10-07;1023;12;11;2;180;0%;360;Cartão de Crédito
9577;2025-10-24;2353;16;3;1;520;5%;494;Pix
9578;2026-07-01;2162;17;12;3;650;0%;1950;Cartão de Crédito
9579;2026-08-21;89;2;11;2;80;0%;160;Cartão de Crédito
9580;2026-04-09;1533;18;4;1;280;0%;280;Pix
9581;2026-01-10;917;29;11;1;380;5%;361;Pix
9582;2026-06-19;1309;7;2;1;320;5%;304;Cartão de Crédito
9583;2026-06-17;359;38;9;1;390;10%;351;Boleto
9584;2025-12-17;761;35;6;5;250;0%;1250;Cartão de Crédito
9585;2026-09-10;2305;35;17;4;250;0%;1000;Cartão de Crédito
9586;2026-05-13;1734;41;14;1;45;0%;45;Cartão de Crédito
9587;2026-09-10;839;43;6;1;65;0%;65;Cartão de Crédito
9588;2026-05-20;2421;3;2;1;250;0%;250;Pix
9589;2026-02-01;528;12;7;1;180;0%;180;Cartão de Crédito
9590;2025-12-25;2245;9;4;3;150;0%;450;Cartão de Crédito
9591;2025-09-12;1648;6;2;1;220;0%;220;Pix
9592;2026-05-28;318;14;16;1;350;5%;332,5;Cartão de Crédito
9593;2025-10-04;157;5;12;2;950;0%;1900;Cartão de Crédito
9594;2025-11-28;520;37;3;1;140;0%;140;Pix
9595;2026-06-09;1095;2;12;1;80;0%;80;Cartão de Crédito
9596;2026-05-05;1211;32;14;2;480;0%;960;Cartão de Crédito
9597;2026-03-16;2452;6;1;1;220;0%;220;Cartão de Débito
9598;2026-03-01;544;1;16;1;4500;0%;4500;Cartão de Crédito
9599;2025-09-21;739;12;12;1;180;0%;180;Cartão de Crédito
9600;2026-07-24;1759;37;4;2;140;0%;280;Boleto
9601;2025-11-08;1188;29;7;1;380;0%;380;Boleto
9602;2026-02-21;2064;30;7;3;160;5%;456;Pix
9603;2025-10-04;1279;23;1;1;400;0%;400;Cartão de Crédito
9604;2026-07-30;1983;23;16;1;400;0%;400;Pix
9605;2026-03-18;506;5;8;2;950;0%;1900;Cartão de Débito
9606;2025-10-02;1754;13;3;3;2900;0%;8700;Cartão de Crédito
9607;2025-09-17;2439;9;5;1;150;5%;142,5;Cartão de Débito
9608;2025-11-22;446;11;13;2;3800;0%;7600;Pix
9609;2026-06-20;2408;14;15;1;350;0%;350;Pix
9610;2026-02-06;1390;17;7;2;650;0%;1300;Cartão de Crédito
9611;2026-05-05;452;7;10;2;320;0%;640;Cartão de Crédito
9612;2026-04-28;980;45;5;1;180;0%;180;Cartão de Débito
9613;2025-10-04;1161;6;8;1;220;0%;220;Cartão de Crédito
9614;2025-10-24;2497;14;5;1;350;5%;332,5;Cartão de Crédito
9615;2026-04-27;1156;10;8;1;50;0%;50;Pix
9616;2025-10-26;736;9;14;1;150;0%;150;Cartão de Débito
9617;2026-04-17;1685;30;12;1;160;0%;160;Pix
9618;2026-04-03;178;21;6;4;1600;5%;6080;Pix
9619;2026-01-03;825;25;13;1;310;5%;294,5;Boleto
9620;2025-10-26;1696;10;12;1;50;0%;50;Pix
9621;2026-03-04;2090;7;1;1;320;0%;320;Pix
9622;2026-04-14;597;39;9;2;290;0%;580;Boleto
9623;2026-05-02;1335;41;11;2;45;0%;90;Cartão de Crédito
9624;2026-03-04;614;39;14;2;290;5%;551;Pix
9625;2026-05-03;569;26;2;1;2200;5%;2090;Pix
9626;2026-08-23;992;2;13;2;80;0%;160;Cartão de Crédito
9627;2026-07-31;1938;21;2;4;1600;0%;6400;Cartão de Débito
9628;2025-11-24;1863;9;11;1;150;0%;150;Cartão de Crédito
9629;2025-11-08;32;36;1;1;550;0%;550;Cartão de Crédito
9630;2026-03-13;1789;3;18;1;250;0%;250;Cartão de Crédito
9631;2026-05-19;171;20;14;2;190;0%;380;Cartão de Crédito
9632;2026-07-05;12;11;11;1;3800;0%;3800;Boleto
9633;2026-05-06;312;11;3;1;3800;5%;3610;Cartão de Crédito
9634;2025-12-12;341;6;17;1;220;5%;209;Cartão de Débito
9635;2025-10-28;1570;19;15;1;490;0%;490;Pix
9636;2026-08-30;2453;2;7;1;80;5%;76;Cartão de Crédito
9637;2025-12-13;987;32;12;1;480;0%;480;Pix
9638;2025-12-17;2353;16;8;3;520;0%;1560;Cartão de Crédito
9639;2026-09-03;948;3;1;1;250;0%;250;Cartão de Crédito
9640;2026-07-31;1518;6;9;1;220;0%;220;Pix
9641;2026-06-10;1155;11;11;1;3800;10%;3420;Pix
9642;2025-10-23;1715;20;11;1;190;0%;190;Cartão de Crédito
9643;2026-05-12;230;23;15;1;400;0%;400;Cartão de Crédito
9644;2026-07-06;1216;4;7;1;1400;5%;1330;Cartão de Crédito
9645;2025-11-25;444;22;17;1;850;0%;850;Pix
9646;2026-01-06;132;15;5;1;750;0%;750;Cartão de Crédito
9647;2026-01-28;724;41;13;1;45;0%;45;Cartão de Crédito
9648;2026-08-27;1086;1;14;1;4500;0%;4500;Cartão de Crédito
9649;2026-06-09;1370;12;11;1;180;0%;180;Pix
9650;2025-11-07;2350;13;1;2;2900;10%;5220;Pix
9651;2025-11-24;142;6;10;2;220;5%;418;Cartão de Débito
9652;2025-10-17;266;25;11;1;310;0%;310;Cartão de Crédito
9653;2026-09-10;1249;3;18;1;250;0%;250;Cartão de Crédito
9654;2026-05-28;135;22;11;1;850;5%;807,5;Pix
9655;2025-11-01;205;2;8;1;80;5%;76;Cartão de Crédito
9656;2025-12-18;1166;1;13;2;4500;0%;9000;Cartão de Crédito
9657;2026-03-17;1016;29;8;1;380;0%;380;Cartão de Crédito
9658;2026-04-13;832;15;8;2;750;0%;1500;Cartão de Débito
9659;2025-09-15;1294;32;16;1;480;5%;456;Cartão de Crédito
9660;2026-09-09;1509;2;10;1;80;0%;80;Pix
9661;2025-12-20;1907;4;2;1;1400;0%;1400;Pix
9662;2025-09-13;2367;28;18;2;420;0%;840;Boleto
9663;2026-02-03;490;19;13;1;490;0%;490;Cartão de Débito
9664;2026-01-24;956;41;15;1;45;0%;45;Pix
9665;2026-04-29;136;15;5;1;750;0%;750;Cartão de Crédito
9666;2025-10-31;1895;30;1;3;160;5%;456;Cartão de Crédito
9667;2026-01-28;1806;24;2;1;380;0%;380;Boleto
9668;2025-11-07;754;5;11;2;950;0%;1900;Pix
9669;2026-09-07;695;17;18;1;650;0%;650;Cartão de Crédito
9670;2026-08-26;918;1;7;2;4500;0%;9000;Pix
9671;2026-07-30;2316;45;16;3;180;0%;540;Cartão de Crédito
9672;2025-10-29;1840;6;18;1;220;0%;220;Pix
9673;2026-03-22;1560;8;17;2;110;0%;220;Pix
9674;2025-11-06;1860;5;13;3;950;0%;2850;Boleto
9675;2026-07-18;1821;23;12;1;400;0%;400;Cartão de Crédito
9676;2025-09-30;1453;34;4;1;890;0%;890;Cartão de Crédito
9677;2026-05-22;970;13;8;1;2900;0%;2900;Cartão de Débito
9678;2025-09-27;284;7;2;3;320;0%;960;Cartão de Crédito
9679;2026-08-29;1422;13;12;3;2900;0%;8700;Boleto
9680;2026-07-10;344;4;13;1;1400;0%;1400;Pix
9681;2026-07-19;2246;23;7;2;400;0%;800;Cartão de Crédito
9682;2026-01-16;302;35;16;2;250;0%;500;Cartão de Crédito
9683;2026-07-10;868;19;13;1;490;0%;490;Pix
9684;2026-02-06;2047;22;1;4;850;0%;3400;Boleto
9685;2026-06-04;2467;13;9;1;2900;0%;2900;Pix
9686;2026-02-12;177;9;13;3;150;0%;450;Boleto
9687;2026-03-10;1213;12;12;1;180;0%;180;Cartão de Débito
9688;2025-11-27;1369;15;7;1;750;0%;750;Cartão de Débito
9689;2026-03-19;1914;5;1;2;950;5%;1805;Boleto
9690;2026-08-17;2038;23;13;2;400;0%;800;Pix
9691;2026-03-19;28;4;9;2;1400;0%;2800;Cartão de Crédito
9692;2026-03-31;737;24;1;2;380;0%;760;Boleto
9693;2026-05-10;2204;38;11;2;390;0%;780;Pix
9694;2026-04-17;603;7;6;2;320;0%;640;Cartão de Crédito
9695;2026-04-30;454;16;6;2;520;0%;1040;Cartão de Crédito
9696;2026-04-10;107;38;5;1;390;0%;390;Pix
9697;2026-08-01;1569;14;3;1;350;5%;332,5;Cartão de Débito
9698;2025-11-13;2299;5;14;1;950;0%;950;Cartão de Crédito
9699;2026-06-01;82;16;4;1;520;0%;520;Pix
9700;2025-09-25;2484;29;8;1;380;5%;361;Pix
9701;2026-04-23;14;29;3;3;380;0%;1140;Boleto
9702;2026-07-10;1141;17;1;1;650;0%;650;Boleto
9703;2026-06-23;276;16;15;1;520;0%;520;Pix
9704;2025-10-07;201;17;7;2;650;0%;1300;Boleto
9705;2025-11-20;2047;34;13;2;890;0%;1780;Pix
9706;2026-08-19;689;12;17;2;180;5%;342;Cartão de Crédito
9707;2025-09-24;1412;21;17;1;1600;0%;1600;Pix
9708;2026-05-06;1905;24;16;1;380;0%;380;Cartão de Crédito
9709;2026-05-23;204;16;3;1;520;0%;520;Boleto
9710;2026-02-01;2412;10;15;1;50;0%;50;Pix
9711;2025-11-19;1580;13;17;1;2900;0%;2900;Cartão de Crédito
9712;2025-11-17;412;5;4;1;950;0%;950;Cartão de Crédito
9713;2026-06-27;1376;6;14;1;220;0%;220;Cartão de Crédito
9714;2026-08-09;2458;33;13;1;1200;0%;1200;Pix
9715;2026-02-15;1778;1;1;2;4500;0%;9000;Cartão de Crédito
9716;2026-05-21;1842;8;7;1;110;0%;110;Cartão de Crédito
9717;2026-08-03;1303;34;12;3;890;10%;2403;Cartão de Crédito
9718;2026-03-30;2306;31;4;2;120;5%;228;Pix
9719;2026-07-12;686;2;5;2;80;0%;160;Cartão de Crédito
9720;2025-09-30;1451;2;4;3;80;0%;240;Cartão de Débito
9721;2025-12-25;1509;35;13;1;250;0%;250;Cartão de Crédito
9722;2026-01-12;2331;18;15;1;280;10%;252;Boleto
9723;2026-02-03;2174;12;6;1;180;0%;180;Pix
9724;2026-03-11;184;5;2;1;950;0%;950;Cartão de Crédito
9725;2026-05-23;1462;30;4;1;160;0%;160;Cartão de Crédito
9726;2026-04-17;1913;17;9;2;650;0%;1300;Boleto
9727;2026-06-07;1705;23;16;1;400;0%;400;Pix
9728;2025-12-17;1488;11;18;1;3800;0%;3800;Cartão de Crédito
9729;2025-11-12;2257;28;5;1;420;0%;420;Pix
9730;2025-11-08;2008;12;16;1;180;0%;180;Cartão de Crédito
9731;2026-01-24;2088;13;15;1;2900;0%;2900;Pix
9732;2026-02-03;2045;30;15;1;160;0%;160;Cartão de Crédito
9733;2026-07-19;978;3;12;1;250;5%;237,5;Boleto
9734;2026-07-23;1365;20;18;1;190;10%;171;Pix
9735;2026-02-16;886;8;18;1;110;0%;110;Pix
9736;2026-01-10;1528;18;13;2;280;0%;560;Cartão de Débito
9737;2026-07-18;2371;5;16;2;950;0%;1900;Pix
9738;2025-11-14;727;9;12;1;150;0%;150;Cartão de Débito
9739;2025-11-25;148;4;3;2;1400;5%;2660;Pix
9740;2026-07-22;820;35;2;1;250;0%;250;Boleto
9741;2026-09-03;1557;17;9;1;650;0%;650;Cartão de Crédito
9742;2026-04-18;2368;40;4;1;600;0%;600;Cartão de Crédito
9743;2025-11-27;1563;33;16;1;1200;0%;1200;Cartão de Crédito
9744;2025-11-08;2365;40;3;2;600;0%;1200;Cartão de Crédito
9745;2026-06-30;1722;28;7;1;420;5%;399;Cartão de Débito
9746;2025-12-28;1514;32;8;1;480;0%;480;Cartão de Crédito
9747;2026-08-25;154;43;7;1;65;0%;65;Cartão de Crédito
9748;2026-07-30;313;10;8;3;50;0%;150;Pix
9749;2026-06-23;1960;16;18;2;520;5%;988;Cartão de Crédito
9750;2025-12-31;163;28;11;3;420;0%;1260;Boleto
9751;2026-08-06;1612;4;17;1;1400;5%;1330;Cartão de Crédito
9752;2025-11-18;2112;13;16;1;2900;0%;2900;Boleto
9753;2026-03-22;951;16;8;3;520;0%;1560;Pix
9754;2026-02-27;1358;9;6;1;150;0%;150;Cartão de Crédito
9755;2026-04-16;704;39;2;1;290;0%;290;Pix
9756;2025-11-20;2451;36;9;1;550;5%;522,5;Cartão de Débito
9757;2026-06-20;2011;21;9;1;1600;0%;1600;Cartão de Crédito
9758;2026-05-15;2066;9;4;5;150;0%;750;Cartão de Crédito
9759;2025-11-09;764;38;18;1;390;0%;390;Cartão de Crédito
9760;2025-12-01;1652;3;7;1;250;0%;250;Pix
9761;2026-02-07;1509;41;4;1;45;0%;45;Pix
9762;2026-05-01;946;24;6;3;380;0%;1140;Cartão de Crédito
9763;2025-11-16;563;42;8;2;35;0%;70;Cartão de Crédito
9764;2025-10-24;1805;27;15;1;350;0%;350;Boleto
9765;2026-05-31;1768;18;11;3;280;0%;840;Pix
9766;2025-09-16;1001;17;9;1;650;0%;650;Pix
9767;2026-08-29;1800;32;12;1;480;0%;480;Cartão de Débito
9768;2026-08-07;228;2;11;1;80;0%;80;Cartão de Crédito
9769;2026-02-25;1976;21;16;1;1600;0%;1600;Cartão de Crédito
9770;2026-05-17;2305;18;3;1;280;0%;280;Boleto
9771;2026-05-04;1232;8;7;1;110;0%;110;Cartão de Crédito
9772;2025-10-19;515;9;10;3;150;0%;450;Cartão de Crédito
9773;2025-12-29;1237;39;11;1;290;5%;275,5;Cartão de Crédito
9774;2025-12-26;1433;15;8;2;750;0%;1500;Pix
9775;2026-05-27;314;3;3;4;250;0%;1000;Cartão de Crédito
9776;2026-08-31;1354;35;16;1;250;0%;250;Cartão de Crédito
9777;2026-03-11;130;30;5;1;160;0%;160;Cartão de Crédito
9778;2026-05-05;647;38;2;1;390;0%;390;Pix
9779;2026-07-25;1113;3;17;2;250;0%;500;Cartão de Crédito
9780;2025-09-29;771;6;13;1;220;0%;220;Cartão de Crédito
9781;2026-07-11;1529;9;15;1;150;0%;150;Cartão de Crédito
9782;2026-08-07;1444;1;14;2;4500;0%;9000;Pix
9783;2025-12-16;1051;26;7;1;2200;0%;2200;Boleto
9784;2025-12-23;2362;21;4;1;1600;0%;1600;Cartão de Crédito
9785;2026-04-08;2195;7;13;2;320;0%;640;Pix
9786;2026-05-05;20;21;17;1;1600;0%;1600;Pix
9787;2026-06-13;1292;38;11;1;390;0%;390;Pix
9788;2025-09-20;1638;35;9;1;250;0%;250;Pix
9789;2026-01-06;2373;21;9;1;1600;0%;1600;Pix
9790;2026-01-26;435;13;2;1;2900;5%;2755;Cartão de Crédito
9791;2025-10-16;65;17;10;1;650;10%;585;Cartão de Crédito
9792;2025-11-25;1994;20;16;1;190;0%;190;Cartão de Crédito
9793;2026-01-23;791;6;12;2;220;0%;440;Pix
9794;2026-02-01;2395;43;5;3;65;0%;195;Pix
9795;2025-11-09;6;10;4;2;50;0%;100;Cartão de Débito
9796;2026-06-07;291;1;17;1;4500;5%;4275;Pix
9797;2026-06-18;1703;1;4;1;4500;0%;4500;Cartão de Débito
9798;2025-12-30;638;10;8;3;50;5%;142,5;Cartão de Crédito
9799;2026-03-20;1837;11;11;2;3800;0%;7600;Cartão de Crédito
9800;2025-12-28;2166;5;10;1;950;0%;950;Cartão de Débito
9801;2026-05-27;318;32;4;4;480;0%;1920;Cartão de Crédito
9802;2025-10-27;1331;13;16;1;2900;0%;2900;Pix
9803;2025-10-01;773;30;10;1;160;0%;160;Cartão de Crédito
9804;2026-05-04;1514;7;13;1;320;0%;320;Cartão de Crédito
9805;2025-10-09;379;7;14;2;320;0%;640;Cartão de Crédito
9806;2026-02-05;661;7;13;1;320;0%;320;Pix
9807;2025-12-16;1237;7;11;2;320;0%;640;Pix
9808;2026-02-24;1163;8;14;1;110;0%;110;Pix
9809;2025-12-04;14;6;6;1;220;0%;220;Pix
9810;2025-11-14;945;8;11;1;110;0%;110;Pix
9811;2026-09-10;1027;24;13;1;380;0%;380;Pix
9812;2026-07-27;695;8;5;1;110;0%;110;Cartão de Crédito
9813;2026-08-17;1024;27;10;1;350;0%;350;Pix
9814;2025-09-14;2008;27;3;1;350;0%;350;Cartão de Crédito
9815;2026-04-27;1009;1;10;1;4500;0%;4500;Cartão de Crédito
9816;2026-01-07;1132;34;13;5;890;5%;4227,5;Pix
9817;2026-03-27;255;8;11;2;110;0%;220;Cartão de Crédito
9818;2026-01-22;1935;3;2;1;250;0%;250;Cartão de Crédito
9819;2026-08-16;208;38;14;2;390;0%;780;Cartão de Crédito
9820;2025-10-07;1024;9;17;2;150;5%;285;Boleto
9821;2025-10-21;211;1;15;1;4500;10%;4050;Cartão de Débito
9822;2026-07-04;1465;2;4;1;80;0%;80;Cartão de Crédito
9823;2026-03-31;778;30;11;3;160;0%;480;Cartão de Crédito
9824;2025-11-19;306;9;9;2;150;0%;300;Pix
9825;2026-08-01;350;28;6;1;420;5%;399;Cartão de Crédito
9826;2025-09-12;699;16;6;1;520;0%;520;Pix
9827;2026-02-08;438;38;16;1;390;0%;390;Cartão de Crédito
9828;2026-03-04;1636;12;3;1;180;0%;180;Cartão de Crédito
9829;2026-03-27;2108;43;2;1;65;0%;65;Pix
9830;2026-07-19;1383;13;14;1;2900;0%;2900;Cartão de Crédito
9831;2026-01-19;352;21;17;1;1600;0%;1600;Pix
9832;2026-03-02;1106;36;4;2;550;0%;1100;Cartão de Crédito
9833;2025-12-19;895;40;7;4;600;0%;2400;Pix
9834;2026-04-22;1606;28;12;1;420;5%;399;Pix
9835;2025-09-18;576;6;17;1;220;0%;220;Pix
9836;2026-03-05;2447;22;3;1;850;0%;850;Cartão de Crédito
9837;2026-02-27;1766;31;11;1;120;0%;120;Cartão de Crédito
9838;2026-06-21;478;31;15;2;120;5%;228;Pix
9839;2026-08-09;406;33;12;1;1200;0%;1200;Pix
9840;2026-05-12;2248;12;6;1;180;0%;180;Cartão de Crédito
9841;2026-06-28;244;45;11;1;180;0%;180;Cartão de Crédito
9842;2025-12-11;1246;20;6;1;190;5%;180,5;Pix
9843;2025-12-08;351;34;4;2;890;5%;1691;Cartão de Crédito
9844;2026-08-07;421;12;10;1;180;0%;180;Pix
9845;2025-12-02;2337;21;9;1;1600;0%;1600;Cartão de Crédito
9846;2026-05-27;463;31;10;1;120;0%;120;Cartão de Débito
9847;2025-11-07;1165;16;1;2;520;0%;1040;Pix
9848;2025-10-25;887;15;17;2;750;0%;1500;Pix
9849;2026-03-16;1626;40;7;1;600;0%;600;Cartão de Crédito
9850;2026-07-06;496;26;10;1;2200;0%;2200;Pix
9851;2025-12-07;1689;21;11;1;1600;0%;1600;Cartão de Débito
9852;2025-11-29;24;1;4;1;4500;0%;4500;Cartão de Crédito
9853;2025-12-04;126;21;4;1;1600;0%;1600;Boleto
9854;2026-04-30;1237;9;2;1;150;0%;150;Cartão de Crédito
9855;2025-11-28;212;1;17;1;4500;0%;4500;Cartão de Crédito
9856;2026-08-09;1240;1;10;1;4500;5%;4275;Cartão de Crédito
9857;2026-04-23;2062;6;17;1;220;0%;220;Pix
9858;2026-06-05;1602;1;13;1;4500;0%;4500;Cartão de Crédito
9859;2026-03-17;1218;9;18;1;150;0%;150;Cartão de Crédito
9860;2025-10-19;2222;17;5;4;650;0%;2600;Pix
9861;2026-05-07;765;21;4;2;1600;0%;3200;Cartão de Crédito
9862;2026-01-16;1580;32;15;1;480;5%;456;Cartão de Crédito
9863;2026-08-20;1340;24;4;1;380;0%;380;Cartão de Débito
9864;2026-04-13;1279;23;9;1;400;0%;400;Cartão de Crédito
9865;2026-09-02;2363;8;4;1;110;0%;110;Boleto
9866;2026-02-19;784;8;5;1;110;0%;110;Pix
9867;2025-11-09;2293;44;1;1;55;0%;55;Boleto
9868;2025-10-30;403;29;7;1;380;0%;380;Pix
9869;2025-10-13;2120;19;11;1;490;0%;490;Cartão de Crédito
9870;2025-11-21;892;2;4;1;80;0%;80;Cartão de Débito
9871;2026-03-14;1650;15;18;2;750;0%;1500;Cartão de Crédito
9872;2025-12-08;966;43;10;1;65;0%;65;Boleto
9873;2025-12-14;2225;21;9;2;1600;5%;3040;Cartão de Crédito
9874;2025-09-18;514;34;5;1;890;0%;890;Cartão de Crédito
9875;2026-01-18;1617;28;6;1;420;0%;420;Boleto
9876;2026-04-01;1953;22;3;1;850;0%;850;Pix
9877;2026-07-31;995;33;6;1;1200;0%;1200;Pix
9878;2025-09-17;572;2;11;1;80;0%;80;Cartão de Crédito
9879;2026-01-16;1037;16;6;2;520;0%;1040;Cartão de Crédito
9880;2026-01-13;2200;36;14;1;550;5%;522,5;Cartão de Débito
9881;2026-04-25;162;25;15;2;310;5%;589;Pix
9882;2026-05-12;1577;1;1;4;4500;5%;17100;Pix
9883;2026-02-18;552;7;7;1;320;5%;304;Pix
9884;2026-08-11;2417;4;18;5;1400;0%;7000;Cartão de Crédito
9885;2026-05-22;1748;22;13;1;850;0%;850;Cartão de Crédito
9886;2026-05-10;1239;1;2;1;4500;5%;4275;Cartão de Crédito
9887;2026-06-15;2045;15;16;1;750;5%;712,5;Cartão de Crédito
9888;2025-11-19;308;24;2;1;380;10%;342;Pix
9889;2026-04-29;1385;17;6;1;650;10%;585;Pix
9890;2026-02-08;213;12;1;1;180;10%;162;Pix
9891;2026-01-13;896;7;2;2;320;0%;640;Cartão de Crédito
9892;2026-03-20;300;36;1;1;550;0%;550;Cartão de Crédito
9893;2026-08-30;2451;6;16;3;220;0%;660;Pix
9894;2025-11-25;1162;32;15;3;480;0%;1440;Cartão de Crédito
9895;2025-11-21;1412;40;9;1;600;0%;600;Pix
9896;2025-12-14;1771;6;12;1;220;0%;220;Cartão de Crédito
9897;2026-02-07;266;35;14;5;250;0%;1250;Pix
9898;2026-08-19;2179;31;7;1;120;5%;114;Cartão de Crédito
9899;2026-07-12;729;22;16;1;850;10%;765;Pix
9900;2026-04-22;959;33;18;3;1200;0%;3600;Boleto
9901;2026-02-22;759;12;8;1;180;0%;180;Cartão de Crédito
9902;2026-06-23;424;21;18;1;1600;0%;1600;Cartão de Débito
9903;2025-12-07;2095;17;7;4;650;0%;2600;Pix
9904;2026-03-26;786;6;6;1;220;0%;220;Pix
9905;2026-05-05;2250;32;14;1;480;0%;480;Cartão de Crédito
9906;2026-06-03;88;7;16;2;320;0%;640;Boleto
9907;2025-10-02;1124;8;6;3;110;5%;313,5;Cartão de Crédito
9908;2026-08-11;952;2;12;1;80;0%;80;Cartão de Crédito
9909;2026-05-03;947;8;3;3;110;0%;330;Pix
9910;2026-06-05;2467;24;12;1;380;0%;380;Cartão de Crédito
9911;2026-07-05;964;1;3;2;4500;0%;9000;Cartão de Crédito
9912;2025-10-23;1747;24;6;1;380;0%;380;Pix
9913;2026-08-23;332;12;7;1;180;5%;171;Cartão de Débito
9914;2026-02-22;1022;3;10;1;250;0%;250;Cartão de Crédito
9915;2026-09-09;1916;6;2;1;220;0%;220;Cartão de Crédito
9916;2026-03-08;29;6;16;4;220;0%;880;Boleto
9917;2026-08-13;14;39;16;1;290;0%;290;Cartão de Débito
9918;2026-05-15;1536;6;1;4;220;5%;836;Cartão de Crédito
9919;2026-06-24;2260;3;10;1;250;0%;250;Pix
9920;2026-06-28;1158;30;13;1;160;0%;160;Cartão de Débito
9921;2025-12-22;1420;2;15;1;80;0%;80;Boleto
9922;2026-03-24;2067;16;14;2;520;0%;1040;Cartão de Crédito
9923;2026-09-07;1699;16;5;1;520;0%;520;Pix
9924;2025-10-18;974;25;18;2;310;0%;620;Pix
9925;2025-09-17;1333;4;12;1;1400;0%;1400;Pix
9926;2025-10-19;1054;5;18;2;950;5%;1805;Cartão de Crédito
9927;2026-02-02;1471;11;9;3;3800;0%;11400;Cartão de Crédito
9928;2025-12-08;668;16;12;1;520;5%;494;Cartão de Crédito
9929;2026-07-07;1364;36;11;1;550;0%;550;Cartão de Crédito
9930;2025-11-02;804;6;7;5;220;0%;1100;Pix
9931;2026-09-09;142;25;11;1;310;0%;310;Cartão de Crédito
9932;2026-07-22;276;42;12;1;35;5%;33,25;Cartão de Crédito
9933;2026-02-09;395;12;14;1;180;0%;180;Boleto
9934;2025-12-27;1452;28;4;4;420;0%;1680;Cartão de Crédito
9935;2026-09-07;408;21;1;1;1600;0%;1600;Boleto
9936;2026-07-14;1683;2;16;1;80;0%;80;Cartão de Débito
9937;2026-02-17;1404;1;4;2;4500;5%;8550;Cartão de Crédito
9938;2026-08-22;944;11;14;1;3800;0%;3800;Pix
9939;2026-01-07;1647;20;12;2;190;0%;380;Cartão de Crédito
9940;2026-07-18;41;23;11;2;400;0%;800;Cartão de Crédito
9941;2025-09-27;1032;10;3;1;50;0%;50;Cartão de Crédito
9942;2026-05-21;973;9;16;2;150;5%;285;Pix
9943;2025-11-23;577;23;8;1;400;0%;400;Pix
9944;2026-01-23;551;13;14;1;2900;0%;2900;Cartão de Crédito
9945;2026-09-06;1995;10;17;1;50;0%;50;Boleto
9946;2026-05-08;162;11;7;1;3800;0%;3800;Cartão de Crédito
9947;2026-08-25;707;8;7;1;110;0%;110;Pix
9948;2026-08-02;2233;22;4;1;850;0%;850;Cartão de Crédito
9949;2025-11-22;2114;6;3;1;220;0%;220;Cartão de Crédito
9950;2026-04-25;259;26;17;1;2200;5%;2090;Pix
9951;2026-07-27;2336;21;8;2;1600;10%;2880;Cartão de Crédito
9952;2026-03-11;1259;4;15;1;1400;0%;1400;Cartão de Crédito
9953;2026-08-27;1312;16;5;1;520;10%;468;Cartão de Débito
9954;2025-11-12;290;13;6;2;2900;5%;5510;Boleto
9955;2026-04-25;1300;22;14;3;850;0%;2550;Cartão de Crédito
9956;2026-01-15;2040;2;7;3;80;0%;240;Cartão de Crédito
9957;2025-10-18;360;37;10;1;140;0%;140;Cartão de Crédito
9958;2026-07-19;844;10;8;5;50;5%;237,5;Cartão de Crédito
9959;2025-11-04;67;8;18;2;110;0%;220;Cartão de Crédito
9960;2026-05-27;1650;2;6;4;80;0%;320;Boleto
9961;2026-01-13;221;21;14;1;1600;0%;1600;Cartão de Crédito
9962;2026-03-02;2382;40;9;1;600;0%;600;Cartão de Crédito
9963;2026-08-22;108;8;1;2;110;0%;220;Cartão de Crédito
9964;2026-01-10;2182;9;4;2;150;0%;300;Boleto
9965;2026-05-30;77;13;8;1;2900;0%;2900;Pix
9966;2026-09-07;1711;8;10;1;110;0%;110;Cartão de Crédito
9967;2026-06-19;1525;5;3;3;950;5%;2707,5;Cartão de Crédito
9968;2026-08-24;154;13;2;1;2900;0%;2900;Cartão de Crédito
9969;2025-11-17;278;34;17;1;890;0%;890;Cartão de Débito
9970;2025-11-29;1248;23;3;1;400;5%;380;Cartão de Débito
9971;2026-09-08;1036;25;1;1;310;0%;310;Cartão de Crédito
9972;2026-06-17;358;11;15;2;3800;0%;7600;Cartão de Crédito
9973;2025-10-05;552;4;17;1;1400;5%;1330;Cartão de Crédito
9974;2026-01-24;1732;29;3;2;380;0%;760;Pix
9975;2026-04-17;2254;15;16;2;750;0%;1500;Cartão de Débito
9976;2026-06-11;1826;23;7;4;400;0%;1600;Cartão de Crédito
9977;2025-12-15;264;28;10;1;420;0%;420;Pix
9978;2026-06-29;2485;1;16;2;4500;0%;9000;Cartão de Crédito
9979;2025-09-17;859;4;5;2;1400;0%;2800;Cartão de Crédito
9980;2025-09-22;1148;21;7;3;1600;0%;4800;Pix
9981;2026-08-07;1276;22;16;1;850;0%;850;Cartão de Crédito
9982;2026-01-20;873;4;7;1;1400;0%;1400;Cartão de Crédito
9983;2026-02-16;1252;11;5;1;3800;0%;3800;Cartão de Débito
9984;2025-11-04;178;3;14;3;250;5%;712,5;Cartão de Crédito
9985;2026-03-15;272;5;2;2;950;0%;1900;Boleto
9986;2025-09-22;1206;15;13;3;750;5%;2137,5;Pix
9987;2025-09-12;269;11;1;1;3800;0%;3800;Pix
9988;2026-07-31;1198;18;4;5;280;0%;1400;Pix
9989;2025-12-23;500;11;8;1;3800;0%;3800;Pix
9990;2026-03-03;1501;8;11;2;110;0%;220;Pix
9991;2026-05-03;2340;17;10;1;650;0%;650;Pix
9992;2025-11-19;194;8;16;2;110;5%;209;Cartão de Crédito
9993;2025-11-26;524;15;8;1;750;5%;712,5;Cartão de Crédito
9994;2026-07-14;1464;23;14;1;400;0%;400;Cartão de Crédito
9995;2026-09-01;1902;32;5;1;480;10%;432;Cartão de Crédito
9996;2026-08-14;349;4;16;1;1400;0%;1400;Cartão de Crédito
9997;2026-03-24;315;29;17;1;380;0%;380;Cartão de Crédito
9998;2026-07-16;2291;44;18;4;55;0%;220;Pix
9999;2026-05-24;2269;15;15;1;750;5%;712,5;Pix
10000;2026-05-21;1735;9;16;2;150;0%;300;Cartão de Crédito
10001;2026-04-24;1520;3;3;1;250;0%;250;Cartão de Crédito
10002;2026-01-01;2049;8;16;1;110;0%;110;Cartão de Crédito
10003;2026-05-07;314;10;5;1;50;5%;47,5;Pix
10004;2025-12-30;2485;38;18;2;390;0%;780;Cartão de Crédito
10005;2025-10-25;2184;11;8;1;3800;0%;3800;Boleto
10006;2026-07-23;1870;45;6;1;180;0%;180;Pix
10007;2025-10-03;1138;17;17;1;650;0%;650;Cartão de Crédito
10008;2026-05-13;921;12;2;2;180;0%;360;Boleto
10009;2026-01-30;1480;20;4;1;190;0%;190;Cartão de Crédito
10010;2026-07-09;1036;40;11;2;600;0%;1200;Cartão de Crédito
10011;2026-03-05;2054;26;14;1;2200;0%;2200;Cartão de Crédito
10012;2026-05-31;347;40;15;1;600;0%;600;Pix
10013;2026-01-04;1150;10;4;2;50;0%;100;Cartão de Crédito
10014;2026-06-14;2276;2;1;4;80;0%;320;Pix
10015;2026-05-25;2371;4;13;2;1400;0%;2800;Cartão de Crédito
10016;2026-02-18;165;29;8;1;380;0%;380;Pix
10017;2026-07-29;439;37;12;2;140;0%;280;Cartão de Crédito
10018;2026-05-18;1307;42;17;1;35;5%;33,25;Cartão de Crédito
10019;2026-02-28;790;32;4;3;480;5%;1368;Pix
10020;2026-06-15;1333;36;8;2;550;0%;1100;Cartão de Débito
10021;2026-08-16;1603;14;5;1;350;0%;350;Pix
10022;2025-09-28;1482;13;9;3;2900;0%;8700;Cartão de Crédito
10023;2026-02-15;2462;26;7;1;2200;0%;2200;Cartão de Crédito
10024;2026-01-10;2391;29;6;1;380;0%;380;Pix
10025;2026-04-29;333;2;11;1;80;5%;76;Cartão de Crédito
10026;2026-01-18;128;27;14;1;350;0%;350;Pix
10027;2026-01-06;2116;20;11;2;190;0%;380;Cartão de Crédito
10028;2026-04-15;1869;42;1;3;35;0%;105;Cartão de Crédito
10029;2025-11-22;224;24;15;1;380;0%;380;Pix
10030;2026-08-03;306;42;12;3;35;0%;105;Cartão de Débito
10031;2025-12-21;1879;3;18;2;250;0%;500;Pix
10032;2026-08-14;1144;5;6;4;950;0%;3800;Cartão de Crédito
10033;2025-10-10;1419;42;12;4;35;0%;140;Cartão de Crédito
10034;2026-08-27;1427;27;11;3;350;10%;945;Boleto
10035;2026-01-02;1310;28;9;1;420;0%;420;Boleto
10036;2026-02-03;148;41;15;1;45;10%;40,5;Cartão de Crédito
10037;2026-06-03;2431;16;14;1;520;5%;494;Boleto
10038;2026-05-03;1917;21;17;4;1600;0%;6400;Cartão de Crédito
10039;2026-06-08;2204;24;6;1;380;5%;361;Cartão de Crédito
10040;2026-08-07;555;13;4;3;2900;0%;8700;Pix
10041;2025-09-28;159;38;15;1;390;0%;390;Cartão de Crédito
10042;2025-11-22;38;45;9;2;180;0%;360;Cartão de Crédito
10043;2025-09-23;1272;2;16;1;80;0%;80;Boleto
10044;2025-10-16;512;16;6;1;520;0%;520;Boleto
10045;2026-02-10;1649;14;4;1;350;0%;350;Cartão de Crédito
10046;2026-08-30;1817;20;12;1;190;0%;190;Cartão de Crédito
10047;2026-08-20;2015;42;18;1;35;0%;35;Boleto
10048;2026-09-01;64;31;9;1;120;0%;120;Cartão de Crédito
10049;2025-10-30;95;28;10;2;420;10%;756;Pix
10050;2026-06-21;1752;10;14;1;50;0%;50;Cartão de Crédito
10051;2026-05-17;336;18;17;2;280;5%;532;Pix
10052;2026-04-14;1054;3;9;1;250;0%;250;Boleto
10053;2025-11-27;1776;14;5;5;350;5%;1662,5;Pix
10054;2026-02-08;1232;8;16;4;110;0%;440;Cartão de Crédito
10055;2025-10-12;1060;9;18;1;150;0%;150;Pix
10056;2026-04-12;1926;27;3;1;350;0%;350;Boleto
10057;2025-11-09;65;2;4;1;80;0%;80;Cartão de Crédito
10058;2026-05-27;1898;2;15;1;80;0%;80;Cartão de Crédito
10059;2025-09-19;946;41;8;1;45;10%;40,5;Pix
10060;2025-12-01;1337;37;15;1;140;5%;133;Boleto
10061;2025-10-06;1169;3;10;1;250;0%;250;Boleto
10062;2026-01-04;120;14;15;3;350;0%;1050;Pix
10063;2026-01-15;552;27;10;2;350;0%;700;Cartão de Crédito
10064;2026-03-23;1734;26;17;1;2200;5%;2090;Cartão de Crédito
10065;2026-06-28;1978;24;9;1;380;0%;380;Pix
10066;2026-07-16;246;29;7;1;380;5%;361;Cartão de Crédito
10067;2026-08-05;234;4;9;1;1400;5%;1330;Boleto
10068;2026-01-06;2103;5;4;1;950;0%;950;Pix
10069;2026-05-07;1812;24;17;1;380;0%;380;Pix
10070;2026-07-11;2349;12;5;3;180;5%;513;Cartão de Crédito
10071;2026-01-23;1655;13;6;1;2900;0%;2900;Cartão de Crédito
10072;2026-02-04;1914;10;1;1;50;5%;47,5;Pix
10073;2026-02-03;2161;40;4;1;600;0%;600;Cartão de Crédito
10074;2025-11-04;785;23;2;1;400;0%;400;Cartão de Crédito
10075;2025-10-29;2096;29;14;1;380;0%;380;Cartão de Crédito
10076;2026-02-06;1004;24;5;1;380;0%;380;Pix
10077;2026-01-16;343;37;9;1;140;0%;140;Pix
10078;2026-03-13;1553;43;12;3;65;0%;195;Cartão de Débito
10079;2025-10-31;2090;10;4;1;50;0%;50;Pix
10080;2025-12-06;1900;14;12;1;350;5%;332,5;Cartão de Crédito
10081;2026-07-13;331;1;16;1;4500;10%;4050;Boleto
10082;2025-10-11;89;32;8;1;480;5%;456;Cartão de Débito
10083;2026-01-28;992;19;15;1;490;0%;490;Cartão de Débito
10084;2026-01-28;811;30;5;5;160;0%;800;Cartão de Crédito
10085;2026-03-12;1562;9;16;1;150;0%;150;Cartão de Crédito
10086;2026-02-10;117;14;11;5;350;5%;1662,5;Pix
10087;2025-12-28;1557;7;5;1;320;10%;288;Pix
10088;2026-02-20;375;2;5;1;80;0%;80;Cartão de Crédito
10089;2025-12-26;506;27;3;1;350;0%;350;Cartão de Crédito
10090;2026-03-03;1057;24;4;3;380;5%;1083;Cartão de Crédito
10091;2026-08-04;273;3;4;1;250;0%;250;Cartão de Débito
10092;2026-07-12;111;28;5;4;420;0%;1680;Pix
10093;2025-09-26;1554;1;1;1;4500;0%;4500;Pix
10094;2026-05-20;420;6;8;1;220;0%;220;Pix
10095;2026-04-05;2389;26;7;1;2200;0%;2200;Cartão de Crédito
10096;2025-10-09;136;17;12;2;650;0%;1300;Boleto
10097;2025-11-16;724;34;3;1;890;0%;890;Cartão de Crédito
10098;2026-08-23;1267;9;9;1;150;0%;150;Cartão de Crédito
10099;2025-12-04;1737;27;15;1;350;5%;332,5;Boleto
10100;2026-08-12;1001;23;12;1;400;0%;400;Pix
10101;2025-12-23;2296;2;9;3;80;10%;216;Boleto
10102;2026-08-20;558;25;11;2;310;0%;620;Cartão de Débito
10103;2026-04-17;492;11;4;2;3800;0%;7600;Cartão de Crédito
10104;2026-04-09;446;37;11;4;140;0%;560;Pix
10105;2026-08-20;2339;8;10;3;110;0%;330;Cartão de Crédito
10106;2026-01-28;581;12;14;2;180;0%;360;Cartão de Crédito
10107;2026-09-06;350;4;18;1;1400;0%;1400;Cartão de Crédito
10108;2026-01-30;1350;24;11;1;380;0%;380;Pix
10109;2025-12-28;1797;5;11;1;950;0%;950;Pix
10110;2026-06-13;632;5;13;1;950;10%;855;Pix
10111;2026-06-10;522;22;12;1;850;5%;807,5;Boleto
10112;2025-10-12;2187;16;4;1;520;0%;520;Cartão de Crédito
10113;2026-01-28;2378;14;10;3;350;0%;1050;Boleto
10114;2025-09-28;750;2;7;1;80;0%;80;Cartão de Crédito
10115;2025-11-19;799;2;12;2;80;0%;160;Cartão de Crédito
10116;2026-06-23;1518;7;8;2;320;0%;640;Boleto
10117;2026-03-09;2094;26;2;3;2200;0%;6600;Pix
10118;2026-09-02;845;35;11;2;250;5%;475;Cartão de Débito
10119;2026-08-08;703;5;17;2;950;0%;1900;Boleto
10120;2026-06-04;124;38;11;3;390;0%;1170;Pix
10121;2025-09-26;2031;20;11;1;190;0%;190;Cartão de Débito
10122;2025-10-05;2037;30;17;3;160;0%;480;Cartão de Crédito
10123;2025-10-27;2400;1;15;2;4500;0%;9000;Boleto
10124;2025-12-29;1478;2;9;1;80;0%;80;Cartão de Débito
10125;2026-02-09;539;43;12;2;65;0%;130;Cartão de Crédito
10126;2025-12-13;1149;14;16;3;350;0%;1050;Cartão de Crédito
10127;2026-05-22;2002;38;16;2;390;0%;780;Cartão de Crédito
10128;2026-01-19;1169;2;9;3;80;0%;240;Cartão de Crédito
10129;2026-06-28;1600;15;9;1;750;0%;750;Pix
10130;2026-07-09;1005;16;2;3;520;5%;1482;Pix
10131;2026-02-15;1750;20;10;1;190;0%;190;Cartão de Crédito
10132;2025-10-09;200;45;14;1;180;0%;180;Cartão de Crédito
10133;2025-09-16;1584;7;18;1;320;0%;320;Cartão de Crédito
10134;2026-05-31;556;12;13;1;180;0%;180;Cartão de Crédito
10135;2026-02-11;2238;1;14;1;4500;0%;4500;Cartão de Crédito
10136;2025-11-15;1874;15;12;1;750;0%;750;Boleto
10137;2026-03-17;852;3;16;1;250;0%;250;Cartão de Débito
10138;2026-05-06;2432;8;8;4;110;0%;440;Cartão de Crédito
10139;2026-06-26;1441;13;10;1;2900;0%;2900;Cartão de Crédito
10140;2026-08-12;1556;19;1;1;490;5%;465,5;Cartão de Crédito
10141;2026-07-07;413;14;5;2;350;0%;700;Boleto
10142;2025-11-13;91;20;9;1;190;0%;190;Cartão de Crédito
10143;2025-09-24;1917;14;6;1;350;0%;350;Pix
10144;2026-03-15;1038;7;12;1;320;0%;320;Cartão de Crédito
10145;2025-12-22;2471;41;14;1;45;0%;45;Cartão de Crédito
10146;2025-10-04;380;15;14;1;750;0%;750;Cartão de Crédito
10147;2025-10-12;2350;3;8;1;250;0%;250;Cartão de Crédito
10148;2025-11-23;1036;27;15;2;350;0%;700;Cartão de Crédito
10149;2025-09-27;1804;20;5;1;190;5%;180,5;Cartão de Crédito
10150;2026-04-03;558;12;12;1;180;0%;180;Pix
10151;2026-08-20;427;10;16;1;50;0%;50;Cartão de Crédito
10152;2026-02-10;825;8;4;1;110;0%;110;Cartão de Crédito
10153;2026-08-29;1615;1;2;1;4500;0%;4500;Cartão de Crédito
10154;2026-01-01;540;7;12;1;320;0%;320;Cartão de Crédito
10155;2025-10-12;947;26;10;1;2200;0%;2200;Cartão de Crédito
10156;2026-01-16;2448;7;17;1;320;0%;320;Cartão de Crédito
10157;2026-06-10;1060;36;9;1;550;0%;550;Cartão de Débito
10158;2025-11-30;1884;32;18;2;480;5%;912;Cartão de Crédito
10159;2026-07-02;1465;4;5;1;1400;0%;1400;Cartão de Crédito
10160;2026-08-29;995;8;14;2;110;0%;220;Pix
10161;2025-10-28;2046;12;9;1;180;0%;180;Boleto
10162;2026-06-30;1697;23;9;1;400;0%;400;Cartão de Débito
10163;2026-03-03;1255;25;12;1;310;10%;279;Pix
10164;2026-09-11;1451;4;15;1;1400;0%;1400;Boleto
10165;2026-05-29;476;38;6;1;390;0%;390;Cartão de Crédito
10166;2026-04-29;791;5;4;1;950;0%;950;Cartão de Crédito
10167;2026-05-22;1180;38;5;1;390;0%;390;Pix
10168;2026-04-24;437;27;17;1;350;0%;350;Cartão de Crédito
10169;2026-01-07;544;36;5;3;550;0%;1650;Cartão de Débito
10170;2026-08-27;1147;32;1;1;480;0%;480;Cartão de Crédito
10171;2025-12-03;874;5;7;5;950;0%;4750;Cartão de Crédito
10172;2026-04-01;530;9;16;1;150;0%;150;Cartão de Débito
10173;2026-03-29;420;29;15;1;380;0%;380;Cartão de Crédito
10174;2026-04-09;1109;35;1;1;250;0%;250;Cartão de Crédito
10175;2026-08-19;1134;37;2;1;140;0%;140;Cartão de Crédito
10176;2026-02-01;1596;19;11;3;490;5%;1396,5;Cartão de Débito
10177;2026-08-17;1502;20;4;1;190;0%;190;Cartão de Débito
10178;2025-10-23;670;29;18;1;380;0%;380;Cartão de Crédito
10179;2026-03-24;948;19;17;1;490;0%;490;Cartão de Crédito
10180;2025-10-22;503;8;1;1;110;0%;110;Cartão de Crédito
10181;2026-03-10;27;18;5;1;280;0%;280;Pix
10182;2026-09-09;538;3;18;4;250;5%;950;Pix
10183;2026-07-17;664;17;2;1;650;0%;650;Cartão de Crédito
10184;2026-05-14;1196;2;11;1;80;0%;80;Pix
10185;2026-07-09;1461;7;6;1;320;0%;320;Cartão de Crédito
10186;2026-06-08;553;5;15;1;950;0%;950;Cartão de Crédito
10187;2026-04-15;2009;45;16;1;180;10%;162;Cartão de Crédito
10188;2026-01-29;748;16;7;1;520;0%;520;Pix
10189;2026-07-28;861;10;11;1;50;5%;47,5;Boleto
10190;2026-09-04;1086;7;7;5;320;5%;1520;Pix
10191;2026-01-07;1872;36;7;1;550;5%;522,5;Pix
10192;2025-11-19;1805;16;17;1;520;0%;520;Boleto
10193;2025-12-31;2491;12;14;2;180;0%;360;Cartão de Crédito
10194;2026-07-05;767;3;3;3;250;0%;750;Boleto
10195;2026-03-07;491;30;2;1;160;5%;152;Cartão de Crédito
10196;2025-09-18;566;25;13;1;310;0%;310;Pix
10197;2025-09-12;2006;5;15;1;950;0%;950;Cartão de Crédito
10198;2025-12-05;278;17;9;1;650;0%;650;Cartão de Crédito
10199;2025-12-20;1030;12;17;2;180;5%;342;Cartão de Crédito
10200;2026-03-28;2332;28;13;1;420;0%;420;Cartão de Crédito
10201;2026-03-06;888;5;16;1;950;0%;950;Cartão de Crédito
10202;2025-10-16;1480;36;12;1;550;0%;550;Cartão de Crédito
10203;2026-05-13;1019;15;4;3;750;0%;2250;Pix
10204;2025-09-25;1459;8;6;1;110;0%;110;Cartão de Crédito
10205;2025-09-14;2296;30;18;1;160;0%;160;Cartão de Crédito
10206;2025-12-20;269;31;18;1;120;0%;120;Cartão de Crédito
10207;2026-05-02;910;2;1;2;80;0%;160;Pix
10208;2026-08-18;2328;6;12;1;220;0%;220;Cartão de Crédito
10209;2025-10-08;1951;10;7;5;50;0%;250;Boleto
10210;2026-01-09;1914;15;15;1;750;0%;750;Pix
10211;2026-01-06;432;1;5;1;4500;5%;4275;Cartão de Crédito
10212;2026-07-22;1952;6;7;1;220;0%;220;Pix
10213;2026-01-30;351;23;10;2;400;0%;800;Cartão de Crédito
10214;2026-06-03;1393;10;2;1;50;0%;50;Boleto
10215;2025-12-02;1860;11;12;2;3800;0%;7600;Pix
10216;2026-07-19;110;12;17;1;180;0%;180;Cartão de Crédito
10217;2025-11-27;1688;40;18;1;600;0%;600;Boleto
10218;2025-09-21;2;6;2;1;220;5%;209;Cartão de Crédito
10219;2026-05-11;618;2;6;3;80;5%;228;Cartão de Crédito
10220;2025-09-26;2297;24;16;1;380;0%;380;Cartão de Crédito
10221;2025-10-25;642;25;4;5;310;0%;1550;Cartão de Crédito
10222;2026-06-06;2394;7;9;1;320;0%;320;Pix
10223;2026-03-08;738;14;8;2;350;0%;700;Cartão de Débito
10224;2026-07-14;1325;9;14;1;150;0%;150;Pix
10225;2025-10-01;539;42;8;5;35;5%;166,25;Cartão de Crédito
10226;2025-12-28;309;20;11;1;190;0%;190;Cartão de Crédito
10227;2026-07-26;2114;6;15;1;220;0%;220;Cartão de Crédito
10228;2026-03-10;471;32;15;1;480;0%;480;Cartão de Débito
10229;2026-03-15;1825;9;1;1;150;0%;150;Pix
10230;2025-12-22;686;6;7;2;220;5%;418;Pix
10231;2025-09-19;2257;23;17;1;400;0%;400;Cartão de Crédito
10232;2026-06-14;233;29;14;1;380;0%;380;Cartão de Crédito
10233;2025-09-13;2479;8;10;3;110;0%;330;Cartão de Crédito
10234;2025-10-16;1905;17;11;3;650;0%;1950;Cartão de Débito
10235;2025-09-18;694;6;9;2;220;0%;440;Pix
10236;2025-11-13;906;10;1;1;50;0%;50;Cartão de Crédito
10237;2025-10-06;1818;25;17;1;310;5%;294,5;Cartão de Crédito
10238;2026-07-29;2238;21;14;1;1600;0%;1600;Cartão de Débito
10239;2026-05-22;1432;22;17;2;850;10%;1530;Cartão de Crédito
10240;2026-09-05;1985;19;11;1;490;0%;490;Cartão de Crédito
10241;2026-03-05;2217;24;11;1;380;5%;361;Cartão de Crédito
10242;2025-09-14;2408;9;11;1;150;0%;150;Pix
10243;2026-07-03;398;2;10;3;80;0%;240;Cartão de Crédito
10244;2026-03-02;177;34;10;1;890;5%;845,5;Cartão de Crédito
10245;2026-07-25;1793;9;6;2;150;0%;300;Boleto
10246;2026-01-17;1601;1;14;1;4500;0%;4500;Cartão de Crédito
10247;2026-07-27;1194;31;13;1;120;0%;120;Cartão de Crédito
10248;2025-11-16;1825;17;6;1;650;0%;650;Boleto
10249;2026-05-26;1759;14;11;4;350;10%;1260;Cartão de Crédito
10250;2025-11-04;2213;29;4;1;380;0%;380;Cartão de Crédito
10251;2026-02-06;551;30;2;3;160;0%;480;Pix
10252;2026-02-16;926;37;18;2;140;0%;280;Pix
10253;2026-01-28;1327;25;2;2;310;0%;620;Pix
10254;2026-08-27;1062;45;13;1;180;0%;180;Cartão de Crédito
10255;2025-11-25;435;7;16;2;320;0%;640;Cartão de Crédito
10256;2026-03-28;1069;40;7;1;600;0%;600;Cartão de Crédito
10257;2026-02-10;2478;10;7;4;50;0%;200;Cartão de Crédito
10258;2026-07-02;1174;2;4;5;80;0%;400;Cartão de Crédito
10259;2026-04-17;1547;39;15;1;290;0%;290;Pix
10260;2026-01-21;138;28;15;1;420;5%;399;Cartão de Crédito
10261;2026-06-23;2293;43;14;1;65;5%;61,75;Cartão de Crédito
10262;2026-06-27;2093;29;12;2;380;0%;760;Pix
10263;2026-06-11;1289;40;15;5;600;5%;2850;Cartão de Crédito
10264;2026-01-28;309;21;3;5;1600;0%;8000;Pix
10265;2025-10-09;1620;4;14;2;1400;5%;2660;Cartão de Débito
10266;2026-05-04;620;37;14;1;140;5%;133;Cartão de Crédito
10267;2026-02-07;376;12;17;1;180;0%;180;Pix
10268;2026-04-29;968;41;15;1;45;10%;40,5;Cartão de Crédito
10269;2026-06-14;1299;19;7;1;490;0%;490;Cartão de Crédito
10270;2026-05-02;1937;2;2;1;80;0%;80;Boleto
10271;2025-10-19;656;3;9;1;250;0%;250;Cartão de Crédito
10272;2026-07-03;872;22;4;1;850;0%;850;Cartão de Crédito
10273;2026-04-20;1090;14;12;1;350;0%;350;Pix
10274;2026-08-24;2448;14;17;1;350;0%;350;Cartão de Débito
10275;2025-11-26;1060;16;8;3;520;0%;1560;Pix
10276;2026-04-24;2239;33;1;2;1200;0%;2400;Cartão de Crédito
10277;2026-01-28;1804;9;1;1;150;10%;135;Cartão de Crédito
10278;2026-02-08;161;37;16;1;140;0%;140;Cartão de Crédito
10279;2026-07-30;2414;20;7;1;190;0%;190;Cartão de Crédito
10280;2026-03-30;1412;20;3;1;190;0%;190;Boleto
10281;2026-05-30;1832;15;12;1;750;0%;750;Cartão de Crédito
10282;2026-04-01;2376;30;6;1;160;0%;160;Pix
10283;2026-04-21;2415;32;5;1;480;10%;432;Cartão de Crédito
10284;2025-10-07;904;15;6;1;750;5%;712,5;Cartão de Crédito
10285;2026-05-10;854;23;11;2;400;0%;800;Cartão de Crédito
10286;2026-05-24;483;30;5;1;160;0%;160;Pix
10287;2026-03-17;1595;8;16;1;110;0%;110;Boleto
10288;2025-12-15;297;30;5;1;160;0%;160;Pix
10289;2026-01-17;20;39;1;1;290;0%;290;Pix
10290;2026-06-21;1399;10;15;1;50;0%;50;Cartão de Crédito
10291;2026-08-15;2073;9;12;2;150;0%;300;Boleto
10292;2026-07-09;472;3;12;1;250;0%;250;Cartão de Crédito
10293;2026-01-09;582;17;10;1;650;0%;650;Cartão de Crédito
10294;2025-12-13;1395;3;13;1;250;0%;250;Cartão de Débito
10295;2026-03-25;81;34;1;1;890;0%;890;Pix
10296;2026-07-06;2211;9;1;1;150;0%;150;Boleto
10297;2026-03-01;2012;17;18;1;650;0%;650;Cartão de Crédito
10298;2025-12-29;1669;27;2;1;350;0%;350;Cartão de Crédito
10299;2026-09-04;842;45;1;1;180;0%;180;Cartão de Crédito
10300;2025-12-24;1101;3;3;1;250;0%;250;Cartão de Crédito
10301;2026-01-15;1662;16;11;2;520;0%;1040;Cartão de Crédito
10302;2026-08-12;775;8;5;3;110;0%;330;Pix
10303;2026-07-10;2112;11;11;1;3800;10%;3420;Cartão de Crédito
10304;2026-04-22;2196;5;9;3;950;0%;2850;Cartão de Crédito
10305;2026-07-24;2467;8;15;1;110;0%;110;Cartão de Débito
10306;2026-04-25;114;1;16;2;4500;0%;9000;Pix
10307;2025-10-04;1746;32;2;1;480;0%;480;Pix
10308;2025-09-24;2043;22;9;1;850;0%;850;Cartão de Crédito
10309;2026-03-24;407;20;9;1;190;0%;190;Pix
10310;2026-01-12;1014;14;15;1;350;0%;350;Pix
10311;2025-09-28;209;28;9;2;420;5%;798;Cartão de Débito
10312;2026-07-11;325;9;16;2;150;0%;300;Cartão de Crédito
10313;2026-02-17;1163;13;7;5;2900;0%;14500;Cartão de Débito
10314;2026-03-29;2294;25;15;1;310;0%;310;Boleto
10315;2025-10-24;1563;32;8;2;480;0%;960;Cartão de Crédito
10316;2026-05-27;1878;32;14;2;480;0%;960;Cartão de Crédito
10317;2025-12-16;325;19;12;1;490;0%;490;Pix
10318;2026-05-14;2007;4;10;1;1400;0%;1400;Pix
10319;2025-09-15;1332;12;9;1;180;5%;171;Boleto
10320;2026-03-22;2055;20;14;2;190;5%;361;Pix
10321;2026-04-19;500;2;17;4;80;0%;320;Cartão de Crédito
10322;2025-11-27;1190;21;18;3;1600;0%;4800;Pix
10323;2026-05-25;1260;39;3;2;290;0%;580;Pix
10324;2026-01-30;698;15;16;1;750;5%;712,5;Pix
10325;2026-05-29;1481;2;8;2;80;0%;160;Cartão de Crédito
10326;2026-07-30;261;18;9;1;280;5%;266;Pix
10327;2025-11-06;2476;5;17;1;950;5%;902,5;Cartão de Crédito
10328;2026-05-26;1926;19;6;2;490;0%;980;Cartão de Crédito
10329;2026-04-14;849;12;9;1;180;0%;180;Pix
10330;2026-08-29;2343;34;6;4;890;0%;3560;Pix
10331;2025-10-24;660;4;5;2;1400;10%;2520;Pix
10332;2025-12-25;897;42;17;3;35;0%;105;Cartão de Crédito
10333;2025-12-02;503;21;11;1;1600;0%;1600;Cartão de Crédito
10334;2026-06-27;98;38;1;1;390;10%;351;Cartão de Crédito
10335;2026-05-06;504;5;7;3;950;5%;2707,5;Cartão de Crédito
10336;2025-11-21;28;25;10;4;310;0%;1240;Cartão de Crédito
10337;2026-01-29;2095;24;9;1;380;5%;361;Pix
10338;2026-03-10;1720;29;15;2;380;10%;684;Pix
10339;2026-05-17;292;30;12;1;160;0%;160;Cartão de Débito
10340;2026-08-19;1090;9;4;1;150;0%;150;Pix
10341;2026-05-07;1556;41;13;1;45;0%;45;Cartão de Crédito
10342;2025-09-15;1216;8;11;1;110;0%;110;Cartão de Crédito
10343;2026-04-13;2245;2;8;1;80;0%;80;Pix
10344;2026-07-04;347;9;4;1;150;0%;150;Pix
10345;2026-04-05;1271;22;12;1;850;10%;765;Cartão de Crédito
10346;2026-04-25;1642;6;16;1;220;0%;220;Cartão de Crédito
10347;2026-08-19;1844;39;13;1;290;0%;290;Cartão de Crédito
10348;2026-03-21;1941;5;14;2;950;0%;1900;Pix
10349;2026-03-28;1642;30;9;1;160;0%;160;Pix
10350;2026-05-16;1615;8;2;2;110;0%;220;Cartão de Crédito
10351;2026-06-26;1446;25;5;2;310;0%;620;Pix
10352;2025-09-16;2049;45;11;2;180;0%;360;Boleto
10353;2026-08-06;573;36;14;1;550;0%;550;Cartão de Crédito
10354;2026-02-18;1350;31;11;2;120;0%;240;Pix
10355;2025-12-15;290;1;16;1;4500;0%;4500;Cartão de Crédito
10356;2026-03-17;255;9;10;1;150;0%;150;Cartão de Débito
10357;2026-07-02;2201;24;17;1;380;5%;361;Cartão de Crédito
10358;2026-05-23;2168;20;5;1;190;0%;190;Pix
10359;2026-07-12;2287;41;17;1;45;0%;45;Pix
10360;2026-05-19;589;12;15;1;180;0%;180;Cartão de Crédito
10361;2026-03-15;1226;3;9;2;250;0%;500;Cartão de Crédito
10362;2025-11-23;683;28;1;1;420;0%;420;Boleto
10363;2026-04-20;316;17;18;1;650;0%;650;Pix
10364;2026-03-16;167;42;14;1;35;10%;31,5;Boleto
10365;2026-07-19;698;12;18;1;180;5%;171;Pix
10366;2026-05-09;951;9;17;2;150;5%;285;Pix
10367;2026-04-21;1129;34;2;1;890;0%;890;Pix
10368;2025-10-13;1557;20;16;1;190;0%;190;Cartão de Crédito
10369;2025-11-22;1251;16;14;1;520;5%;494;Cartão de Crédito
10370;2026-04-21;829;13;2;3;2900;0%;8700;Cartão de Crédito
10371;2026-01-15;665;28;3;1;420;0%;420;Cartão de Débito
10372;2026-01-21;1013;37;2;1;140;0%;140;Pix
10373;2025-12-20;365;12;18;1;180;0%;180;Pix
10374;2026-09-03;778;26;8;1;2200;5%;2090;Cartão de Crédito
10375;2026-01-13;82;11;3;1;3800;5%;3610;Cartão de Crédito
10376;2025-11-06;459;1;17;1;4500;0%;4500;Pix
10377;2026-01-24;88;16;13;1;520;0%;520;Cartão de Crédito
10378;2026-03-12;1031;24;17;1;380;0%;380;Cartão de Crédito
10379;2026-06-11;1325;22;11;2;850;0%;1700;Pix
10380;2026-06-06;2041;7;11;1;320;0%;320;Pix
10381;2026-03-21;547;27;10;3;350;0%;1050;Cartão de Crédito
10382;2026-03-13;629;33;13;2;1200;0%;2400;Cartão de Crédito
10383;2025-11-04;1408;26;3;2;2200;0%;4400;Pix
10384;2026-01-31;790;8;14;1;110;0%;110;Pix
10385;2026-07-20;1874;17;9;2;650;0%;1300;Boleto
10386;2026-03-08;1863;30;17;1;160;0%;160;Cartão de Crédito
10387;2025-12-29;1300;35;3;1;250;0%;250;Cartão de Crédito
10388;2026-05-01;2343;11;18;3;3800;0%;11400;Pix
10389;2025-12-23;2055;11;15;2;3800;0%;7600;Pix
10390;2026-09-11;365;34;8;1;890;0%;890;Pix
10391;2026-02-27;1430;36;13;1;550;0%;550;Pix
10392;2026-04-17;1770;31;8;3;120;0%;360;Pix
10393;2026-08-14;833;31;18;3;120;0%;360;Pix
10394;2026-09-11;2356;16;12;1;520;0%;520;Cartão de Crédito
10395;2026-09-10;2201;5;14;2;950;0%;1900;Cartão de Crédito
10396;2026-08-18;1026;14;3;1;350;5%;332,5;Pix
10397;2026-05-07;2187;6;5;1;220;0%;220;Pix
10398;2026-02-26;1586;7;2;1;320;0%;320;Cartão de Crédito
10399;2026-09-01;503;30;4;1;160;5%;152;Cartão de Crédito
10400;2026-04-21;529;45;9;2;180;0%;360;Pix
10401;2026-04-17;2469;11;10;3;3800;0%;11400;Cartão de Débito
10402;2026-08-02;1928;30;14;1;160;5%;152;Cartão de Crédito
10403;2026-09-07;689;18;7;1;280;0%;280;Cartão de Crédito
10404;2026-04-01;2199;4;10;1;1400;0%;1400;Cartão de Crédito
10405;2025-11-21;1768;35;17;2;250;0%;500;Cartão de Crédito
10406;2026-03-16;479;1;16;5;4500;0%;22500;Cartão de Crédito
10407;2026-07-11;1875;7;7;1;320;0%;320;Cartão de Crédito
10408;2026-04-22;1972;13;2;1;2900;0%;2900;Pix
10409;2025-10-28;17;31;5;1;120;0%;120;Cartão de Crédito
10410;2026-08-13;2026;30;3;1;160;0%;160;Pix
10411;2026-07-19;239;15;11;1;750;0%;750;Boleto
10412;2026-08-24;522;9;1;1;150;0%;150;Cartão de Crédito
10413;2025-12-17;2212;5;15;2;950;0%;1900;Pix
10414;2025-12-02;414;24;5;1;380;0%;380;Cartão de Crédito
10415;2025-11-14;1497;25;3;3;310;0%;930;Boleto
10416;2026-07-01;170;30;9;2;160;0%;320;Cartão de Crédito
10417;2026-03-11;1568;23;6;1;400;0%;400;Boleto
10418;2026-02-15;1109;22;14;1;850;0%;850;Pix
10419;2026-08-30;750;22;5;2;850;0%;1700;Cartão de Crédito
10420;2025-09-30;385;36;13;2;550;0%;1100;Cartão de Crédito
10421;2026-03-03;1741;39;14;1;290;0%;290;Cartão de Crédito
10422;2026-01-01;966;27;7;1;350;5%;332,5;Cartão de Crédito
10423;2026-08-25;1446;20;2;1;190;0%;190;Cartão de Crédito
10424;2026-06-06;638;35;10;3;250;10%;675;Cartão de Crédito
10425;2025-12-17;539;29;13;1;380;0%;380;Cartão de Crédito
10426;2025-11-16;1324;41;8;1;45;0%;45;Cartão de Crédito
10427;2026-08-22;2206;33;3;1;1200;5%;1140;Pix
10428;2026-01-31;60;16;8;1;520;0%;520;Cartão de Débito
10429;2025-10-09;2026;17;11;1;650;0%;650;Cartão de Crédito
10430;2026-02-19;2439;32;17;1;480;0%;480;Cartão de Crédito
10431;2026-02-04;269;34;9;1;890;0%;890;Cartão de Crédito
10432;2025-12-02;252;19;5;1;490;0%;490;Cartão de Crédito
10433;2026-02-03;2168;4;10;2;1400;10%;2520;Cartão de Crédito
10434;2025-12-18;1420;10;2;1;50;0%;50;Cartão de Crédito
10435;2026-05-19;1147;11;12;2;3800;0%;7600;Boleto
10436;2025-09-19;2459;21;7;3;1600;5%;4560;Cartão de Crédito
10437;2026-01-16;755;10;17;1;50;10%;45;Pix
10438;2025-10-09;2394;12;15;1;180;0%;180;Cartão de Crédito
10439;2025-09-24;573;10;9;1;50;0%;50;Cartão de Crédito
10440;2026-01-28;17;25;10;1;310;0%;310;Pix
10441;2025-12-24;353;4;1;1;1400;5%;1330;Cartão de Crédito
10442;2026-07-26;50;40;15;1;600;0%;600;Cartão de Crédito
10443;2026-05-17;395;1;18;3;4500;0%;13500;Cartão de Crédito
10444;2025-12-10;966;19;11;1;490;0%;490;Pix
10445;2026-09-06;990;3;5;3;250;5%;712,5;Cartão de Crédito
10446;2026-05-20;1945;41;8;1;45;0%;45;Cartão de Crédito
10447;2026-05-20;1787;8;12;1;110;0%;110;Pix
10448;2026-03-06;1054;1;15;2;4500;0%;9000;Cartão de Crédito
10449;2026-04-03;266;40;15;1;600;5%;570;Pix
10450;2025-11-16;1818;33;12;1;1200;0%;1200;Cartão de Crédito
10451;2026-05-13;923;32;11;1;480;0%;480;Pix
10452;2026-02-23;1270;23;18;1;400;5%;380;Cartão de Crédito
10453;2025-11-05;1181;11;15;1;3800;0%;3800;Cartão de Crédito
10454;2025-10-31;737;14;13;1;350;0%;350;Boleto
10455;2026-04-08;1754;16;4;4;520;0%;2080;Pix
10456;2026-03-04;1012;8;7;1;110;0%;110;Boleto
10457;2026-07-04;523;32;9;2;480;0%;960;Pix
10458;2025-12-12;1896;12;2;1;180;5%;171;Cartão de Débito
10459;2025-11-22;283;29;12;3;380;0%;1140;Pix
10460;2025-10-12;403;16;7;2;520;0%;1040;Pix
10461;2026-01-20;912;11;8;3;3800;0%;11400;Cartão de Crédito
10462;2026-06-30;208;24;14;3;380;0%;1140;Pix
10463;2025-12-01;1936;36;18;2;550;5%;1045;Cartão de Crédito
10464;2026-07-22;1354;32;17;1;480;5%;456;Cartão de Crédito
10465;2025-12-13;1180;10;15;1;50;0%;50;Pix
10466;2026-05-12;774;7;7;1;320;5%;304;Cartão de Crédito
10467;2026-09-07;2315;12;3;2;180;0%;360;Cartão de Crédito
10468;2025-11-18;2470;14;2;1;350;5%;332,5;Pix
10469;2026-01-03;1843;30;4;1;160;0%;160;Cartão de Débito
10470;2026-08-30;2460;16;4;1;520;0%;520;Pix
10471;2025-11-26;1809;13;12;1;2900;0%;2900;Boleto
10472;2026-07-15;993;22;12;2;850;0%;1700;Pix
10473;2026-02-20;1893;39;3;1;290;0%;290;Pix
10474;2026-02-06;741;22;3;1;850;5%;807,5;Cartão de Crédito
10475;2025-10-27;1727;21;6;2;1600;0%;3200;Cartão de Crédito
10476;2025-12-11;138;10;13;2;50;0%;100;Cartão de Crédito
10477;2026-08-12;1333;36;3;1;550;0%;550;Pix
10478;2025-10-05;16;9;9;1;150;5%;142,5;Cartão de Crédito
10479;2026-01-18;777;27;13;1;350;0%;350;Pix
10480;2026-01-18;884;8;13;2;110;0%;220;Cartão de Crédito
10481;2026-01-26;1189;8;9;1;110;5%;104,5;Pix
10482;2025-12-28;657;35;14;1;250;0%;250;Pix
10483;2026-07-10;381;2;9;1;80;0%;80;Cartão de Crédito
10484;2025-11-26;641;14;1;1;350;0%;350;Pix
10485;2026-08-01;231;2;15;2;80;0%;160;Pix
10486;2026-07-31;616;20;6;1;190;0%;190;Cartão de Débito
10487;2026-04-26;1631;19;17;1;490;0%;490;Pix
10488;2026-01-12;1308;22;6;1;850;0%;850;Pix
10489;2026-05-06;2084;17;2;1;650;5%;617,5;Boleto
10490;2026-07-30;2078;25;15;2;310;0%;620;Cartão de Crédito
10491;2026-06-18;1310;31;16;1;120;0%;120;Pix
10492;2025-11-05;231;36;7;2;550;0%;1100;Pix
10493;2025-12-17;2214;10;12;1;50;0%;50;Cartão de Crédito
10494;2026-01-01;162;39;1;1;290;0%;290;Pix
10495;2025-10-04;2409;43;2;1;65;0%;65;Cartão de Crédito
10496;2025-10-12;1733;31;7;1;120;0%;120;Boleto
10497;2026-08-02;576;7;11;2;320;0%;640;Pix
10498;2026-06-02;1738;36;16;1;550;0%;550;Pix
10499;2026-04-28;1355;23;10;2;400;0%;800;Boleto
10500;2026-04-06;1515;17;18;2;650;0%;1300;Pix
10501;2026-04-11;494;36;16;3;550;0%;1650;Cartão de Crédito
10502;2025-12-05;2265;8;10;5;110;10%;495;Pix
10503;2026-05-06;114;11;8;1;3800;0%;3800;Boleto
10504;2026-02-07;1124;10;14;1;50;5%;47,5;Cartão de Crédito
10505;2026-08-04;888;17;8;1;650;0%;650;Cartão de Crédito
10506;2025-12-15;1176;4;13;1;1400;0%;1400;Pix
10507;2026-03-12;1693;18;17;2;280;0%;560;Cartão de Crédito
10508;2026-02-04;267;14;11;1;350;5%;332,5;Cartão de Crédito
10509;2026-02-10;1683;27;7;1;350;0%;350;Cartão de Débito
10510;2026-03-01;496;1;15;1;4500;0%;4500;Cartão de Crédito
10511;2026-02-19;2028;37;7;1;140;0%;140;Cartão de Crédito
10512;2026-02-19;279;37;17;1;140;0%;140;Cartão de Débito
10513;2026-03-18;444;45;16;2;180;5%;342;Cartão de Crédito
10514;2026-04-02;2331;16;13;2;520;0%;1040;Cartão de Crédito
10515;2026-03-14;2320;4;12;1;1400;0%;1400;Pix
10516;2026-07-05;1673;20;11;4;190;0%;760;Cartão de Crédito
10517;2026-04-10;52;23;2;1;400;5%;380;Cartão de Crédito
10518;2026-08-05;937;25;8;1;310;0%;310;Cartão de Crédito
10519;2026-04-29;1290;24;5;2;380;0%;760;Cartão de Crédito
10520;2025-12-14;2333;9;13;2;150;5%;285;Cartão de Crédito
10521;2026-01-29;2113;9;9;1;150;5%;142,5;Pix
10522;2026-08-04;573;14;3;3;350;5%;997,5;Boleto
10523;2025-09-16;2310;45;6;1;180;5%;171;Cartão de Débito
10524;2025-12-15;524;29;11;2;380;5%;722;Cartão de Crédito
10525;2025-10-29;1088;7;11;2;320;0%;640;Pix
10526;2026-03-11;1966;33;12;2;1200;0%;2400;Pix
10527;2025-12-22;1857;5;5;1;950;0%;950;Pix
10528;2026-01-07;1986;8;13;1;110;0%;110;Pix
10529;2026-04-11;185;2;9;1;80;0%;80;Cartão de Crédito
10530;2025-10-17;1167;4;5;2;1400;10%;2520;Cartão de Crédito
10531;2026-04-19;1258;18;7;2;280;0%;560;Cartão de Crédito
10532;2025-10-11;758;30;16;1;160;0%;160;Pix
10533;2025-10-05;2233;8;3;2;110;0%;220;Boleto
10534;2026-01-02;1994;4;5;1;1400;0%;1400;Cartão de Crédito
10535;2025-12-12;2419;2;18;1;80;10%;72;Cartão de Crédito
10536;2025-11-24;500;12;1;5;180;0%;900;Boleto
10537;2026-07-26;821;14;12;1;350;0%;350;Cartão de Débito
10538;2026-08-04;609;29;10;1;380;0%;380;Cartão de Crédito
10539;2026-08-21;780;39;5;1;290;0%;290;Pix
10540;2025-12-06;2488;8;12;1;110;0%;110;Pix
10541;2025-09-28;357;12;10;2;180;10%;324;Cartão de Crédito
10542;2026-06-29;1615;38;5;1;390;0%;390;Cartão de Crédito
10543;2026-06-24;1067;15;1;2;750;0%;1500;Pix
10544;2026-05-05;1772;4;11;1;1400;0%;1400;Cartão de Crédito
10545;2025-12-22;2472;35;2;1;250;0%;250;Cartão de Crédito
10546;2026-06-18;1917;31;18;2;120;0%;240;Cartão de Crédito
10547;2025-12-29;1205;34;16;1;890;0%;890;Cartão de Crédito
10548;2026-04-06;1876;5;1;1;950;10%;855;Boleto
10549;2025-10-07;1796;32;17;1;480;0%;480;Pix
10550;2025-11-30;1273;1;10;1;4500;5%;4275;Boleto
10551;2026-04-04;1766;27;13;4;350;0%;1400;Cartão de Crédito
10552;2026-03-24;2489;5;10;1;950;0%;950;Pix
10553;2026-08-30;2302;10;8;2;50;0%;100;Cartão de Crédito
10554;2026-04-20;20;44;10;2;55;0%;110;Cartão de Crédito
10555;2025-12-28;2122;29;14;1;380;0%;380;Cartão de Débito
10556;2026-05-28;651;9;12;1;150;0%;150;Pix
10557;2025-09-20;2169;4;11;1;1400;0%;1400;Pix
10558;2026-03-02;2373;12;6;5;180;0%;900;Cartão de Crédito
10559;2026-03-02;1750;19;6;1;490;0%;490;Pix
10560;2026-07-01;1953;6;6;3;220;5%;627;Cartão de Débito
10561;2026-03-24;1558;4;5;1;1400;5%;1330;Pix
10562;2025-12-28;585;15;11;1;750;0%;750;Cartão de Crédito
10563;2026-04-29;651;25;16;2;310;5%;589;Pix
10564;2026-01-15;1246;21;14;1;1600;0%;1600;Pix
10565;2026-06-15;2482;33;6;2;1200;0%;2400;Pix
10566;2026-05-12;225;38;9;1;390;0%;390;Cartão de Débito
10567;2026-05-09;725;5;7;1;950;5%;902,5;Pix
10568;2026-08-22;987;3;9;2;250;5%;475;Pix
10569;2026-08-04;1030;38;14;1;390;0%;390;Cartão de Crédito
10570;2026-04-13;1630;22;4;1;850;5%;807,5;Cartão de Crédito
10571;2025-10-05;1448;30;4;2;160;0%;320;Cartão de Crédito
10572;2026-02-11;2456;30;13;1;160;0%;160;Boleto
10573;2025-10-26;2240;23;2;1;400;0%;400;Cartão de Crédito
10574;2026-03-24;2103;28;13;2;420;0%;840;Pix
10575;2025-12-07;2057;4;18;1;1400;0%;1400;Cartão de Crédito
10576;2026-03-28;2130;19;17;1;490;0%;490;Cartão de Crédito
10577;2026-05-11;694;13;9;1;2900;0%;2900;Cartão de Crédito
10578;2026-01-18;2475;44;9;1;55;0%;55;Cartão de Crédito
10579;2025-09-21;1007;27;12;2;350;0%;700;Pix
10580;2025-10-24;2131;12;14;1;180;0%;180;Cartão de Crédito
10581;2026-07-27;1328;14;14;1;350;0%;350;Pix
10582;2025-10-26;941;5;10;1;950;0%;950;Cartão de Crédito
10583;2026-01-29;193;31;18;2;120;0%;240;Pix
10584;2026-06-15;934;26;8;1;2200;0%;2200;Cartão de Crédito
10585;2025-11-02;2231;3;8;3;250;0%;750;Pix
10586;2026-06-17;114;38;4;2;390;5%;741;Pix
10587;2026-04-02;2373;3;7;2;250;0%;500;Boleto
10588;2026-01-27;1921;2;14;1;80;0%;80;Cartão de Crédito
10589;2026-07-08;280;13;5;1;2900;0%;2900;Cartão de Crédito
10590;2026-08-08;834;35;16;1;250;0%;250;Pix
10591;2026-05-22;2468;13;8;1;2900;5%;2755;Cartão de Débito
10592;2026-08-01;2499;3;18;1;250;0%;250;Cartão de Crédito
10593;2025-09-13;373;24;6;3;380;0%;1140;Cartão de Crédito
10594;2025-12-02;114;5;3;2;950;5%;1805;Cartão de Crédito
10595;2026-03-28;881;5;4;4;950;0%;3800;Cartão de Crédito
10596;2026-05-26;1504;22;6;1;850;0%;850;Cartão de Crédito
10597;2025-09-27;25;17;5;1;650;0%;650;Pix
10598;2026-01-13;2376;3;4;1;250;0%;250;Boleto
10599;2026-03-17;623;19;7;2;490;5%;931;Boleto
10600;2025-10-19;799;5;8;1;950;0%;950;Cartão de Crédito
10601;2026-04-02;889;20;3;1;190;0%;190;Cartão de Crédito
10602;2026-02-08;20;14;18;2;350;0%;700;Cartão de Débito
10603;2025-12-11;326;13;6;1;2900;0%;2900;Boleto
10604;2026-05-18;187;27;6;1;350;5%;332,5;Cartão de Crédito
10605;2026-01-15;501;24;18;1;380;0%;380;Cartão de Crédito
10606;2026-07-13;1747;20;16;3;190;0%;570;Cartão de Crédito
10607;2025-12-16;144;16;4;1;520;0%;520;Pix
10608;2025-12-14;1425;44;1;1;55;5%;52,25;Cartão de Crédito
10609;2026-01-15;401;10;15;1;50;0%;50;Cartão de Crédito
10610;2026-05-18;1312;2;13;1;80;0%;80;Cartão de Crédito
10611;2026-07-03;57;16;1;1;520;0%;520;Cartão de Débito
10612;2026-09-04;24;39;4;1;290;0%;290;Pix
10613;2026-08-13;2384;32;3;1;480;0%;480;Cartão de Débito
10614;2026-05-07;1541;8;11;1;110;0%;110;Pix
10615;2025-12-29;714;14;10;4;350;0%;1400;Pix
10616;2026-02-17;2170;25;8;1;310;0%;310;Cartão de Crédito
10617;2026-01-21;896;16;17;2;520;5%;988;Boleto
10618;2026-05-16;466;4;12;2;1400;0%;2800;Cartão de Crédito
10619;2025-10-19;1281;7;10;5;320;0%;1600;Cartão de Crédito
10620;2026-05-22;1248;8;14;1;110;0%;110;Cartão de Crédito
10621;2026-07-25;473;25;4;4;310;0%;1240;Cartão de Crédito
10622;2026-05-08;240;37;18;2;140;10%;252;Cartão de Crédito
10623;2026-05-01;45;7;5;3;320;0%;960;Cartão de Crédito
10624;2026-05-17;577;21;18;2;1600;0%;3200;Pix
10625;2025-12-16;136;1;9;1;4500;0%;4500;Pix
10626;2025-10-09;191;5;8;1;950;10%;855;Boleto
10627;2026-08-14;2129;20;1;1;190;0%;190;Pix
10628;2026-06-18;828;2;10;1;80;0%;80;Cartão de Crédito
10629;2026-07-30;2327;37;4;1;140;10%;126;Cartão de Débito
10630;2025-12-12;840;1;6;5;4500;0%;22500;Cartão de Crédito
10631;2025-11-08;1559;31;1;2;120;0%;240;Cartão de Crédito
10632;2025-09-24;1535;9;7;1;150;10%;135;Boleto
10633;2025-12-12;1087;9;3;1;150;0%;150;Cartão de Débito
10634;2026-06-18;957;19;5;3;490;0%;1470;Pix
10635;2026-08-27;1435;39;6;1;290;0%;290;Cartão de Crédito
10636;2026-09-11;1847;21;13;1;1600;0%;1600;Pix
10637;2025-12-03;1479;29;5;3;380;0%;1140;Pix
10638;2026-08-13;176;15;6;1;750;0%;750;Cartão de Débito
10639;2025-10-27;903;5;4;3;950;5%;2707,5;Pix
10640;2025-11-01;1789;15;15;4;750;0%;3000;Pix
10641;2026-06-27;1419;2;10;1;80;0%;80;Cartão de Crédito
10642;2025-12-05;2168;27;7;1;350;0%;350;Cartão de Débito
10643;2025-12-06;1583;40;16;1;600;0%;600;Cartão de Crédito
10644;2026-08-25;109;25;4;2;310;0%;620;Pix
10645;2025-10-24;1643;45;15;2;180;5%;342;Pix
10646;2026-05-28;454;40;4;2;600;10%;1080;Boleto
10647;2026-04-21;1919;4;18;2;1400;5%;2660;Cartão de Crédito
10648;2026-04-10;556;13;1;1;2900;0%;2900;Cartão de Crédito
10649;2025-12-12;1311;29;4;2;380;0%;760;Pix
10650;2026-03-01;774;13;17;5;2900;0%;14500;Pix
10651;2026-04-03;1051;11;6;3;3800;10%;10260;Cartão de Crédito
10652;2026-04-21;1813;6;8;1;220;0%;220;Pix
10653;2025-09-20;699;12;6;1;180;0%;180;Boleto
10654;2025-10-02;2349;26;10;2;2200;10%;3960;Pix
10655;2025-10-24;1980;9;11;1;150;0%;150;Pix
10656;2025-12-27;95;33;10;3;1200;0%;3600;Pix
10657;2026-08-22;49;44;12;2;55;0%;110;Cartão de Crédito
10658;2025-12-22;318;43;17;5;65;0%;325;Cartão de Crédito
10659;2026-02-02;305;34;2;1;890;0%;890;Cartão de Débito
10660;2026-08-18;1404;21;1;1;1600;0%;1600;Cartão de Crédito
10661;2026-04-29;1321;16;11;1;520;5%;494;Cartão de Crédito
10662;2025-09-13;2162;24;9;1;380;0%;380;Cartão de Débito
10663;2026-05-26;1311;22;6;1;850;0%;850;Pix
10664;2026-06-19;1193;36;14;1;550;0%;550;Pix
10665;2026-05-20;1830;7;2;1;320;0%;320;Cartão de Crédito
10666;2026-01-09;2034;35;17;1;250;5%;237,5;Cartão de Crédito
10667;2026-01-18;1787;36;15;1;550;0%;550;Cartão de Débito
10668;2026-07-21;2016;27;2;1;350;0%;350;Cartão de Crédito
10669;2025-09-15;2291;24;8;1;380;0%;380;Pix
10670;2025-09-24;1842;15;13;1;750;0%;750;Cartão de Crédito
10671;2026-01-29;1205;15;2;1;750;0%;750;Cartão de Débito
10672;2026-03-04;2089;5;8;2;950;0%;1900;Cartão de Crédito
10673;2026-02-23;1343;8;1;1;110;0%;110;Cartão de Crédito
10674;2025-10-25;2038;10;6;1;50;0%;50;Cartão de Crédito
10675;2026-04-26;685;8;15;2;110;0%;220;Cartão de Crédito
10676;2026-08-06;2437;33;15;1;1200;0%;1200;Pix
10677;2026-01-14;564;20;18;2;190;5%;361;Boleto
10678;2025-12-16;2314;12;1;1;180;0%;180;Cartão de Débito
10679;2025-11-11;2242;6;8;2;220;0%;440;Pix
10680;2025-11-17;45;19;12;1;490;0%;490;Cartão de Crédito
10681;2025-11-06;369;34;6;2;890;0%;1780;Pix
10682;2025-10-14;792;6;9;2;220;0%;440;Cartão de Crédito
10683;2025-09-26;1750;11;7;3;3800;0%;11400;Cartão de Crédito
10684;2026-03-27;2188;3;1;1;250;0%;250;Pix
10685;2025-10-19;2444;23;2;1;400;0%;400;Cartão de Crédito
10686;2026-03-17;121;10;6;1;50;0%;50;Cartão de Crédito
10687;2026-02-14;170;8;13;1;110;0%;110;Pix
10688;2026-02-20;264;11;3;1;3800;10%;3420;Pix
10689;2026-08-23;1922;19;9;3;490;0%;1470;Cartão de Débito
10690;2026-05-13;319;16;3;3;520;0%;1560;Cartão de Crédito
10691;2026-05-05;201;2;13;2;80;0%;160;Pix
10692;2026-01-29;2215;25;12;1;310;0%;310;Cartão de Crédito
10693;2026-04-25;2322;32;14;1;480;0%;480;Pix
10694;2026-05-31;2278;5;13;1;950;10%;855;Pix
10695;2025-12-20;367;26;6;1;2200;0%;2200;Cartão de Crédito
10696;2026-01-20;230;3;15;3;250;0%;750;Cartão de Crédito
10697;2026-08-16;2475;32;1;1;480;0%;480;Pix
10698;2026-02-16;1220;40;18;1;600;0%;600;Pix
10699;2026-08-28;329;3;8;3;250;0%;750;Cartão de Débito
10700;2026-06-16;2135;29;4;4;380;0%;1520;Pix
10701;2026-07-04;256;14;4;1;350;0%;350;Cartão de Crédito
10702;2025-11-02;1124;16;11;1;520;0%;520;Pix
10703;2026-09-04;1667;12;16;2;180;0%;360;Pix
10704;2026-09-02;1648;13;15;1;2900;0%;2900;Cartão de Crédito
10705;2026-04-24;1705;21;3;3;1600;0%;4800;Cartão de Crédito
10706;2026-07-08;1386;23;5;2;400;5%;760;Pix
10707;2026-01-27;2313;4;13;1;1400;0%;1400;Cartão de Crédito
10708;2025-09-26;395;30;16;1;160;0%;160;Cartão de Crédito
10709;2025-10-01;2328;5;5;1;950;0%;950;Pix
10710;2025-10-30;1843;9;14;1;150;0%;150;Pix
10711;2026-02-15;1357;38;3;1;390;0%;390;Pix
10712;2026-05-17;1912;41;2;1;45;0%;45;Pix
10713;2025-11-17;625;9;7;2;150;0%;300;Cartão de Crédito
10714;2026-06-23;18;27;9;1;350;0%;350;Pix
10715;2026-09-07;1434;12;8;1;180;0%;180;Pix
10716;2026-02-15;1852;14;17;1;350;0%;350;Pix
10717;2025-12-04;1804;26;15;2;2200;5%;4180;Cartão de Crédito
10718;2026-08-14;557;16;11;5;520;0%;2600;Pix
10719;2025-12-18;610;45;2;1;180;0%;180;Cartão de Crédito
10720;2026-07-25;1448;6;6;1;220;0%;220;Cartão de Crédito
10721;2026-06-11;1097;22;17;3;850;0%;2550;Cartão de Crédito
10722;2026-06-27;2276;38;16;1;390;0%;390;Cartão de Crédito
10723;2026-01-10;1478;10;17;1;50;0%;50;Pix
10724;2026-05-25;716;17;15;2;650;5%;1235;Cartão de Crédito
10725;2025-12-08;2490;26;7;1;2200;0%;2200;Cartão de Crédito
10726;2025-12-31;1391;12;16;1;180;0%;180;Pix
10727;2026-08-28;66;4;6;1;1400;0%;1400;Pix
10728;2026-09-05;1045;36;1;1;550;5%;522,5;Cartão de Crédito
10729;2026-07-22;995;18;17;2;280;0%;560;Pix
10730;2026-04-05;1736;3;7;2;250;0%;500;Cartão de Crédito
10731;2026-09-12;2484;11;17;1;3800;0%;3800;Cartão de Crédito
10732;2026-02-16;1574;10;10;1;50;5%;47,5;Cartão de Crédito
10733;2026-06-12;1172;15;9;1;750;0%;750;Cartão de Crédito
10734;2025-11-20;1864;7;8;1;320;0%;320;Pix
10735;2026-07-08;2283;9;8;1;150;0%;150;Cartão de Crédito
10736;2026-02-22;1610;13;12;2;2900;10%;5220;Cartão de Débito
10737;2025-11-18;983;41;3;2;45;0%;90;Pix
10738;2026-06-22;2265;26;14;1;2200;0%;2200;Cartão de Crédito
10739;2026-08-16;1860;7;13;4;320;0%;1280;Pix
10740;2025-12-06;638;15;16;1;750;0%;750;Cartão de Débito
10741;2026-01-17;1366;27;8;4;350;5%;1330;Cartão de Crédito
10742;2026-01-10;1277;11;1;1;3800;0%;3800;Cartão de Crédito
10743;2026-03-30;648;23;2;1;400;0%;400;Cartão de Crédito
10744;2025-11-04;1684;28;14;1;420;0%;420;Cartão de Crédito
10745;2025-12-20;1007;5;9;2;950;0%;1900;Pix
10746;2025-10-12;478;19;9;1;490;0%;490;Cartão de Crédito
10747;2026-08-31;546;1;3;1;4500;5%;4275;Cartão de Crédito
10748;2026-03-22;1632;8;7;1;110;5%;104,5;Pix
10749;2026-01-20;1407;20;6;1;190;0%;190;Cartão de Crédito
10750;2026-04-12;868;13;13;1;2900;0%;2900;Cartão de Crédito
10751;2025-12-08;2164;6;18;1;220;0%;220;Boleto
10752;2026-04-14;746;41;7;1;45;0%;45;Cartão de Crédito
10753;2025-12-20;1493;20;15;2;190;0%;380;Pix
10754;2025-09-28;1161;28;9;1;420;0%;420;Cartão de Débito
10755;2026-01-26;1491;14;12;3;350;0%;1050;Cartão de Crédito
10756;2025-11-11;1256;3;7;1;250;0%;250;Cartão de Crédito
10757;2026-01-28;1190;6;5;1;220;0%;220;Cartão de Crédito
10758;2025-10-25;318;29;4;2;380;0%;760;Boleto
10759;2026-05-09;1391;31;9;1;120;0%;120;Cartão de Crédito
10760;2026-07-03;1086;5;10;1;950;5%;902,5;Pix
10761;2026-06-29;1362;16;16;1;520;0%;520;Cartão de Crédito
10762;2026-08-06;1184;15;6;3;750;0%;2250;Cartão de Débito
10763;2025-10-23;2271;11;18;1;3800;0%;3800;Pix
10764;2026-02-12;736;1;10;1;4500;0%;4500;Pix
10765;2026-03-24;974;35;17;1;250;0%;250;Cartão de Crédito
10766;2025-11-07;1504;6;3;2;220;0%;440;Cartão de Crédito
10767;2025-12-03;456;1;4;2;4500;0%;9000;Cartão de Crédito
10768;2026-04-08;1119;17;16;2;650;0%;1300;Pix
10769;2026-08-06;712;18;9;2;280;0%;560;Pix
10770;2026-08-16;1587;2;10;3;80;0%;240;Cartão de Crédito
10771;2025-12-12;2403;23;17;1;400;0%;400;Cartão de Crédito
10772;2026-04-26;711;28;9;3;420;5%;1197;Boleto
10773;2026-04-25;837;4;11;1;1400;0%;1400;Cartão de Crédito
10774;2025-12-30;2164;14;16;1;350;5%;332,5;Cartão de Crédito
10775;2026-03-22;2335;21;4;1;1600;5%;1520;Boleto
10776;2026-03-15;983;1;1;1;4500;0%;4500;Boleto
10777;2025-10-13;1904;26;11;1;2200;0%;2200;Cartão de Crédito
10778;2025-11-12;1070;32;12;1;480;10%;432;Boleto
10779;2026-08-11;309;21;17;1;1600;5%;1520;Cartão de Crédito
10780;2026-01-02;1139;18;16;4;280;10%;1008;Pix
10781;2026-06-30;727;5;8;1;950;0%;950;Cartão de Crédito
10782;2025-10-06;1392;21;15;1;1600;0%;1600;Cartão de Crédito
10783;2026-06-24;703;14;9;4;350;5%;1330;Cartão de Crédito
10784;2026-02-25;806;6;3;2;220;0%;440;Pix
10785;2025-09-25;2061;10;3;3;50;0%;150;Boleto
10786;2025-11-22;1029;7;13;1;320;0%;320;Cartão de Crédito
10787;2026-02-12;978;12;16;1;180;0%;180;Cartão de Crédito
10788;2026-06-12;1573;29;6;1;380;5%;361;Cartão de Crédito
10789;2026-02-16;843;39;2;2;290;0%;580;Cartão de Débito
10790;2026-08-03;291;32;9;1;480;0%;480;Cartão de Crédito
10791;2026-08-01;1703;17;1;2;650;0%;1300;Cartão de Crédito
10792;2026-04-17;1724;26;13;2;2200;0%;4400;Pix
10793;2025-11-09;109;14;13;1;350;5%;332,5;Boleto
10794;2026-07-13;1693;45;8;2;180;5%;342;Cartão de Crédito
10795;2026-04-28;1268;4;4;1;1400;0%;1400;Pix
10796;2025-11-26;262;35;17;1;250;0%;250;Pix
10797;2026-05-21;2449;3;2;1;250;0%;250;Boleto
10798;2026-03-28;1386;25;1;3;310;0%;930;Cartão de Crédito
10799;2026-04-17;318;4;9;3;1400;0%;4200;Pix
10800;2026-04-24;343;14;12;1;350;5%;332,5;Boleto
10801;2026-07-06;37;13;4;2;2900;0%;5800;Cartão de Débito
10802;2025-11-06;675;17;11;1;650;0%;650;Pix
10803;2025-09-13;569;36;7;1;550;10%;495;Cartão de Crédito
10804;2025-10-23;1702;23;2;1;400;0%;400;Cartão de Débito
10805;2025-09-12;1042;4;2;1;1400;0%;1400;Pix
10806;2025-12-16;1969;9;6;1;150;0%;150;Cartão de Crédito
10807;2026-06-24;2217;33;14;1;1200;0%;1200;Cartão de Crédito
10808;2026-05-31;930;1;5;2;4500;5%;8550;Pix
10809;2025-11-08;708;36;2;1;550;0%;550;Pix
10810;2026-06-22;1602;35;3;3;250;0%;750;Cartão de Crédito
10811;2026-01-25;2245;28;10;1;420;5%;399;Cartão de Crédito
10812;2025-11-23;1524;32;2;1;480;0%;480;Cartão de Crédito
10813;2026-05-06;1619;11;13;1;3800;10%;3420;Cartão de Débito
10814;2026-07-25;2477;42;15;1;35;0%;35;Boleto
10815;2026-05-28;1071;32;6;1;480;0%;480;Cartão de Crédito
10816;2025-09-28;253;7;3;3;320;10%;864;Cartão de Crédito
10817;2026-02-05;348;35;9;1;250;0%;250;Cartão de Crédito
10818;2026-01-28;559;20;9;1;190;0%;190;Cartão de Crédito
10819;2026-03-31;57;22;16;1;850;10%;765;Pix
10820;2026-01-04;2001;11;6;1;3800;0%;3800;Cartão de Crédito
10821;2026-01-16;2185;33;14;1;1200;5%;1140;Pix
10822;2025-10-16;1450;14;12;1;350;0%;350;Boleto
10823;2025-12-07;2126;1;11;2;4500;0%;9000;Pix
10824;2026-07-15;2457;5;9;1;950;0%;950;Pix
10825;2026-05-03;1326;6;16;2;220;0%;440;Cartão de Crédito
10826;2026-09-04;1790;18;7;1;280;5%;266;Pix
10827;2026-05-20;2494;3;17;5;250;0%;1250;Cartão de Crédito
10828;2025-12-08;2430;8;8;1;110;0%;110;Cartão de Crédito
10829;2025-09-26;1393;15;11;1;750;0%;750;Boleto
10830;2026-05-25;1958;4;16;2;1400;5%;2660;Pix
10831;2026-08-15;2461;3;18;1;250;0%;250;Cartão de Crédito
10832;2025-12-27;1598;3;15;1;250;0%;250;Pix
10833;2026-04-22;65;27;16;3;350;10%;945;Pix
10834;2026-02-18;409;19;2;1;490;0%;490;Pix
10835;2026-03-19;2403;25;7;1;310;0%;310;Pix
10836;2026-07-18;1117;1;18;1;4500;0%;4500;Pix
10837;2025-11-03;1297;17;1;1;650;0%;650;Cartão de Crédito
10838;2026-02-02;942;7;2;2;320;0%;640;Cartão de Crédito
10839;2026-01-11;1397;36;14;1;550;5%;522,5;Pix
10840;2025-09-25;547;2;17;1;80;0%;80;Cartão de Crédito
10841;2026-03-13;2260;11;14;3;3800;0%;11400;Pix
10842;2026-07-25;1570;9;14;2;150;5%;285;Pix
10843;2025-09-19;1717;18;7;2;280;0%;560;Cartão de Crédito
10844;2026-03-13;1259;18;15;2;280;0%;560;Cartão de Crédito
10845;2026-04-01;71;4;16;2;1400;0%;2800;Cartão de Crédito
10846;2026-02-26;336;23;6;1;400;0%;400;Cartão de Crédito
10847;2025-10-26;234;17;3;1;650;0%;650;Cartão de Crédito
10848;2026-05-26;1192;14;5;1;350;5%;332,5;Cartão de Crédito
10849;2026-03-30;677;8;5;2;110;0%;220;Cartão de Crédito
10850;2026-03-25;1274;21;10;1;1600;0%;1600;Cartão de Crédito
10851;2025-11-04;2157;2;1;1;80;5%;76;Boleto
10852;2025-11-17;1137;28;12;1;420;0%;420;Pix
10853;2026-07-07;1202;15;2;1;750;0%;750;Cartão de Débito
10854;2026-05-26;1430;30;8;2;160;0%;320;Cartão de Crédito
10855;2026-02-23;1661;33;12;1;1200;5%;1140;Cartão de Crédito
10856;2026-01-13;1378;26;6;1;2200;0%;2200;Cartão de Crédito
10857;2026-01-31;1001;25;16;1;310;5%;294,5;Boleto
10858;2026-05-02;2420;11;11;2;3800;0%;7600;Boleto
10859;2025-10-01;1832;13;14;1;2900;5%;2755;Boleto
10860;2026-08-27;1485;37;11;3;140;0%;420;Boleto
10861;2026-05-04;916;2;16;1;80;0%;80;Cartão de Crédito
10862;2026-01-19;2295;42;12;1;35;0%;35;Cartão de Débito
10863;2025-11-30;1353;12;3;1;180;0%;180;Pix
10864;2025-12-08;699;44;11;1;55;0%;55;Pix
10865;2026-06-21;1190;16;14;1;520;5%;494;Cartão de Crédito
10866;2026-05-04;2428;16;2;1;520;5%;494;Cartão de Crédito
10867;2025-10-24;2015;23;11;1;400;5%;380;Cartão de Crédito
10868;2025-12-07;647;4;16;1;1400;0%;1400;Cartão de Crédito
10869;2026-07-10;718;19;9;1;490;0%;490;Cartão de Crédito
10870;2026-06-27;1754;5;11;3;950;0%;2850;Cartão de Crédito
10871;2025-12-03;857;27;13;1;350;5%;332,5;Pix
10872;2026-05-24;1044;30;2;2;160;0%;320;Cartão de Crédito
10873;2025-11-23;247;43;8;2;65;0%;130;Cartão de Crédito
10874;2026-08-18;2118;6;11;2;220;0%;440;Cartão de Crédito
10875;2026-01-27;156;15;15;1;750;0%;750;Cartão de Crédito
10876;2025-09-12;242;4;18;2;1400;0%;2800;Cartão de Crédito
10877;2026-01-24;368;31;11;2;120;0%;240;Cartão de Crédito
10878;2026-07-01;337;14;5;3;350;0%;1050;Cartão de Crédito
10879;2026-02-03;588;38;14;5;390;0%;1950;Pix
10880;2026-06-27;1311;14;16;3;350;0%;1050;Cartão de Crédito
10881;2026-02-22;907;30;18;1;160;0%;160;Pix
10882;2026-03-05;284;29;7;1;380;0%;380;Pix
10883;2026-08-23;2492;4;16;3;1400;0%;4200;Pix
10884;2026-03-23;1015;4;11;1;1400;0%;1400;Boleto
10885;2025-12-03;1165;23;14;2;400;0%;800;Cartão de Débito
10886;2025-10-18;1280;21;5;1;1600;5%;1520;Cartão de Crédito
10887;2026-04-22;687;1;1;2;4500;0%;9000;Pix
10888;2026-01-28;244;15;17;1;750;0%;750;Cartão de Crédito
10889;2026-03-12;577;28;1;1;420;0%;420;Boleto
10890;2026-04-03;1008;14;7;2;350;5%;665;Cartão de Crédito
10891;2026-01-24;1670;4;3;1;1400;0%;1400;Cartão de Débito
10892;2025-10-17;2160;32;16;1;480;0%;480;Cartão de Crédito
10893;2026-06-08;2032;42;7;3;35;5%;99,75;Pix
10894;2026-04-29;590;13;17;1;2900;0%;2900;Cartão de Crédito
10895;2025-12-12;1567;30;12;2;160;0%;320;Cartão de Crédito
10896;2026-07-17;773;8;7;4;110;0%;440;Cartão de Crédito
10897;2026-09-01;2080;12;2;1;180;0%;180;Cartão de Crédito
10898;2026-02-05;420;10;3;1;50;0%;50;Boleto
10899;2026-05-16;349;5;13;1;950;5%;902,5;Cartão de Crédito
10900;2025-10-06;1005;36;7;1;550;0%;550;Boleto
10901;2026-08-24;948;10;2;2;50;0%;100;Cartão de Crédito
10902;2026-05-28;1531;36;10;1;550;0%;550;Cartão de Crédito
10903;2026-02-03;356;7;17;1;320;0%;320;Cartão de Crédito
10904;2026-08-10;1235;1;8;2;4500;0%;9000;Cartão de Crédito
10905;2026-04-14;1761;11;2;1;3800;0%;3800;Cartão de Crédito
10906;2026-08-18;741;8;1;1;110;0%;110;Cartão de Crédito
10907;2026-07-31;2478;20;7;2;190;5%;361;Pix
10908;2025-10-26;912;32;16;1;480;0%;480;Cartão de Débito
10909;2026-06-22;2214;20;2;1;190;0%;190;Pix
10910;2025-12-02;274;18;2;5;280;0%;1400;Cartão de Crédito
10911;2026-07-06;985;11;14;1;3800;0%;3800;Cartão de Crédito
10912;2026-05-18;1693;15;16;1;750;0%;750;Pix
10913;2026-05-04;1900;15;15;1;750;0%;750;Boleto
10914;2026-01-12;1705;44;11;1;55;0%;55;Cartão de Crédito
10915;2026-05-03;1547;1;10;1;4500;0%;4500;Cartão de Crédito
10916;2026-03-13;1428;4;10;1;1400;0%;1400;Boleto
10917;2026-02-28;239;9;7;1;150;0%;150;Cartão de Crédito
10918;2026-01-18;2066;22;4;2;850;0%;1700;Cartão de Crédito
10919;2026-07-23;1356;31;9;1;120;0%;120;Cartão de Débito
10920;2025-12-24;1468;30;4;5;160;0%;800;Cartão de Crédito
10921;2025-11-06;207;44;5;1;55;0%;55;Pix
10922;2026-03-26;837;31;11;4;120;0%;480;Cartão de Crédito
10923;2026-03-21;842;16;8;1;520;10%;468;Boleto
10924;2025-10-07;2202;9;5;1;150;0%;150;Cartão de Crédito
10925;2025-12-19;1022;12;7;1;180;10%;162;Cartão de Débito
10926;2026-08-12;337;22;7;1;850;0%;850;Pix
10927;2026-03-17;287;7;10;1;320;0%;320;Cartão de Crédito
10928;2026-08-13;2131;44;11;2;55;0%;110;Pix
10929;2026-03-03;117;17;15;1;650;0%;650;Cartão de Crédito
10930;2025-09-23;587;27;13;1;350;0%;350;Cartão de Crédito
10931;2026-01-18;72;3;14;1;250;0%;250;Pix
10932;2025-11-21;1731;42;1;1;35;5%;33,25;Cartão de Crédito
10933;2026-03-28;1803;11;10;2;3800;0%;7600;Boleto
10934;2025-11-05;1311;23;4;1;400;5%;380;Cartão de Crédito
10935;2026-02-11;1253;1;17;1;4500;0%;4500;Cartão de Crédito
10936;2026-05-14;1790;10;6;1;50;0%;50;Pix
10937;2025-11-05;1721;37;10;5;140;0%;700;Pix
10938;2026-06-26;1003;37;9;3;140;5%;399;Pix
10939;2026-08-16;557;3;15;1;250;0%;250;Cartão de Crédito
10940;2026-09-03;2372;12;15;5;180;10%;810;Pix
10941;2026-01-17;224;4;6;1;1400;0%;1400;Pix
10942;2026-07-07;1155;43;2;2;65;0%;130;Cartão de Crédito
10943;2026-04-23;2322;8;11;1;110;5%;104,5;Cartão de Crédito
10944;2026-05-14;692;15;12;1;750;0%;750;Pix
10945;2025-12-06;138;11;6;1;3800;0%;3800;Cartão de Crédito
10946;2026-01-07;1480;41;17;1;45;0%;45;Cartão de Crédito
10947;2026-07-26;845;31;15;2;120;0%;240;Pix
10948;2026-05-06;458;31;6;1;120;0%;120;Cartão de Débito
10949;2026-03-22;2238;11;6;1;3800;0%;3800;Cartão de Crédito
10950;2026-06-13;1084;2;17;1;80;0%;80;Cartão de Crédito
10951;2026-06-25;2469;1;3;1;4500;0%;4500;Cartão de Crédito
10952;2026-07-11;2415;4;10;1;1400;0%;1400;Cartão de Crédito
10953;2026-07-17;1468;15;3;1;750;0%;750;Cartão de Crédito
10954;2026-03-27;1368;34;3;1;890;0%;890;Cartão de Débito
10955;2026-09-08;2392;20;9;1;190;5%;180,5;Cartão de Crédito
10956;2026-02-19;1613;12;10;1;180;0%;180;Cartão de Crédito
10957;2026-02-11;1772;44;9;2;55;0%;110;Boleto
10958;2026-02-23;592;6;8;1;220;0%;220;Cartão de Crédito
10959;2026-07-08;25;1;1;1;4500;0%;4500;Cartão de Crédito
10960;2026-01-22;298;26;12;3;2200;0%;6600;Cartão de Crédito
10961;2025-12-07;1242;26;5;3;2200;0%;6600;Pix
10962;2026-06-08;1539;20;16;1;190;0%;190;Cartão de Crédito
10963;2026-06-14;1497;8;11;4;110;0%;440;Cartão de Crédito
10964;2026-01-20;2023;12;1;1;180;0%;180;Cartão de Débito
10965;2025-10-17;2057;13;16;1;2900;0%;2900;Cartão de Crédito
10966;2026-05-19;2454;11;12;1;3800;0%;3800;Boleto
10967;2025-10-05;512;21;10;1;1600;0%;1600;Cartão de Crédito
10968;2026-03-23;1850;3;2;1;250;0%;250;Cartão de Crédito
10969;2026-07-24;936;22;14;5;850;0%;4250;Cartão de Crédito
10970;2026-05-20;587;3;11;1;250;0%;250;Boleto
10971;2025-10-04;526;13;17;1;2900;0%;2900;Pix
10972;2026-09-04;115;41;2;1;45;0%;45;Cartão de Débito
10973;2026-08-31;1269;20;3;1;190;0%;190;Pix
10974;2026-05-06;1981;45;2;1;180;5%;171;Cartão de Crédito
10975;2026-08-03;2029;10;8;1;50;5%;47,5;Pix
10976;2026-01-28;1735;1;2;1;4500;0%;4500;Cartão de Crédito
10977;2026-08-22;1017;22;4;1;850;0%;850;Cartão de Crédito
10978;2026-04-11;401;5;8;1;950;0%;950;Pix
10979;2026-08-17;1221;11;1;1;3800;0%;3800;Pix
10980;2026-05-19;2407;15;5;2;750;0%;1500;Boleto
10981;2026-08-28;360;16;13;1;520;0%;520;Cartão de Débito
10982;2026-01-27;1434;19;16;2;490;0%;980;Pix
10983;2026-02-24;727;26;16;1;2200;0%;2200;Pix
10984;2026-03-07;1183;5;6;1;950;0%;950;Cartão de Crédito
10985;2026-05-27;825;8;5;1;110;0%;110;Cartão de Crédito
10986;2026-06-26;1637;18;16;1;280;0%;280;Boleto
10987;2026-08-29;2057;34;11;1;890;0%;890;Cartão de Crédito
10988;2025-10-28;1455;25;2;3;310;5%;883,5;Cartão de Crédito
10989;2026-04-16;1603;18;17;1;280;0%;280;Boleto
10990;2026-05-30;288;21;12;2;1600;5%;3040;Cartão de Débito
10991;2026-03-14;1918;28;4;1;420;0%;420;Cartão de Crédito
10992;2026-09-01;1332;33;12;4;1200;0%;4800;Cartão de Crédito
10993;2026-04-12;1706;18;3;2;280;0%;560;Cartão de Crédito
10994;2026-04-15;1699;17;18;1;650;0%;650;Cartão de Crédito
10995;2026-07-07;1236;1;2;2;4500;0%;9000;Pix
10996;2026-06-28;982;28;14;2;420;0%;840;Cartão de Crédito
10997;2026-01-12;1590;17;9;2;650;0%;1300;Cartão de Crédito
10998;2026-04-08;58;9;11;1;150;0%;150;Cartão de Crédito
10999;2026-06-30;1518;12;11;1;180;5%;171;Cartão de Crédito
11000;2025-11-12;1693;2;4;1;80;0%;80;Pix
11001;2025-10-18;898;36;7;1;550;0%;550;Boleto
11002;2026-07-09;1369;10;14;1;50;0%;50;Pix
11003;2025-12-17;768;29;5;1;380;0%;380;Cartão de Crédito
11004;2026-01-23;1522;6;3;1;220;0%;220;Cartão de Crédito
11005;2026-05-31;609;26;12;1;2200;0%;2200;Cartão de Crédito
11006;2026-04-02;2487;37;13;1;140;0%;140;Cartão de Débito
11007;2025-10-16;2431;42;5;1;35;0%;35;Cartão de Crédito
11008;2025-10-23;596;44;14;2;55;5%;104,5;Pix
11009;2026-06-29;1848;12;10;1;180;0%;180;Cartão de Crédito
11010;2026-06-24;1589;13;16;1;2900;5%;2755;Cartão de Crédito
11011;2026-06-22;1246;8;17;1;110;0%;110;Cartão de Crédito
11012;2026-05-16;2340;40;17;1;600;0%;600;Cartão de Crédito
11013;2026-07-30;2485;6;14;1;220;0%;220;Cartão de Crédito
11014;2025-12-22;350;26;14;1;2200;0%;2200;Cartão de Crédito
11015;2026-01-04;240;13;12;2;2900;0%;5800;Cartão de Crédito
11016;2025-12-03;2027;2;2;1;80;0%;80;Pix
11017;2026-01-23;840;3;13;2;250;0%;500;Cartão de Crédito
11018;2026-07-01;751;28;6;3;420;5%;1197;Pix
11019;2026-03-08;2308;10;3;1;50;5%;47,5;Boleto
11020;2026-04-16;1026;11;5;1;3800;0%;3800;Cartão de Crédito
11021;2026-01-10;18;15;4;2;750;0%;1500;Pix
11022;2025-11-19;1978;8;10;1;110;5%;104,5;Cartão de Débito
11023;2026-04-07;2402;19;1;1;490;0%;490;Cartão de Crédito
11024;2025-11-07;1999;8;13;3;110;0%;330;Cartão de Débito
11025;2025-12-25;443;28;3;1;420;0%;420;Cartão de Débito
11026;2026-07-01;2058;38;14;2;390;10%;702;Cartão de Crédito
11027;2026-01-14;1912;23;1;1;400;5%;380;Cartão de Crédito
11028;2026-06-07;1487;7;12;3;320;5%;912;Pix
11029;2026-01-05;1591;12;1;1;180;0%;180;Cartão de Crédito
11030;2026-04-15;615;16;6;1;520;0%;520;Cartão de Crédito
11031;2025-12-19;50;37;14;1;140;0%;140;Cartão de Crédito
11032;2025-12-17;1427;44;14;2;55;5%;104,5;Boleto
11033;2026-05-10;845;9;12;1;150;0%;150;Pix
11034;2026-05-21;1863;8;12;1;110;0%;110;Pix
11035;2026-03-31;1186;19;6;1;490;5%;465,5;Cartão de Crédito
11036;2026-07-20;2134;16;10;4;520;0%;2080;Cartão de Crédito
11037;2025-10-15;8;8;10;1;110;5%;104,5;Pix
11038;2025-09-16;145;20;7;3;190;0%;570;Cartão de Crédito
11039;2025-12-02;1921;21;7;1;1600;0%;1600;Cartão de Débito
11040;2025-09-21;893;33;5;1;1200;0%;1200;Cartão de Crédito
11041;2026-02-16;2146;7;6;2;320;0%;640;Cartão de Crédito
11042;2026-09-10;1821;13;10;1;2900;0%;2900;Cartão de Crédito
11043;2026-09-02;1561;17;7;2;650;0%;1300;Pix
11044;2026-02-25;522;1;8;2;4500;0%;9000;Cartão de Crédito
11045;2026-03-05;1693;19;3;3;490;0%;1470;Cartão de Crédito
11046;2025-11-10;2281;2;17;1;80;5%;76;Cartão de Crédito
11047;2026-08-31;620;1;1;1;4500;0%;4500;Cartão de Crédito
11048;2026-01-14;2213;34;1;1;890;0%;890;Cartão de Crédito
11049;2026-08-29;1759;39;11;1;290;0%;290;Pix
11050;2026-05-28;1692;18;5;1;280;0%;280;Cartão de Crédito
11051;2026-08-16;275;33;18;1;1200;0%;1200;Pix
11052;2026-03-02;819;24;3;1;380;0%;380;Cartão de Crédito
11053;2026-09-10;422;43;4;1;65;10%;58,5;Cartão de Crédito
11054;2026-08-13;671;20;17;1;190;0%;190;Pix
11055;2025-10-22;1912;17;16;1;650;0%;650;Cartão de Crédito
11056;2026-07-17;123;16;7;2;520;5%;988;Cartão de Crédito
11057;2026-08-04;1603;41;14;1;45;0%;45;Cartão de Débito
11058;2026-03-28;1611;39;8;2;290;0%;580;Cartão de Crédito
11059;2026-03-31;1245;31;16;2;120;0%;240;Pix
11060;2025-12-10;2078;6;3;3;220;0%;660;Cartão de Crédito
11061;2026-08-10;1009;14;6;1;350;5%;332,5;Pix
11062;2026-04-12;1337;2;17;4;80;0%;320;Cartão de Crédito
11063;2026-02-02;1378;8;1;1;110;0%;110;Cartão de Crédito
11064;2025-12-19;824;16;16;1;520;5%;494;Pix
11065;2026-07-21;202;31;6;2;120;0%;240;Pix
11066;2026-08-19;2463;7;9;2;320;5%;608;Cartão de Crédito
11067;2025-09-27;922;23;16;1;400;0%;400;Pix
11068;2026-03-15;896;16;12;1;520;0%;520;Cartão de Débito
11069;2026-08-02;811;28;4;2;420;0%;840;Cartão de Crédito
11070;2026-08-15;823;16;5;1;520;0%;520;Pix
11071;2026-09-10;1028;19;11;1;490;0%;490;Cartão de Crédito
11072;2025-11-15;1836;17;11;2;650;0%;1300;Pix
11073;2026-04-12;1850;1;4;2;4500;0%;9000;Pix
11074;2026-07-07;1403;24;2;3;380;0%;1140;Cartão de Crédito
11075;2026-01-17;224;14;12;1;350;0%;350;Cartão de Crédito
11076;2026-04-06;2054;3;15;1;250;0%;250;Cartão de Crédito
11077;2026-06-23;253;19;15;1;490;0%;490;Cartão de Crédito
11078;2025-10-16;516;34;13;1;890;0%;890;Pix
11079;2026-02-27;622;13;10;1;2900;0%;2900;Cartão de Crédito
11080;2026-07-27;1197;30;18;1;160;0%;160;Cartão de Débito
11081;2026-07-18;296;24;17;2;380;0%;760;Cartão de Crédito
11082;2026-03-13;656;40;17;1;600;0%;600;Cartão de Crédito
11083;2026-01-11;2080;19;17;1;490;0%;490;Cartão de Crédito
11084;2025-12-07;17;5;3;2;950;0%;1900;Cartão de Crédito
11085;2026-02-26;495;9;9;1;150;0%;150;Boleto
11086;2026-07-09;1913;3;15;1;250;5%;237,5;Pix
11087;2026-05-24;1695;19;9;1;490;5%;465,5;Cartão de Crédito
11088;2026-07-03;366;9;8;1;150;0%;150;Cartão de Crédito
11089;2026-04-04;348;28;14;2;420;0%;840;Cartão de Crédito
11090;2026-03-11;1805;16;14;5;520;0%;2600;Cartão de Débito
11091;2026-03-08;564;15;17;2;750;0%;1500;Cartão de Crédito
11092;2025-12-06;549;33;13;3;1200;0%;3600;Pix
11093;2025-11-06;2325;7;11;2;320;0%;640;Cartão de Crédito
11094;2026-08-14;1102;5;1;2;950;0%;1900;Cartão de Crédito
11095;2025-11-18;2305;4;10;1;1400;0%;1400;Cartão de Crédito
11096;2026-06-26;1080;13;10;1;2900;0%;2900;Cartão de Crédito
11097;2025-12-18;1049;5;11;1;950;0%;950;Pix
11098;2026-05-04;1968;5;14;2;950;0%;1900;Cartão de Crédito
11099;2026-04-02;315;18;8;1;280;0%;280;Pix
11100;2026-06-16;2196;5;14;4;950;0%;3800;Cartão de Débito
11101;2026-03-06;1393;12;1;1;180;0%;180;Pix
11102;2025-09-29;2387;23;3;2;400;0%;800;Pix
11103;2026-09-04;1506;41;12;1;45;0%;45;Cartão de Crédito
11104;2026-04-04;1817;32;17;3;480;0%;1440;Cartão de Crédito
11105;2025-12-17;581;21;7;2;1600;0%;3200;Cartão de Débito
11106;2026-06-27;1494;17;7;1;650;0%;650;Cartão de Crédito
11107;2026-03-27;63;4;4;1;1400;0%;1400;Cartão de Crédito
11108;2026-07-05;1167;11;3;1;3800;0%;3800;Cartão de Crédito
11109;2025-11-29;1883;35;1;1;250;0%;250;Pix
11110;2026-04-12;1569;19;4;2;490;0%;980;Boleto
11111;2026-06-26;1341;6;8;1;220;0%;220;Cartão de Crédito
11112;2026-04-09;141;17;17;1;650;0%;650;Pix
11113;2026-05-22;2191;11;2;3;3800;0%;11400;Pix
11114;2026-04-24;557;14;1;1;350;5%;332,5;Boleto
11115;2026-08-20;573;6;1;1;220;0%;220;Pix
11116;2026-01-04;880;8;18;1;110;0%;110;Cartão de Crédito
11117;2026-06-20;411;37;3;1;140;5%;133;Pix
11118;2025-12-01;47;12;14;1;180;0%;180;Pix
11119;2026-04-02;1953;4;14;1;1400;0%;1400;Boleto
11120;2026-01-02;1815;11;6;1;3800;0%;3800;Pix
11121;2025-09-20;817;35;15;1;250;0%;250;Boleto
11122;2026-01-04;1210;5;9;1;950;5%;902,5;Boleto
11123;2026-05-27;917;4;13;5;1400;0%;7000;Cartão de Crédito
11124;2026-03-16;1723;6;16;1;220;0%;220;Boleto
11125;2025-09-12;1885;22;4;1;850;0%;850;Cartão de Crédito
11126;2026-07-05;11;11;12;5;3800;5%;18050;Cartão de Débito
11127;2026-04-07;1336;28;16;3;420;0%;1260;Cartão de Crédito
11128;2026-02-05;794;12;14;1;180;5%;171;Pix
11129;2026-05-20;1960;1;2;1;4500;0%;4500;Pix
11130;2026-02-21;1068;23;13;1;400;0%;400;Cartão de Crédito
11131;2026-04-30;825;21;8;1;1600;0%;1600;Cartão de Débito
11132;2025-10-20;1608;13;9;1;2900;5%;2755;Cartão de Crédito
11133;2026-07-14;24;24;11;1;380;0%;380;Cartão de Crédito
11134;2026-01-28;1744;11;18;1;3800;0%;3800;Pix
11135;2026-08-12;2182;23;16;2;400;0%;800;Cartão de Crédito
11136;2026-01-13;206;8;12;1;110;0%;110;Pix
11137;2026-06-03;2059;36;14;1;550;0%;550;Cartão de Crédito
11138;2026-06-12;511;18;2;1;280;0%;280;Boleto
11139;2025-12-03;1354;38;7;1;390;0%;390;Pix
11140;2025-10-30;560;9;6;3;150;0%;450;Cartão de Crédito
11141;2026-04-16;1719;22;5;4;850;0%;3400;Pix
11142;2026-02-20;1115;15;16;1;750;0%;750;Cartão de Crédito
11143;2026-05-30;200;23;2;2;400;10%;720;Cartão de Crédito
11144;2026-06-27;1343;31;17;1;120;0%;120;Cartão de Crédito
11145;2025-10-08;1253;12;1;1;180;10%;162;Cartão de Crédito
11146;2025-10-28;1204;36;13;2;550;0%;1100;Pix
11147;2025-11-13;1293;3;15;1;250;5%;237,5;Cartão de Crédito
11148;2025-09-18;168;10;1;1;50;0%;50;Cartão de Crédito
11149;2025-10-18;2376;13;2;1;2900;5%;2755;Cartão de Crédito
11150;2025-09-29;1847;6;7;1;220;0%;220;Pix
11151;2026-06-04;2075;25;11;4;310;0%;1240;Cartão de Crédito
11152;2026-01-21;1608;24;15;1;380;0%;380;Pix
11153;2026-09-10;950;27;10;2;350;0%;700;Pix
11154;2026-05-24;1160;6;8;1;220;0%;220;Cartão de Crédito
11155;2026-04-05;2345;7;8;3;320;0%;960;Pix
11156;2026-07-02;133;19;18;1;490;0%;490;Cartão de Crédito
11157;2026-07-18;1132;1;4;3;4500;0%;13500;Cartão de Crédito
11158;2025-12-28;440;13;17;1;2900;10%;2610;Pix
11159;2026-02-21;2357;12;13;3;180;0%;540;Pix
11160;2026-05-24;278;19;17;2;490;5%;931;Cartão de Débito
11161;2026-01-02;588;7;4;1;320;0%;320;Cartão de Débito
11162;2025-12-23;55;21;12;1;1600;0%;1600;Cartão de Crédito
11163;2026-02-09;516;10;18;1;50;5%;47,5;Pix
11164;2026-08-04;1037;6;6;2;220;0%;440;Boleto
11165;2026-03-14;278;6;4;1;220;0%;220;Pix
11166;2025-10-26;2388;19;2;1;490;0%;490;Pix
11167;2025-12-21;1448;5;10;3;950;0%;2850;Cartão de Crédito
11168;2025-09-19;2367;39;10;3;290;0%;870;Cartão de Crédito
11169;2025-12-06;2366;34;10;1;890;0%;890;Boleto
11170;2025-10-14;744;16;11;1;520;0%;520;Boleto
11171;2026-06-28;1837;10;2;1;50;5%;47,5;Cartão de Crédito
11172;2026-08-27;935;15;5;1;750;0%;750;Cartão de Crédito
11173;2026-01-16;2285;12;18;2;180;0%;360;Pix
11174;2026-09-10;1834;29;14;5;380;5%;1805;Cartão de Débito
11175;2026-05-09;1595;43;14;2;65;0%;130;Pix
11176;2025-09-30;1587;37;6;2;140;0%;280;Pix
11177;2026-06-07;2365;38;11;1;390;0%;390;Cartão de Crédito
11178;2025-10-18;828;11;10;2;3800;0%;7600;Cartão de Crédito
11179;2025-09-20;871;3;16;1;250;0%;250;Boleto
11180;2026-06-20;893;22;18;1;850;5%;807,5;Cartão de Crédito
11181;2026-05-06;1175;11;10;2;3800;0%;7600;Cartão de Crédito
11182;2026-08-20;797;3;1;4;250;0%;1000;Cartão de Crédito
11183;2026-06-09;410;14;17;1;350;0%;350;Cartão de Crédito
11184;2025-12-21;1669;29;8;1;380;0%;380;Pix
11185;2025-12-03;2329;3;7;1;250;0%;250;Boleto
11186;2026-08-02;1834;6;1;1;220;0%;220;Boleto
11187;2025-12-13;1577;19;13;1;490;0%;490;Cartão de Crédito
11188;2026-01-14;2089;28;6;1;420;0%;420;Cartão de Crédito
11189;2025-09-14;1933;15;4;1;750;0%;750;Pix
11190;2026-03-09;1266;31;18;1;120;0%;120;Pix
11191;2025-10-22;2257;29;11;1;380;5%;361;Cartão de Crédito
11192;2025-11-11;912;6;8;2;220;0%;440;Cartão de Débito
11193;2025-11-04;319;7;16;1;320;0%;320;Cartão de Crédito
11194;2026-05-30;1700;8;2;3;110;0%;330;Cartão de Crédito
11195;2026-03-05;1793;20;15;1;190;0%;190;Cartão de Crédito
11196;2026-04-07;1853;2;16;2;80;0%;160;Cartão de Débito
11197;2025-10-18;2429;31;5;2;120;0%;240;Cartão de Crédito
11198;2026-09-07;2289;3;18;1;250;0%;250;Pix
11199;2026-07-19;553;22;2;4;850;0%;3400;Cartão de Crédito
11200;2026-01-06;242;27;5;1;350;0%;350;Cartão de Crédito
11201;2026-06-10;1819;40;11;4;600;10%;2160;Cartão de Crédito
11202;2026-04-24;1106;40;2;2;600;0%;1200;Cartão de Crédito
11203;2026-03-14;2063;35;6;2;250;0%;500;Cartão de Crédito
11204;2026-01-11;53;22;7;1;850;0%;850;Pix
11205;2026-04-13;54;4;13;1;1400;0%;1400;Cartão de Crédito
11206;2026-04-24;2003;12;17;1;180;0%;180;Pix
11207;2026-05-16;454;38;6;1;390;0%;390;Pix
11208;2026-01-26;2446;8;16;3;110;0%;330;Cartão de Crédito
11209;2026-08-17;717;17;13;1;650;0%;650;Cartão de Crédito
11210;2026-02-24;1400;14;15;1;350;0%;350;Pix
11211;2025-10-14;776;10;13;2;50;0%;100;Cartão de Crédito
11212;2026-02-03;2361;44;14;2;55;0%;110;Boleto
11213;2026-05-14;1060;2;12;2;80;5%;152;Cartão de Crédito
11214;2025-10-30;1267;18;11;4;280;0%;1120;Cartão de Débito
11215;2026-01-07;1854;35;12;1;250;0%;250;Pix
11216;2025-12-11;1456;43;15;1;65;0%;65;Cartão de Crédito
11217;2026-02-12;1218;43;17;1;65;0%;65;Cartão de Crédito
11218;2026-06-11;599;8;11;1;110;5%;104,5;Cartão de Crédito
11219;2025-11-22;1718;18;2;2;280;0%;560;Cartão de Crédito
11220;2026-09-09;461;15;17;2;750;0%;1500;Cartão de Crédito
11221;2026-03-18;427;11;4;2;3800;5%;7220;Pix
11222;2025-11-08;1289;19;14;1;490;0%;490;Boleto
11223;2026-05-13;1023;3;8;1;250;0%;250;Pix
11224;2026-06-17;1411;39;3;2;290;0%;580;Cartão de Crédito
11225;2026-02-22;1884;37;14;1;140;10%;126;Cartão de Débito
11226;2026-02-05;1723;17;16;1;650;0%;650;Cartão de Crédito
11227;2025-09-30;1509;5;2;1;950;0%;950;Cartão de Crédito
11228;2026-08-16;1695;7;18;1;320;0%;320;Cartão de Crédito
11229;2025-09-16;2493;12;18;2;180;5%;342;Cartão de Crédito
11230;2025-12-24;2065;24;7;1;380;5%;361;Cartão de Crédito
11231;2025-10-16;2388;39;8;1;290;0%;290;Cartão de Crédito
11232;2026-01-22;1778;30;11;3;160;0%;480;Cartão de Débito
11233;2026-09-06;248;3;6;1;250;0%;250;Pix
11234;2026-05-18;1311;45;17;1;180;0%;180;Pix
11235;2026-04-19;212;9;8;1;150;0%;150;Pix
11236;2026-07-29;1226;35;12;2;250;0%;500;Cartão de Crédito
11237;2026-03-23;831;12;8;1;180;0%;180;Pix
11238;2025-12-26;2214;20;5;2;190;10%;342;Cartão de Crédito
11239;2026-01-15;1232;24;12;1;380;0%;380;Cartão de Crédito
11240;2025-11-21;1143;8;11;1;110;5%;104,5;Boleto
11241;2026-05-01;220;3;11;1;250;0%;250;Cartão de Crédito
11242;2025-10-21;1298;7;11;1;320;0%;320;Cartão de Crédito
11243;2026-05-10;2173;11;5;1;3800;5%;3610;Cartão de Débito
11244;2026-04-06;788;2;18;1;80;0%;80;Cartão de Crédito
11245;2026-06-17;31;23;7;1;400;0%;400;Cartão de Crédito
11246;2025-12-06;1104;4;5;2;1400;0%;2800;Pix
11247;2026-05-07;364;24;13;1;380;10%;342;Boleto
11248;2025-11-07;2152;17;13;1;650;0%;650;Cartão de Débito
11249;2025-12-03;2095;4;13;4;1400;5%;5320;Cartão de Crédito
11250;2026-07-05;1896;11;9;1;3800;0%;3800;Boleto
11251;2026-05-16;1712;31;6;1;120;10%;108;Boleto
11252;2025-12-31;1923;26;1;1;2200;0%;2200;Pix
11253;2025-12-28;2280;22;12;1;850;0%;850;Pix
11254;2026-08-11;1144;2;16;4;80;0%;320;Cartão de Crédito
11255;2026-06-25;1819;10;6;1;50;0%;50;Boleto
11256;2026-04-11;2157;3;4;3;250;0%;750;Cartão de Crédito
11257;2026-07-01;776;30;4;1;160;0%;160;Pix
11258;2026-07-21;635;42;6;1;35;5%;33,25;Cartão de Débito
11259;2026-07-01;1150;16;3;1;520;0%;520;Pix
11260;2026-09-11;720;29;8;1;380;0%;380;Pix
11261;2025-11-22;2091;17;1;2;650;0%;1300;Pix
11262;2026-03-31;760;21;12;4;1600;0%;6400;Cartão de Débito
11263;2026-01-13;2375;45;9;1;180;0%;180;Pix
11264;2025-10-30;2056;15;12;1;750;0%;750;Cartão de Crédito
11265;2026-01-30;1400;10;12;1;50;0%;50;Boleto
11266;2026-02-01;264;14;18;1;350;0%;350;Cartão de Crédito
11267;2026-07-22;673;32;11;3;480;5%;1368;Cartão de Crédito
11268;2026-06-14;2171;4;8;1;1400;0%;1400;Boleto
11269;2025-10-25;1071;9;1;3;150;0%;450;Cartão de Crédito
11270;2025-10-08;952;9;12;2;150;0%;300;Cartão de Débito
11271;2026-04-05;921;2;1;2;80;0%;160;Pix
11272;2025-12-24;650;26;17;1;2200;0%;2200;Boleto
11273;2025-11-28;1766;36;16;2;550;0%;1100;Cartão de Crédito
11274;2025-12-18;1337;39;10;1;290;0%;290;Cartão de Crédito
11275;2026-07-22;38;29;10;1;380;5%;361;Boleto
11276;2026-04-28;2374;45;18;1;180;0%;180;Boleto
11277;2026-03-25;1476;15;15;1;750;0%;750;Cartão de Crédito
11278;2025-11-02;1748;6;17;1;220;0%;220;Cartão de Crédito
11279;2026-07-08;1789;35;5;1;250;5%;237,5;Cartão de Débito
11280;2025-10-29;798;29;5;2;380;5%;722;Pix
11281;2026-03-18;245;5;17;1;950;0%;950;Boleto
11282;2026-04-13;708;15;18;2;750;0%;1500;Cartão de Crédito
11283;2026-04-08;2197;17;11;2;650;0%;1300;Cartão de Crédito
11284;2026-03-28;1197;42;7;1;35;5%;33,25;Cartão de Crédito
11285;2026-02-11;1796;11;13;1;3800;0%;3800;Pix
11286;2025-10-07;2146;29;18;1;380;0%;380;Cartão de Débito
11287;2025-12-10;864;6;1;1;220;0%;220;Pix
11288;2026-07-04;697;43;12;1;65;0%;65;Cartão de Crédito
11289;2026-06-17;1800;18;6;3;280;0%;840;Pix
11290;2026-06-05;2450;10;10;1;50;0%;50;Cartão de Crédito
11291;2026-04-02;1913;40;7;1;600;0%;600;Cartão de Crédito
11292;2026-04-01;858;26;3;1;2200;0%;2200;Cartão de Crédito
11293;2026-04-03;829;18;8;3;280;0%;840;Boleto
11294;2025-09-20;2270;34;10;1;890;0%;890;Boleto
11295;2026-03-29;172;39;4;1;290;0%;290;Pix
11296;2026-05-10;646;41;13;1;45;0%;45;Cartão de Crédito
11297;2025-11-28;2106;9;1;2;150;0%;300;Pix
11298;2026-01-10;850;32;13;1;480;0%;480;Pix
11299;2026-02-18;2494;30;2;1;160;5%;152;Cartão de Crédito
11300;2026-06-02;1164;8;16;1;110;0%;110;Pix
11301;2026-02-03;2339;30;3;1;160;5%;152;Cartão de Crédito
11302;2026-08-01;370;33;14;2;1200;10%;2160;Cartão de Crédito
11303;2026-01-12;1041;42;8;1;35;0%;35;Pix
11304;2026-08-26;142;21;8;1;1600;0%;1600;Cartão de Débito
11305;2025-10-30;251;23;4;1;400;0%;400;Cartão de Crédito
11306;2026-03-29;1688;41;8;1;45;0%;45;Pix
11307;2026-03-23;1768;3;6;2;250;0%;500;Cartão de Crédito
11308;2025-11-24;2147;5;9;2;950;5%;1805;Pix
11309;2026-03-16;1304;12;10;1;180;0%;180;Boleto
11310;2025-10-19;1189;16;1;1;520;0%;520;Cartão de Débito
11311;2026-06-12;1357;5;15;1;950;0%;950;Cartão de Débito
11312;2026-07-24;1550;15;5;1;750;0%;750;Cartão de Crédito
11313;2025-12-04;2355;19;12;1;490;0%;490;Boleto
11314;2025-10-20;427;4;1;2;1400;0%;2800;Pix
11315;2026-05-31;1279;20;17;1;190;0%;190;Cartão de Crédito
11316;2026-04-18;327;6;2;1;220;0%;220;Cartão de Crédito
11317;2026-03-26;1699;41;2;3;45;10%;121,5;Boleto
11318;2026-08-15;247;25;6;5;310;10%;1395;Pix
11319;2026-03-30;26;4;10;2;1400;0%;2800;Cartão de Débito
11320;2026-04-14;2422;6;1;1;220;0%;220;Pix
11321;2026-08-04;426;18;15;2;280;0%;560;Cartão de Débito
11322;2026-01-24;1375;9;7;2;150;5%;285;Cartão de Crédito
11323;2026-05-31;434;34;13;1;890;5%;845,5;Cartão de Crédito
11324;2025-11-19;1280;6;9;1;220;5%;209;Boleto
11325;2025-10-19;98;10;14;1;50;0%;50;Boleto
11326;2026-03-30;2014;17;18;1;650;0%;650;Cartão de Crédito
11327;2026-06-17;1180;12;11;1;180;0%;180;Boleto
11328;2026-05-10;905;4;5;1;1400;0%;1400;Cartão de Crédito
11329;2025-10-20;1764;20;12;1;190;10%;171;Boleto
11330;2025-10-10;728;26;9;2;2200;5%;4180;Pix
11331;2025-11-29;867;12;17;1;180;0%;180;Cartão de Crédito
11332;2026-07-01;799;20;12;3;190;0%;570;Pix
11333;2026-01-26;1042;39;1;1;290;0%;290;Pix
11334;2026-05-05;313;44;3;2;55;0%;110;Boleto
11335;2026-08-06;63;4;15;1;1400;0%;1400;Pix
11336;2025-12-08;2113;6;12;1;220;0%;220;Pix
11337;2025-09-24;692;3;8;1;250;5%;237,5;Pix
11338;2026-08-16;105;25;12;1;310;0%;310;Pix
11339;2026-08-05;125;35;14;1;250;10%;225;Cartão de Crédito
11340;2026-04-22;1821;7;4;1;320;0%;320;Cartão de Crédito
11341;2026-01-19;2216;13;11;2;2900;0%;5800;Cartão de Crédito
11342;2026-01-09;911;1;7;3;4500;0%;13500;Pix
11343;2025-11-13;2047;13;3;1;2900;0%;2900;Pix
11344;2026-01-20;1865;3;11;2;250;0%;500;Cartão de Crédito
11345;2026-03-13;1047;30;3;1;160;0%;160;Cartão de Crédito
11346;2025-12-08;2306;30;18;1;160;0%;160;Cartão de Crédito
11347;2026-09-02;680;8;10;1;110;5%;104,5;Cartão de Crédito
11348;2026-07-05;729;8;6;1;110;0%;110;Pix
11349;2025-09-14;737;15;17;2;750;0%;1500;Cartão de Crédito
11350;2026-08-21;2249;13;3;5;2900;0%;14500;Boleto
11351;2026-03-13;742;23;2;1;400;0%;400;Cartão de Crédito
11352;2026-05-30;2403;32;12;1;480;0%;480;Cartão de Crédito
11353;2025-11-22;454;5;15;1;950;5%;902,5;Cartão de Crédito
11354;2026-03-31;2243;31;1;3;120;5%;342;Cartão de Crédito
11355;2025-11-12;647;19;14;1;490;0%;490;Pix
11356;2026-07-19;1762;43;6;1;65;0%;65;Cartão de Crédito
11357;2026-03-02;187;5;11;2;950;0%;1900;Cartão de Crédito
11358;2025-10-11;1955;8;8;1;110;0%;110;Cartão de Crédito
11359;2026-09-11;557;16;9;1;520;0%;520;Cartão de Crédito
11360;2026-07-16;260;35;8;1;250;0%;250;Cartão de Crédito
11361;2026-07-16;1210;25;8;4;310;0%;1240;Cartão de Débito
11362;2025-10-09;1012;44;6;1;55;0%;55;Cartão de Crédito
11363;2026-03-18;188;1;6;2;4500;0%;9000;Pix
11364;2026-05-19;1027;38;13;1;390;0%;390;Boleto
11365;2025-11-28;982;18;18;1;280;0%;280;Pix
11366;2026-01-07;2072;7;10;1;320;0%;320;Cartão de Crédito
11367;2026-02-10;194;27;8;1;350;0%;350;Cartão de Crédito
11368;2026-05-16;1610;22;12;3;850;5%;2422,5;Boleto
11369;2026-01-21;863;41;9;1;45;0%;45;Cartão de Débito
11370;2025-11-30;2303;18;12;1;280;0%;280;Boleto
11371;2026-06-07;79;14;7;1;350;0%;350;Pix
11372;2026-01-05;108;26;17;1;2200;0%;2200;Cartão de Crédito
11373;2026-04-10;1044;29;4;1;380;5%;361;Cartão de Crédito
11374;2026-02-06;2280;42;14;3;35;5%;99,75;Boleto
11375;2026-08-13;1007;2;5;2;80;0%;160;Pix
11376;2026-07-11;192;19;17;3;490;0%;1470;Pix
11377;2026-02-22;84;5;11;1;950;0%;950;Cartão de Crédito
11378;2025-10-11;1116;23;17;1;400;0%;400;Pix
11379;2026-05-23;434;7;11;3;320;0%;960;Pix
11380;2026-07-08;114;18;11;2;280;0%;560;Pix
11381;2025-11-11;2282;9;5;2;150;0%;300;Pix
11382;2025-12-29;1912;14;16;1;350;0%;350;Cartão de Crédito
11383;2025-12-08;430;4;2;1;1400;0%;1400;Boleto
11384;2026-07-23;213;25;16;1;310;5%;294,5;Cartão de Crédito
11385;2026-01-19;1184;22;9;1;850;0%;850;Cartão de Crédito
11386;2026-05-10;2345;4;8;2;1400;0%;2800;Cartão de Débito
11387;2026-06-29;440;2;3;1;80;0%;80;Cartão de Débito
11388;2026-05-11;512;11;16;1;3800;0%;3800;Cartão de Crédito
11389;2026-01-18;41;13;1;1;2900;0%;2900;Cartão de Débito
11390;2025-12-23;1050;32;12;2;480;0%;960;Cartão de Crédito
11391;2026-04-01;2163;17;17;1;650;0%;650;Cartão de Crédito
11392;2026-08-30;1135;5;17;1;950;0%;950;Cartão de Crédito
11393;2026-04-02;1350;1;16;2;4500;5%;8550;Boleto
11394;2025-12-27;1962;44;10;2;55;0%;110;Pix
11395;2026-02-01;2453;4;13;2;1400;0%;2800;Cartão de Crédito
11396;2026-04-07;1545;38;1;1;390;0%;390;Cartão de Crédito
11397;2026-04-26;554;6;8;3;220;5%;627;Cartão de Débito
11398;2026-04-01;1551;24;2;3;380;0%;1140;Pix
11399;2026-02-08;1925;9;9;1;150;0%;150;Pix
11400;2025-11-04;607;20;1;1;190;0%;190;Pix
11401;2026-06-24;433;4;18;2;1400;0%;2800;Cartão de Crédito
11402;2025-09-12;791;2;14;1;80;0%;80;Cartão de Crédito
11403;2026-06-03;2434;29;7;1;380;0%;380;Pix
11404;2026-05-26;631;21;12;3;1600;0%;4800;Pix
11405;2025-11-18;2186;20;10;1;190;0%;190;Cartão de Crédito
11406;2025-09-14;1254;20;7;1;190;0%;190;Boleto
11407;2026-07-06;1012;12;12;1;180;0%;180;Pix
11408;2025-11-10;1648;9;1;1;150;0%;150;Cartão de Crédito
11409;2025-11-21;1622;17;11;2;650;0%;1300;Cartão de Crédito
11410;2026-05-17;1807;7;12;3;320;0%;960;Pix
11411;2025-11-18;1764;21;14;2;1600;0%;3200;Cartão de Débito
11412;2026-06-26;1187;17;18;1;650;0%;650;Cartão de Crédito
11413;2025-10-08;889;29;4;1;380;0%;380;Boleto
11414;2026-04-18;805;28;13;1;420;5%;399;Pix
11415;2026-05-10;2144;25;3;2;310;0%;620;Pix
11416;2026-05-05;1291;32;5;1;480;0%;480;Pix
11417;2026-01-23;2268;25;3;1;310;10%;279;Boleto
11418;2026-01-17;1386;19;8;1;490;0%;490;Cartão de Crédito
11419;2026-05-19;1579;13;9;1;2900;5%;2755;Cartão de Crédito
11420;2025-12-01;2498;38;17;1;390;0%;390;Cartão de Crédito
11421;2026-01-07;902;12;1;1;180;0%;180;Cartão de Crédito
11422;2025-12-28;1466;36;8;2;550;0%;1100;Cartão de Crédito
11423;2026-07-15;1502;12;5;1;180;0%;180;Pix
11424;2026-09-04;1627;38;2;1;390;0%;390;Cartão de Crédito
11425;2026-06-06;2201;4;12;3;1400;0%;4200;Cartão de Débito
11426;2025-12-17;741;5;18;1;950;0%;950;Cartão de Crédito
11427;2026-05-09;970;15;10;1;750;0%;750;Cartão de Crédito
11428;2026-09-07;124;9;3;3;150;0%;450;Cartão de Débito
11429;2025-10-25;1041;5;16;1;950;0%;950;Cartão de Débito
11430;2026-02-14;1865;38;11;2;390;0%;780;Cartão de Crédito
11431;2026-01-29;2005;39;7;1;290;0%;290;Cartão de Crédito
11432;2026-08-22;1842;4;15;1;1400;0%;1400;Pix
11433;2025-09-30;1129;4;2;1;1400;0%;1400;Pix
11434;2026-07-03;1709;1;15;1;4500;10%;4050;Cartão de Crédito
11435;2026-06-12;278;10;10;1;50;0%;50;Pix
11436;2026-03-17;1595;16;11;3;520;0%;1560;Boleto
11437;2026-07-03;1964;16;15;1;520;0%;520;Cartão de Crédito
11438;2026-01-09;2497;25;13;2;310;0%;620;Cartão de Crédito
11439;2025-10-30;129;12;7;1;180;0%;180;Pix
11440;2026-08-29;1028;24;1;1;380;0%;380;Pix
11441;2026-03-06;1926;33;7;3;1200;0%;3600;Cartão de Crédito
11442;2026-04-05;2218;14;4;1;350;10%;315;Pix
11443;2025-10-08;2126;29;1;1;380;0%;380;Pix
11444;2026-02-09;449;2;16;1;80;0%;80;Boleto
11445;2026-02-19;1759;19;9;1;490;0%;490;Cartão de Crédito
11446;2025-12-30;130;28;16;1;420;0%;420;Pix
11447;2026-09-12;662;22;4;1;850;0%;850;Cartão de Crédito
11448;2026-08-28;2060;15;17;1;750;0%;750;Boleto
11449;2026-05-03;1860;21;3;1;1600;0%;1600;Pix
11450;2026-08-24;1739;32;4;1;480;5%;456;Cartão de Crédito
11451;2026-03-29;1312;3;17;1;250;0%;250;Cartão de Crédito
11452;2026-05-06;742;23;8;3;400;0%;1200;Cartão de Crédito
11453;2026-04-10;1013;13;10;1;2900;0%;2900;Cartão de Crédito
11454;2025-10-17;487;37;2;1;140;5%;133;Boleto
11455;2026-01-25;2204;40;11;1;600;5%;570;Boleto
11456;2026-04-25;2278;39;14;3;290;0%;870;Cartão de Crédito
11457;2026-04-30;453;19;5;2;490;0%;980;Pix
11458;2026-03-28;1343;2;16;1;80;0%;80;Cartão de Crédito
11459;2026-09-02;655;40;18;2;600;0%;1200;Pix
11460;2025-10-16;2267;17;5;1;650;5%;617,5;Pix
11461;2026-07-09;482;33;6;1;1200;10%;1080;Cartão de Crédito
11462;2026-05-21;2303;11;18;1;3800;0%;3800;Boleto
11463;2026-05-30;1504;22;6;3;850;0%;2550;Pix
11464;2026-01-22;2366;22;3;1;850;5%;807,5;Boleto
11465;2026-07-28;1657;15;1;1;750;0%;750;Pix
11466;2026-08-04;2171;11;10;1;3800;0%;3800;Cartão de Crédito
11467;2025-11-02;1425;36;18;1;550;0%;550;Cartão de Crédito
11468;2026-03-02;1507;5;7;1;950;0%;950;Pix
11469;2026-05-08;930;6;2;1;220;0%;220;Cartão de Crédito
11470;2026-09-08;1140;10;7;1;50;0%;50;Cartão de Crédito
11471;2026-05-03;1706;4;7;1;1400;0%;1400;Cartão de Crédito
11472;2025-11-14;2170;17;11;1;650;0%;650;Cartão de Crédito
11473;2026-03-19;2317;28;13;1;420;0%;420;Cartão de Crédito
11474;2026-05-22;90;5;16;1;950;0%;950;Pix
11475;2025-11-14;1783;12;9;1;180;5%;171;Cartão de Crédito
11476;2026-01-20;2243;23;4;1;400;0%;400;Pix
11477;2026-01-28;1252;34;1;2;890;0%;1780;Cartão de Crédito
11478;2025-09-14;243;37;9;2;140;0%;280;Cartão de Crédito
11479;2025-09-30;1821;5;12;3;950;0%;2850;Cartão de Crédito
11480;2026-04-10;185;30;5;1;160;0%;160;Cartão de Crédito
11481;2026-01-12;504;24;2;1;380;5%;361;Cartão de Crédito
11482;2026-04-16;1280;19;2;1;490;0%;490;Cartão de Crédito
11483;2026-04-27;2488;13;16;2;2900;0%;5800;Pix
11484;2025-12-02;2394;2;14;1;80;0%;80;Cartão de Crédito
11485;2026-06-07;661;27;6;4;350;0%;1400;Cartão de Crédito
11486;2026-06-26;2062;31;11;1;120;5%;114;Cartão de Crédito
11487;2026-02-15;631;12;15;3;180;0%;540;Cartão de Crédito
11488;2025-12-26;1096;15;9;2;750;5%;1425;Cartão de Crédito
11489;2026-07-10;1989;4;5;2;1400;0%;2800;Cartão de Crédito
11490;2026-03-22;471;23;16;2;400;0%;800;Cartão de Crédito
11491;2026-08-31;799;9;14;2;150;5%;285;Boleto
11492;2026-04-08;1318;22;9;1;850;0%;850;Cartão de Crédito
11493;2026-04-28;1501;4;17;1;1400;5%;1330;Pix
11494;2026-05-06;2295;19;8;1;490;0%;490;Boleto
11495;2026-08-19;1984;23;3;1;400;0%;400;Pix
11496;2025-10-12;1322;5;7;1;950;0%;950;Pix
11497;2026-07-09;586;24;12;5;380;0%;1900;Boleto
11498;2026-08-09;2418;19;2;2;490;0%;980;Cartão de Débito
11499;2026-04-20;2030;26;15;1;2200;0%;2200;Pix
11500;2025-11-12;2287;4;11;1;1400;5%;1330;Pix
11501;2025-12-20;1644;14;1;1;350;0%;350;Cartão de Crédito
11502;2026-08-03;438;5;16;1;950;0%;950;Boleto
11503;2026-02-07;920;3;1;1;250;5%;237,5;Pix
11504;2026-01-21;251;3;6;1;250;0%;250;Cartão de Crédito
11505;2026-03-10;1545;13;2;2;2900;10%;5220;Pix
11506;2025-10-05;1203;11;4;1;3800;0%;3800;Cartão de Crédito
11507;2025-12-23;408;3;14;1;250;0%;250;Pix
11508;2026-08-27;1626;24;16;1;380;0%;380;Cartão de Débito
11509;2026-05-08;1443;40;5;2;600;10%;1080;Cartão de Crédito
11510;2026-05-15;3;9;15;1;150;0%;150;Cartão de Crédito
11511;2025-11-07;638;1;15;2;4500;0%;9000;Cartão de Crédito
11512;2026-07-03;1920;5;4;3;950;5%;2707,5;Cartão de Crédito
11513;2026-04-24;1762;10;7;2;50;0%;100;Cartão de Débito
11514;2026-02-25;38;6;14;1;220;0%;220;Pix
11515;2026-02-10;731;25;15;5;310;0%;1550;Cartão de Crédito
11516;2025-12-01;2333;21;1;1;1600;0%;1600;Pix
11517;2026-08-30;1205;16;7;1;520;0%;520;Cartão de Crédito
11518;2026-06-01;2244;2;4;1;80;0%;80;Cartão de Crédito
11519;2026-05-19;1668;6;15;1;220;0%;220;Cartão de Crédito
11520;2026-04-03;555;23;6;1;400;0%;400;Cartão de Crédito
11521;2026-04-24;142;44;5;2;55;0%;110;Pix
11522;2026-03-09;1278;2;8;1;80;0%;80;Boleto
11523;2025-10-18;1624;15;8;2;750;0%;1500;Cartão de Crédito
11524;2026-07-03;274;35;11;1;250;0%;250;Cartão de Crédito
11525;2026-05-31;1266;39;14;1;290;0%;290;Cartão de Crédito
11526;2026-01-29;1977;9;5;1;150;10%;135;Cartão de Crédito
11527;2026-03-02;1715;13;2;1;2900;0%;2900;Pix
11528;2026-02-03;1573;2;15;1;80;0%;80;Cartão de Crédito
11529;2026-06-01;646;32;2;1;480;0%;480;Cartão de Crédito
11530;2026-08-27;837;35;14;2;250;0%;500;Cartão de Crédito
11531;2026-07-26;88;1;13;2;4500;5%;8550;Boleto
11532;2026-09-02;441;9;11;1;150;0%;150;Cartão de Débito
11533;2026-09-10;1438;11;2;2;3800;0%;7600;Pix
11534;2026-08-17;757;26;13;5;2200;0%;11000;Cartão de Crédito
11535;2025-10-15;974;38;9;1;390;0%;390;Pix
11536;2025-09-27;1931;4;8;1;1400;0%;1400;Boleto
11537;2025-10-29;554;14;5;1;350;0%;350;Pix
11538;2026-08-22;228;3;14;1;250;0%;250;Boleto
11539;2026-03-27;1799;20;14;2;190;10%;342;Cartão de Crédito
11540;2026-04-07;1323;29;10;1;380;0%;380;Cartão de Débito
11541;2026-08-13;18;11;11;1;3800;0%;3800;Cartão de Crédito
11542;2026-01-09;733;14;9;1;350;0%;350;Boleto
11543;2025-12-01;467;32;14;1;480;0%;480;Cartão de Crédito
11544;2026-06-28;1137;19;8;1;490;0%;490;Cartão de Débito
11545;2026-03-02;917;19;6;1;490;0%;490;Cartão de Débito
11546;2026-05-26;1780;13;3;2;2900;0%;5800;Cartão de Crédito
11547;2026-05-08;2254;33;1;2;1200;10%;2160;Pix
11548;2026-03-18;2270;15;3;2;750;0%;1500;Cartão de Crédito
11549;2026-01-12;2128;1;2;2;4500;0%;9000;Pix
11550;2026-03-01;1856;22;8;3;850;0%;2550;Boleto
11551;2025-12-16;475;4;8;1;1400;5%;1330;Cartão de Débito
11552;2026-03-24;1817;7;18;1;320;5%;304;Pix
11553;2026-08-12;2295;4;13;1;1400;10%;1260;Cartão de Crédito
11554;2026-02-10;1462;19;11;1;490;0%;490;Cartão de Crédito
11555;2026-03-21;547;9;14;1;150;5%;142,5;Pix
11556;2025-11-07;1292;10;4;1;50;0%;50;Cartão de Crédito
11557;2025-09-27;1805;4;1;2;1400;0%;2800;Boleto
11558;2026-03-09;1497;11;16;1;3800;5%;3610;Boleto
11559;2025-09-16;1492;19;6;3;490;10%;1323;Boleto
11560;2026-07-27;1530;22;2;1;850;0%;850;Pix
11561;2026-06-26;1633;9;18;1;150;0%;150;Cartão de Crédito
11562;2026-05-22;1094;21;10;1;1600;0%;1600;Pix
11563;2025-10-29;519;22;7;1;850;0%;850;Boleto
11564;2026-03-06;2404;34;18;1;890;0%;890;Cartão de Crédito
11565;2026-07-10;1778;7;6;1;320;0%;320;Boleto
11566;2026-02-21;2300;11;13;1;3800;0%;3800;Cartão de Crédito
11567;2026-07-14;617;21;13;1;1600;0%;1600;Pix
11568;2026-01-16;1285;11;14;1;3800;5%;3610;Cartão de Débito
11569;2025-09-24;144;23;13;1;400;0%;400;Cartão de Crédito
11570;2026-08-09;767;17;11;2;650;5%;1235;Pix
11571;2026-08-18;1417;1;3;1;4500;0%;4500;Cartão de Débito
11572;2026-03-18;358;5;16;1;950;10%;855;Cartão de Crédito
11573;2026-07-09;1830;3;12;1;250;0%;250;Cartão de Crédito
11574;2025-10-20;2397;19;7;1;490;0%;490;Pix
11575;2026-05-13;2134;30;9;1;160;5%;152;Cartão de Crédito
11576;2026-07-10;1371;14;7;1;350;0%;350;Boleto
11577;2025-10-16;708;19;15;1;490;0%;490;Pix
11578;2025-12-22;1095;29;9;1;380;10%;342;Cartão de Crédito
11579;2026-03-02;2171;15;1;1;750;0%;750;Cartão de Crédito
11580;2026-08-20;271;6;16;2;220;0%;440;Pix
11581;2026-04-16;654;25;4;1;310;0%;310;Boleto
11582;2025-12-22;1102;19;14;1;490;0%;490;Cartão de Crédito
11583;2025-10-27;1625;8;9;1;110;0%;110;Cartão de Crédito
11584;2026-08-27;1543;30;3;1;160;5%;152;Cartão de Crédito
11585;2026-02-22;610;35;14;3;250;0%;750;Cartão de Crédito
11586;2026-03-02;1017;18;5;1;280;0%;280;Cartão de Crédito
11587;2025-11-23;523;25;9;1;310;0%;310;Pix
11588;2026-04-30;161;28;17;3;420;0%;1260;Cartão de Crédito
11589;2025-10-30;10;41;4;1;45;5%;42,75;Pix
11590;2026-01-28;2163;26;4;1;2200;5%;2090;Cartão de Débito
11591;2025-12-06;2388;17;15;1;650;0%;650;Cartão de Débito
11592;2025-10-19;2288;8;18;1;110;0%;110;Boleto
11593;2026-01-29;179;17;18;1;650;0%;650;Pix
11594;2026-07-16;1029;26;8;1;2200;0%;2200;Cartão de Débito
11595;2026-04-29;1238;15;18;4;750;10%;2700;Cartão de Crédito
11596;2026-08-19;490;3;5;2;250;0%;500;Boleto
11597;2026-04-05;2111;18;4;3;280;0%;840;Cartão de Crédito
11598;2026-05-19;2464;7;8;2;320;0%;640;Pix
11599;2025-09-16;59;3;17;3;250;5%;712,5;Pix
11600;2025-09-21;1326;28;17;1;420;0%;420;Cartão de Crédito
11601;2026-06-16;2428;28;1;1;420;0%;420;Cartão de Crédito
11602;2026-02-27;2081;10;2;1;50;0%;50;Pix
11603;2026-06-18;495;12;9;1;180;0%;180;Pix
11604;2025-09-20;789;3;7;2;250;10%;450;Pix
11605;2026-02-03;104;16;11;1;520;0%;520;Cartão de Débito
11606;2025-09-29;2265;25;4;1;310;0%;310;Boleto
11607;2026-09-02;198;17;11;1;650;0%;650;Cartão de Crédito
11608;2026-03-23;907;7;11;1;320;0%;320;Cartão de Crédito
11609;2026-08-06;2123;30;14;1;160;10%;144;Cartão de Crédito
11610;2026-07-11;2418;34;2;1;890;5%;845,5;Pix
11611;2026-08-02;756;37;4;1;140;0%;140;Cartão de Crédito
11612;2026-01-10;281;19;4;2;490;0%;980;Pix
11613;2026-04-10;1700;33;10;2;1200;0%;2400;Cartão de Crédito
11614;2026-04-14;91;34;5;1;890;0%;890;Cartão de Crédito
11615;2026-08-03;308;1;6;1;4500;5%;4275;Cartão de Crédito
11616;2026-02-07;1762;11;15;2;3800;0%;7600;Cartão de Débito
11617;2026-04-16;1058;25;5;2;310;0%;620;Cartão de Crédito
11618;2026-05-28;471;9;5;1;150;5%;142,5;Pix
11619;2026-09-08;1421;37;17;1;140;0%;140;Cartão de Crédito
11620;2025-12-18;1625;37;6;1;140;10%;126;Pix
11621;2025-10-08;1873;12;9;1;180;0%;180;Pix
11622;2026-07-27;2086;38;18;1;390;0%;390;Pix
11623;2026-01-24;2396;7;11;1;320;0%;320;Pix
11624;2026-07-15;307;7;6;2;320;0%;640;Boleto
11625;2026-03-30;19;26;5;2;2200;0%;4400;Pix
11626;2025-09-12;1003;13;8;1;2900;0%;2900;Cartão de Crédito
11627;2025-10-22;1064;1;14;1;4500;0%;4500;Pix
11628;2026-03-20;1710;3;12;4;250;0%;1000;Cartão de Crédito
11629;2026-05-23;492;4;14;1;1400;0%;1400;Pix
11630;2026-03-31;1452;45;16;2;180;0%;360;Cartão de Crédito
11631;2026-06-01;396;18;7;2;280;0%;560;Cartão de Débito
11632;2025-09-23;1170;24;12;2;380;0%;760;Boleto
11633;2025-10-11;1242;10;8;2;50;0%;100;Cartão de Crédito
11634;2026-05-26;2334;24;13;1;380;0%;380;Cartão de Débito
11635;2026-02-07;412;11;13;2;3800;0%;7600;Cartão de Crédito
11636;2026-01-28;1441;1;2;1;4500;0%;4500;Cartão de Débito
11637;2026-06-09;1580;31;5;3;120;0%;360;Boleto
11638;2026-09-08;2309;6;11;1;220;0%;220;Cartão de Débito
11639;2025-12-18;534;8;5;1;110;0%;110;Cartão de Crédito
11640;2026-01-05;95;12;16;1;180;5%;171;Boleto
11641;2025-11-26;1111;4;18;3;1400;0%;4200;Cartão de Crédito
11642;2026-05-20;1580;5;9;3;950;0%;2850;Cartão de Crédito
11643;2025-10-30;764;3;14;1;250;0%;250;Cartão de Crédito
11644;2025-11-01;892;12;12;1;180;0%;180;Cartão de Crédito
11645;2026-03-16;2008;14;9;3;350;0%;1050;Pix
11646;2026-02-23;2229;30;13;1;160;5%;152;Boleto
11647;2025-11-11;2065;7;1;1;320;5%;304;Cartão de Crédito
11648;2026-08-30;1323;44;17;2;55;0%;110;Cartão de Crédito
11649;2025-12-23;2362;6;8;2;220;0%;440;Cartão de Crédito
11650;2026-02-18;149;21;17;1;1600;0%;1600;Pix
11651;2026-01-02;1512;7;9;3;320;0%;960;Cartão de Crédito
11652;2026-08-02;1144;33;5;1;1200;0%;1200;Pix
11653;2026-08-23;1941;30;17;1;160;0%;160;Pix
11654;2026-06-10;1446;25;18;1;310;0%;310;Cartão de Crédito
11655;2026-05-31;512;11;6;1;3800;0%;3800;Cartão de Crédito
11656;2025-09-19;1776;33;13;1;1200;5%;1140;Boleto
11657;2026-03-21;1561;7;7;2;320;0%;640;Boleto
11658;2025-12-12;1518;1;14;2;4500;0%;9000;Cartão de Crédito
11659;2025-11-23;1878;14;14;1;350;5%;332,5;Pix
11660;2026-08-30;669;16;5;1;520;5%;494;Cartão de Crédito
11661;2026-01-12;1698;8;18;1;110;0%;110;Cartão de Crédito
11662;2026-01-10;340;2;6;2;80;0%;160;Cartão de Crédito
11663;2026-05-10;1395;26;8;1;2200;0%;2200;Cartão de Crédito
11664;2026-01-20;503;26;18;2;2200;5%;4180;Pix
11665;2025-12-26;2488;12;12;2;180;0%;360;Boleto
11666;2026-03-04;1927;14;18;1;350;0%;350;Pix
11667;2025-09-28;660;9;5;2;150;0%;300;Cartão de Crédito
11668;2026-06-02;73;40;3;3;600;0%;1800;Cartão de Crédito
11669;2026-05-02;2037;7;3;1;320;0%;320;Cartão de Crédito
11670;2026-08-25;110;28;14;2;420;0%;840;Pix
11671;2025-11-17;2311;4;10;1;1400;0%;1400;Cartão de Crédito
11672;2026-03-16;73;5;5;1;950;5%;902,5;Pix
11673;2026-03-28;2341;32;10;1;480;0%;480;Cartão de Débito
11674;2026-01-26;1863;19;8;2;490;0%;980;Pix
11675;2026-03-17;875;32;9;3;480;0%;1440;Cartão de Crédito
11676;2025-10-30;1155;7;8;1;320;0%;320;Cartão de Crédito
11677;2026-07-27;300;29;1;1;380;5%;361;Cartão de Crédito
11678;2026-01-01;763;5;8;1;950;5%;902,5;Cartão de Crédito
11679;2026-09-05;507;36;17;5;550;5%;2612,5;Cartão de Crédito
11680;2026-04-20;1749;45;15;1;180;0%;180;Pix
11681;2026-07-02;205;13;14;1;2900;5%;2755;Pix
11682;2026-04-16;1993;24;9;2;380;0%;760;Pix
11683;2026-05-10;1975;42;5;4;35;0%;140;Cartão de Crédito
11684;2025-10-08;400;2;3;1;80;0%;80;Cartão de Crédito
11685;2026-08-16;252;7;10;1;320;0%;320;Pix
11686;2025-09-12;2259;27;8;1;350;0%;350;Pix
11687;2026-05-30;1026;3;8;3;250;10%;675;Pix
11688;2026-05-09;2285;10;6;1;50;5%;47,5;Pix
11689;2026-04-01;74;40;3;1;600;0%;600;Pix
11690;2026-08-06;2238;29;15;3;380;0%;1140;Pix
11691;2026-05-10;1949;6;12;2;220;0%;440;Cartão de Crédito
11692;2026-08-07;909;3;7;1;250;5%;237,5;Boleto
11693;2026-02-03;584;25;5;1;310;0%;310;Cartão de Crédito
11694;2026-02-25;868;8;8;1;110;0%;110;Cartão de Crédito
11695;2026-07-24;532;1;5;1;4500;5%;4275;Pix
11696;2026-01-25;525;40;12;1;600;0%;600;Pix
11697;2026-05-22;1954;10;15;1;50;5%;47,5;Pix
11698;2025-12-13;1868;3;15;1;250;0%;250;Pix
11699;2026-01-19;1484;24;15;1;380;5%;361;Cartão de Crédito
11700;2026-08-23;1389;2;2;2;80;0%;160;Pix
11701;2025-12-05;437;6;17;1;220;5%;209;Cartão de Crédito
11702;2026-06-08;1411;12;6;1;180;0%;180;Pix
11703;2025-10-29;409;6;10;1;220;0%;220;Cartão de Crédito
11704;2026-06-08;1266;16;14;1;520;0%;520;Cartão de Crédito
11705;2025-09-29;931;17;13;1;650;0%;650;Pix
11706;2025-12-18;2176;16;8;4;520;0%;2080;Cartão de Crédito
11707;2026-07-07;1623;23;18;2;400;0%;800;Boleto
11708;2026-05-20;2221;12;17;1;180;0%;180;Pix
11709;2026-02-11;723;13;1;2;2900;0%;5800;Pix
11710;2026-08-19;1169;9;15;1;150;0%;150;Pix
11711;2026-02-28;2408;7;18;1;320;0%;320;Cartão de Débito
11712;2026-01-16;1510;24;17;1;380;0%;380;Cartão de Débito
11713;2026-07-13;1275;22;15;1;850;0%;850;Cartão de Crédito
11714;2026-05-13;230;17;13;1;650;0%;650;Cartão de Crédito
11715;2026-07-04;1002;9;6;1;150;0%;150;Cartão de Débito
11716;2026-06-08;1395;3;8;1;250;10%;225;Pix
11717;2025-11-17;224;5;5;3;950;5%;2707,5;Boleto
11718;2026-02-21;1272;5;14;1;950;0%;950;Cartão de Crédito
11719;2025-10-23;1720;12;16;4;180;0%;720;Boleto
11720;2026-07-12;1188;24;14;1;380;0%;380;Cartão de Crédito
11721;2026-04-27;1853;5;17;4;950;0%;3800;Pix
11722;2026-08-18;280;22;17;2;850;5%;1615;Cartão de Crédito
11723;2026-06-30;2117;35;14;2;250;0%;500;Pix
11724;2025-12-31;1697;2;3;1;80;0%;80;Pix
11725;2026-01-05;2352;22;11;3;850;5%;2422,5;Cartão de Crédito
11726;2026-07-25;1191;42;11;1;35;5%;33,25;Cartão de Crédito
11727;2026-07-08;554;12;3;1;180;0%;180;Boleto
11728;2025-11-09;2295;8;11;2;110;0%;220;Cartão de Crédito
11729;2026-04-24;709;16;8;2;520;10%;936;Boleto
11730;2026-08-01;1361;30;2;1;160;0%;160;Cartão de Crédito
11731;2025-10-26;1151;43;15;1;65;0%;65;Pix
11732;2025-12-30;2025;12;16;1;180;0%;180;Boleto
11733;2026-07-01;1731;9;5;1;150;0%;150;Cartão de Crédito
11734;2026-04-05;806;4;17;2;1400;0%;2800;Pix
11735;2026-07-07;1553;11;12;1;3800;0%;3800;Cartão de Crédito
11736;2026-02-08;2305;12;16;2;180;0%;360;Pix
11737;2026-08-25;1904;17;3;1;650;0%;650;Cartão de Crédito
11738;2026-09-09;1961;6;18;1;220;0%;220;Cartão de Crédito
11739;2026-07-30;630;28;5;1;420;0%;420;Cartão de Crédito
11740;2025-09-22;181;15;18;1;750;0%;750;Boleto
11741;2026-08-08;506;38;1;1;390;0%;390;Cartão de Crédito
11742;2025-09-27;400;28;9;3;420;0%;1260;Pix
11743;2025-12-12;2067;17;14;1;650;0%;650;Cartão de Crédito
11744;2026-08-19;1705;18;2;1;280;0%;280;Cartão de Crédito
11745;2026-04-02;747;23;11;1;400;0%;400;Cartão de Crédito
11746;2025-10-25;1319;23;16;3;400;0%;1200;Cartão de Débito
11747;2026-02-24;2401;5;11;3;950;0%;2850;Pix
11748;2025-11-06;1038;7;2;1;320;0%;320;Cartão de Crédito
11749;2026-06-28;1629;3;15;2;250;5%;475;Boleto
11750;2025-11-01;58;8;17;2;110;0%;220;Cartão de Crédito
11751;2025-09-16;7;10;9;1;50;5%;47,5;Cartão de Crédito
11752;2026-08-01;1447;32;17;2;480;0%;960;Cartão de Crédito
11753;2026-09-02;1982;17;6;1;650;0%;650;Cartão de Crédito
11754;2026-01-29;642;29;6;1;380;0%;380;Cartão de Débito
11755;2026-05-17;1201;28;13;1;420;0%;420;Cartão de Débito
11756;2026-04-16;1432;2;5;1;80;0%;80;Cartão de Crédito
11757;2026-07-26;1219;30;17;1;160;0%;160;Pix
11758;2025-12-22;184;37;12;2;140;0%;280;Cartão de Crédito
11759;2025-11-09;1871;12;4;1;180;0%;180;Cartão de Crédito
11760;2026-07-09;1904;22;5;1;850;0%;850;Cartão de Crédito
11761;2026-02-28;262;20;6;1;190;0%;190;Pix
11762;2026-08-12;890;28;9;3;420;0%;1260;Cartão de Crédito
11763;2025-12-26;963;30;11;3;160;0%;480;Pix
11764;2026-01-08;1770;33;15;1;1200;0%;1200;Cartão de Crédito
11765;2026-03-22;1833;19;16;1;490;0%;490;Cartão de Crédito
11766;2026-05-24;1820;14;7;1;350;0%;350;Pix
11767;2026-01-18;533;16;13;2;520;0%;1040;Pix
11768;2026-03-02;2180;14;16;1;350;0%;350;Pix
11769;2026-02-24;197;4;7;1;1400;0%;1400;Boleto
11770;2026-08-18;286;44;1;1;55;10%;49,5;Pix
11771;2026-02-12;2418;13;15;2;2900;0%;5800;Cartão de Débito
11772;2026-07-15;378;3;9;1;250;0%;250;Pix
11773;2025-09-12;1927;6;16;1;220;5%;209;Cartão de Crédito
11774;2025-10-20;747;5;17;1;950;0%;950;Cartão de Crédito
11775;2025-09-27;1692;29;3;1;380;0%;380;Cartão de Crédito
11776;2026-08-16;2362;4;2;2;1400;0%;2800;Boleto
11777;2026-05-16;1083;26;13;1;2200;0%;2200;Cartão de Crédito
11778;2026-04-01;1689;6;16;1;220;0%;220;Cartão de Crédito
11779;2026-08-20;1119;30;16;1;160;5%;152;Pix
11780;2025-11-28;370;15;15;1;750;0%;750;Cartão de Crédito
11781;2025-11-12;698;32;10;1;480;0%;480;Pix
11782;2026-01-07;1509;29;13;1;380;0%;380;Boleto
11783;2026-04-16;2050;36;8;1;550;0%;550;Pix
11784;2025-10-07;894;1;5;2;4500;0%;9000;Boleto
11785;2026-03-09;808;25;13;1;310;0%;310;Pix
11786;2026-07-02;1523;26;5;1;2200;0%;2200;Cartão de Crédito
11787;2026-03-16;1335;22;18;1;850;0%;850;Cartão de Crédito
11788;2026-04-28;1556;6;16;2;220;5%;418;Pix
11789;2025-12-26;1312;4;1;1;1400;0%;1400;Cartão de Crédito
11790;2026-05-12;2295;10;3;2;50;0%;100;Cartão de Crédito
11791;2025-10-10;2045;29;6;4;380;0%;1520;Cartão de Débito
11792;2026-06-06;918;27;10;1;350;0%;350;Boleto
11793;2026-05-06;1582;13;9;1;2900;0%;2900;Cartão de Crédito
11794;2026-04-12;295;27;6;1;350;0%;350;Cartão de Crédito
11795;2026-08-26;1552;10;3;1;50;0%;50;Pix
11796;2026-01-23;2497;28;7;2;420;0%;840;Cartão de Crédito
11797;2026-08-14;1659;28;8;1;420;0%;420;Cartão de Débito
11798;2025-11-05;2348;18;13;3;280;0%;840;Pix
11799;2025-12-11;1808;28;11;2;420;0%;840;Boleto
11800;2026-04-01;1222;2;9;1;80;0%;80;Pix
11801;2026-01-04;2377;5;2;1;950;0%;950;Boleto
11802;2026-07-07;1305;12;3;1;180;0%;180;Pix
11803;2026-07-31;2479;31;11;2;120;0%;240;Pix
11804;2026-04-01;1643;22;7;1;850;0%;850;Pix
11805;2025-09-20;253;34;13;1;890;0%;890;Pix
11806;2025-12-23;1598;29;5;1;380;0%;380;Cartão de Crédito
11807;2026-09-11;484;4;2;1;1400;0%;1400;Cartão de Crédito
11808;2026-03-14;317;28;13;2;420;0%;840;Cartão de Crédito
11809;2026-01-22;232;13;15;1;2900;0%;2900;Cartão de Crédito
11810;2026-05-31;1894;3;2;2;250;0%;500;Cartão de Débito
11811;2026-02-12;2054;13;4;1;2900;0%;2900;Pix
11812;2025-10-28;838;35;12;1;250;5%;237,5;Boleto
11813;2025-12-21;1952;44;8;1;55;0%;55;Cartão de Crédito
11814;2026-07-18;1703;24;12;1;380;0%;380;Cartão de Crédito
11815;2025-12-02;1978;44;6;1;55;0%;55;Cartão de Crédito
11816;2026-07-13;1299;4;18;3;1400;5%;3990;Pix
11817;2026-03-31;1805;3;15;1;250;0%;250;Cartão de Crédito
11818;2026-05-10;251;16;11;2;520;0%;1040;Pix
11819;2026-03-15;1222;42;17;1;35;0%;35;Boleto
11820;2026-07-12;2396;26;2;1;2200;0%;2200;Cartão de Débito
11821;2026-05-12;366;9;6;1;150;0%;150;Cartão de Crédito
11822;2026-09-02;2408;16;13;1;520;5%;494;Cartão de Crédito
11823;2026-07-20;2464;33;4;1;1200;0%;1200;Cartão de Débito
11824;2026-02-25;1198;14;18;1;350;0%;350;Cartão de Débito
11825;2025-12-14;1959;31;1;3;120;0%;360;Cartão de Débito
11826;2025-10-07;522;14;8;3;350;0%;1050;Cartão de Débito
11827;2026-01-01;430;4;7;1;1400;5%;1330;Cartão de Crédito
11828;2025-11-16;1602;19;17;5;490;0%;2450;Cartão de Crédito
11829;2026-07-01;799;1;16;2;4500;0%;9000;Cartão de Crédito
11830;2026-01-24;1724;41;1;1;45;0%;45;Pix
11831;2025-12-01;264;19;8;1;490;0%;490;Pix
11832;2026-04-22;2233;23;18;2;400;10%;720;Boleto
11833;2026-02-06;311;17;12;1;650;5%;617,5;Cartão de Débito
11834;2026-05-25;1975;26;3;1;2200;0%;2200;Cartão de Crédito
11835;2026-09-01;555;39;3;3;290;0%;870;Cartão de Crédito
11836;2026-06-08;1090;16;6;2;520;0%;1040;Cartão de Crédito
11837;2026-09-05;1534;25;3;1;310;0%;310;Cartão de Crédito
11838;2026-07-11;1447;41;14;3;45;0%;135;Cartão de Crédito
11839;2025-10-25;1938;5;14;1;950;0%;950;Cartão de Crédito
11840;2026-08-19;1494;42;11;3;35;5%;99,75;Pix
11841;2026-06-24;2458;15;6;2;750;0%;1500;Pix
11842;2025-11-30;902;3;12;2;250;0%;500;Cartão de Débito
11843;2026-03-16;532;9;18;1;150;0%;150;Cartão de Crédito
11844;2026-02-24;2279;7;16;1;320;0%;320;Cartão de Crédito
11845;2026-08-20;106;3;14;1;250;0%;250;Boleto
11846;2025-12-20;24;24;5;2;380;0%;760;Cartão de Crédito
11847;2025-11-26;2241;5;6;2;950;5%;1805;Pix
11848;2026-07-20;913;23;8;2;400;0%;800;Cartão de Crédito
11849;2026-03-13;589;31;18;2;120;0%;240;Cartão de Crédito
11850;2026-04-24;2160;19;16;1;490;0%;490;Cartão de Débito
11851;2025-11-04;1535;38;7;1;390;5%;370,5;Cartão de Crédito
11852;2026-03-10;2452;34;14;1;890;0%;890;Cartão de Crédito
11853;2026-02-12;1985;16;6;3;520;0%;1560;Pix
11854;2026-04-10;2156;4;10;2;1400;0%;2800;Cartão de Crédito
11855;2026-05-25;1090;29;14;2;380;0%;760;Pix
11856;2026-01-31;1475;19;11;1;490;10%;441;Pix
11857;2025-09-29;1864;27;5;5;350;0%;1750;Pix
11858;2026-06-05;1006;18;4;1;280;0%;280;Boleto
11859;2025-09-17;504;35;18;1;250;5%;237,5;Cartão de Crédito
11860;2026-03-11;202;8;17;3;110;0%;330;Cartão de Débito
11861;2026-06-18;202;22;18;1;850;0%;850;Cartão de Crédito
11862;2026-05-15;1295;2;13;2;80;0%;160;Cartão de Débito
11863;2026-02-17;1437;16;1;4;520;0%;2080;Cartão de Crédito
11864;2026-08-24;1387;2;18;3;80;0%;240;Boleto
11865;2025-11-07;50;3;11;1;250;0%;250;Boleto
11866;2026-06-10;44;5;4;1;950;5%;902,5;Boleto
11867;2025-09-12;2303;20;18;1;190;0%;190;Pix
11868;2026-08-26;1723;10;16;1;50;0%;50;Pix
11869;2026-07-13;2015;4;9;1;1400;10%;1260;Cartão de Crédito
11870;2026-01-19;2047;3;14;1;250;0%;250;Cartão de Crédito
11871;2025-10-22;2410;23;7;1;400;0%;400;Pix
11872;2026-04-28;2177;6;18;1;220;0%;220;Cartão de Crédito
11873;2026-04-18;1544;7;7;1;320;0%;320;Cartão de Crédito
11874;2026-03-27;1212;3;13;1;250;5%;237,5;Cartão de Crédito
11875;2026-02-28;993;32;8;2;480;0%;960;Cartão de Crédito
11876;2026-01-09;1231;20;15;1;190;0%;190;Pix
11877;2026-04-26;1133;6;14;1;220;5%;209;Cartão de Crédito
11878;2026-01-07;814;12;16;5;180;0%;900;Boleto
11879;2026-07-04;606;26;5;1;2200;0%;2200;Boleto
11880;2026-09-01;1763;14;6;3;350;0%;1050;Pix
11881;2026-05-27;469;22;3;4;850;10%;3060;Cartão de Crédito
11882;2026-03-07;3;4;6;3;1400;0%;4200;Cartão de Crédito
11883;2026-01-01;1987;9;10;2;150;5%;285;Boleto
11884;2025-12-26;2251;4;16;2;1400;0%;2800;Cartão de Crédito
11885;2026-01-15;1181;4;11;2;1400;0%;2800;Pix
11886;2025-10-07;1324;14;6;2;350;0%;700;Cartão de Crédito
11887;2025-11-10;2459;37;10;1;140;0%;140;Cartão de Débito
11888;2025-09-16;1309;16;1;1;520;0%;520;Cartão de Débito
11889;2026-01-19;1939;7;5;5;320;0%;1600;Pix
11890;2026-04-13;109;23;16;3;400;5%;1140;Cartão de Crédito
11891;2026-08-06;2309;25;14;1;310;0%;310;Pix
11892;2025-12-04;2438;36;3;3;550;0%;1650;Cartão de Crédito
11893;2026-01-28;1456;5;16;1;950;10%;855;Cartão de Crédito
11894;2026-04-30;968;11;14;2;3800;0%;7600;Cartão de Crédito
11895;2026-03-24;66;15;18;1;750;0%;750;Pix
11896;2026-02-21;2379;5;4;1;950;0%;950;Boleto
11897;2026-07-19;2281;7;3;1;320;0%;320;Cartão de Crédito
11898;2026-04-24;1221;20;16;1;190;5%;180,5;Cartão de Crédito
11899;2026-01-08;1593;20;14;2;190;5%;361;Pix
11900;2026-03-17;840;22;15;2;850;5%;1615;Cartão de Crédito
11901;2026-08-08;2166;38;17;1;390;0%;390;Cartão de Crédito
11902;2026-03-10;2147;11;15;2;3800;0%;7600;Pix
11903;2026-02-12;2073;18;12;1;280;0%;280;Cartão de Débito
11904;2026-08-13;1484;1;15;4;4500;0%;18000;Cartão de Crédito
11905;2025-11-10;1003;36;4;2;550;0%;1100;Boleto
11906;2026-08-01;2193;17;9;2;650;0%;1300;Cartão de Crédito
11907;2026-01-24;1082;19;13;1;490;0%;490;Cartão de Crédito
11908;2025-10-15;1783;21;8;1;1600;10%;1440;Boleto
11909;2026-06-28;1312;30;6;2;160;0%;320;Cartão de Crédito
11910;2026-03-04;1962;3;9;1;250;0%;250;Cartão de Crédito
11911;2026-05-14;1953;6;16;2;220;0%;440;Cartão de Débito
11912;2026-02-01;971;17;15;1;650;0%;650;Cartão de Crédito
11913;2026-08-05;647;22;3;1;850;0%;850;Boleto
11914;2025-11-23;911;10;17;2;50;0%;100;Pix
11915;2026-01-30;2111;5;15;2;950;0%;1900;Cartão de Crédito
11916;2026-04-27;1513;9;13;1;150;10%;135;Pix
11917;2025-10-19;334;9;18;2;150;0%;300;Cartão de Crédito
11918;2026-06-27;2127;9;16;1;150;0%;150;Cartão de Crédito
11919;2026-03-01;1530;21;16;3;1600;0%;4800;Pix
11920;2026-07-12;2204;9;8;2;150;0%;300;Boleto
11921;2025-11-15;768;33;2;1;1200;0%;1200;Cartão de Crédito
11922;2026-08-05;117;24;2;1;380;10%;342;Cartão de Crédito
11923;2026-02-24;2414;10;1;1;50;5%;47,5;Pix
11924;2026-02-22;1175;41;12;1;45;0%;45;Cartão de Crédito
11925;2025-11-09;1795;15;8;1;750;5%;712,5;Cartão de Crédito
11926;2026-03-25;1320;31;18;3;120;0%;360;Cartão de Crédito
11927;2026-03-17;1165;19;2;4;490;5%;1862;Cartão de Crédito
11928;2026-02-24;2324;31;3;5;120;5%;570;Cartão de Crédito
11929;2026-07-01;918;3;9;1;250;0%;250;Cartão de Crédito
11930;2026-02-14;758;24;10;4;380;0%;1520;Cartão de Débito
11931;2026-04-09;515;37;16;2;140;5%;266;Pix
11932;2025-11-03;552;45;7;1;180;0%;180;Pix
11933;2026-07-21;960;6;8;2;220;0%;440;Cartão de Crédito
11934;2025-10-10;1665;1;11;1;4500;5%;4275;Cartão de Crédito
11935;2026-01-11;829;21;12;3;1600;0%;4800;Boleto
11936;2025-12-20;1510;11;16;1;3800;0%;3800;Pix
11937;2026-02-19;2398;9;18;1;150;0%;150;Cartão de Crédito
11938;2025-09-22;2337;19;13;2;490;5%;931;Pix
11939;2025-12-01;2064;17;6;3;650;0%;1950;Cartão de Crédito
11940;2026-09-07;492;39;13;1;290;0%;290;Cartão de Crédito
11941;2025-09-12;2152;20;16;2;190;0%;380;Cartão de Crédito
11942;2026-06-25;2003;20;11;1;190;5%;180,5;Cartão de Crédito
11943;2026-08-02;1928;32;17;2;480;5%;912;Cartão de Crédito
11944;2026-08-11;2262;20;5;1;190;5%;180,5;Pix
11945;2026-09-06;1951;44;7;1;55;0%;55;Boleto
11946;2026-05-08;1741;37;8;2;140;10%;252;Cartão de Crédito
11947;2025-10-06;2409;15;16;1;750;5%;712,5;Boleto
11948;2026-05-03;900;2;17;1;80;0%;80;Cartão de Crédito
11949;2026-01-16;1792;30;13;1;160;0%;160;Pix
11950;2026-04-10;112;34;16;1;890;0%;890;Cartão de Crédito
11951;2026-08-14;2333;6;16;1;220;10%;198;Pix
11952;2026-05-27;1335;5;11;2;950;0%;1900;Pix
11953;2025-09-17;227;29;10;1;380;0%;380;Cartão de Crédito
11954;2026-02-01;1491;45;2;1;180;10%;162;Cartão de Crédito
11955;2026-04-27;576;13;13;1;2900;0%;2900;Cartão de Débito
11956;2025-12-01;2498;41;1;2;45;5%;85,5;Pix
11957;2026-08-29;335;34;1;2;890;0%;1780;Cartão de Crédito
11958;2026-04-26;948;17;6;1;650;10%;585;Pix
11959;2026-08-31;605;8;13;1;110;5%;104,5;Cartão de Débito
11960;2026-03-13;606;2;15;2;80;0%;160;Cartão de Crédito
11961;2026-06-03;649;35;12;5;250;5%;1187,5;Pix
11962;2026-02-07;1581;10;8;2;50;0%;100;Boleto
11963;2025-09-20;1363;27;10;1;350;0%;350;Cartão de Crédito
11964;2026-08-21;322;11;12;1;3800;0%;3800;Cartão de Crédito
11965;2026-04-17;2048;24;4;1;380;0%;380;Cartão de Crédito
11966;2025-10-16;1880;9;15;1;150;0%;150;Cartão de Débito
11967;2026-02-22;833;37;18;1;140;0%;140;Pix
11968;2026-04-26;675;20;9;2;190;0%;380;Cartão de Crédito
11969;2026-08-04;1294;7;18;2;320;0%;640;Cartão de Crédito
11970;2025-10-28;2418;30;18;1;160;0%;160;Pix
11971;2026-05-05;141;7;17;1;320;0%;320;Boleto
11972;2026-08-21;2052;42;10;1;35;0%;35;Cartão de Débito
11973;2025-09-15;2027;32;11;2;480;0%;960;Pix
11974;2026-09-11;1292;28;7;2;420;0%;840;Cartão de Crédito
11975;2026-08-31;2256;39;1;2;290;0%;580;Cartão de Crédito
11976;2026-03-17;802;24;13;3;380;0%;1140;Cartão de Crédito
11977;2026-03-04;1955;11;5;2;3800;0%;7600;Pix
11978;2026-04-23;2137;11;7;1;3800;0%;3800;Pix
11979;2026-07-26;1520;3;2;1;250;0%;250;Cartão de Crédito
11980;2026-05-02;99;41;12;2;45;0%;90;Cartão de Crédito
11981;2025-10-24;778;7;2;1;320;0%;320;Cartão de Crédito
11982;2026-04-09;2483;36;14;1;550;5%;522,5;Pix
11983;2026-04-29;745;31;3;1;120;0%;120;Cartão de Crédito
11984;2025-11-16;2191;14;4;1;350;0%;350;Cartão de Crédito
11985;2026-02-21;1590;34;18;1;890;0%;890;Cartão de Crédito
11986;2026-01-14;2265;2;15;1;80;0%;80;Cartão de Crédito
11987;2025-09-26;751;21;16;1;1600;5%;1520;Cartão de Crédito
11988;2026-06-05;1367;42;8;1;35;0%;35;Cartão de Débito
11989;2026-04-30;2332;21;18;3;1600;0%;4800;Pix
11990;2025-11-30;458;20;10;2;190;0%;380;Pix
11991;2026-07-02;699;14;10;1;350;0%;350;Boleto
11992;2025-10-25;913;20;16;2;190;0%;380;Cartão de Crédito
11993;2025-11-03;1964;3;8;1;250;0%;250;Cartão de Crédito
11994;2025-09-13;1746;25;7;1;310;10%;279;Cartão de Crédito
11995;2026-06-28;145;45;17;1;180;5%;171;Cartão de Crédito
11996;2026-03-21;2174;8;7;1;110;0%;110;Cartão de Crédito
11997;2025-09-29;1672;27;18;1;350;0%;350;Pix
11998;2026-01-23;2056;20;7;1;190;0%;190;Pix
11999;2026-04-17;2114;9;4;1;150;0%;150;Pix
12000;2026-04-16;1815;17;6;1;650;0%;650;Cartão de Crédito
12001;2025-12-22;2195;13;13;2;2900;0%;5800;Pix
12002;2026-04-17;1377;8;14;2;110;0%;220;Pix
12003;2025-10-05;1635;7;16;4;320;0%;1280;Boleto
12004;2026-05-16;1522;10;12;1;50;0%;50;Cartão de Crédito
12005;2026-06-27;1458;8;15;1;110;0%;110;Cartão de Crédito
12006;2026-01-14;1340;41;10;2;45;0%;90;Cartão de Crédito
12007;2025-11-02;13;18;11;2;280;0%;560;Pix
12008;2026-08-05;1811;5;16;3;950;0%;2850;Cartão de Crédito
12009;2026-08-15;536;39;12;1;290;5%;275,5;Boleto
12010;2025-09-18;1203;27;2;1;350;0%;350;Cartão de Débito
12011;2025-12-12;1345;5;18;1;950;5%;902,5;Pix
12012;2026-08-11;2057;5;18;2;950;5%;1805;Pix
12013;2025-10-15;106;20;18;2;190;0%;380;Cartão de Crédito
12014;2026-02-22;1333;18;17;1;280;0%;280;Cartão de Crédito
12015;2026-04-29;620;25;7;1;310;0%;310;Cartão de Crédito
12016;2026-03-06;1985;5;17;3;950;0%;2850;Cartão de Crédito
12017;2026-02-08;1474;12;16;1;180;5%;171;Pix
12018;2026-07-31;611;11;2;1;3800;0%;3800;Cartão de Crédito
12019;2026-06-08;88;7;5;3;320;0%;960;Pix
12020;2026-02-06;468;5;1;2;950;0%;1900;Cartão de Crédito
12021;2026-02-05;351;16;12;2;520;0%;1040;Pix
12022;2025-10-12;1913;4;10;1;1400;0%;1400;Cartão de Crédito
12023;2026-07-05;1003;12;4;4;180;0%;720;Cartão de Débito
12024;2026-04-07;1553;12;1;1;180;0%;180;Cartão de Débito
12025;2026-06-06;487;7;14;2;320;0%;640;Boleto
12026;2026-08-26;470;19;3;1;490;0%;490;Pix
12027;2026-03-06;1503;30;13;3;160;5%;456;Boleto
12028;2026-04-23;366;4;8;1;1400;5%;1330;Cartão de Crédito
12029;2026-08-09;1166;33;1;2;1200;0%;2400;Cartão de Crédito
12030;2026-09-07;1129;2;15;1;80;0%;80;Cartão de Crédito
12031;2026-08-17;1460;9;2;3;150;0%;450;Cartão de Crédito
12032;2025-10-03;170;11;10;1;3800;0%;3800;Pix
12033;2026-03-02;2261;1;10;3;4500;0%;13500;Pix
12034;2025-09-29;2269;6;5;3;220;0%;660;Cartão de Crédito
12035;2025-11-17;1957;3;1;1;250;0%;250;Cartão de Crédito
12036;2026-04-07;2338;5;2;1;950;0%;950;Cartão de Crédito
12037;2026-08-11;1575;12;10;1;180;0%;180;Boleto
12038;2026-07-19;1261;28;8;1;420;0%;420;Cartão de Crédito
12039;2026-03-01;1791;2;12;1;80;0%;80;Cartão de Crédito
12040;2026-09-03;2074;14;2;1;350;0%;350;Cartão de Crédito
12041;2026-08-25;923;6;13;4;220;0%;880;Boleto
12042;2025-12-29;2304;45;7;1;180;0%;180;Cartão de Crédito
12043;2026-04-06;1200;14;16;1;350;0%;350;Cartão de Crédito
12044;2025-11-22;675;1;10;1;4500;0%;4500;Cartão de Débito
12045;2026-03-16;1333;28;17;1;420;0%;420;Cartão de Crédito
12046;2025-10-31;1985;32;2;1;480;5%;456;Pix
12047;2026-06-07;905;4;8;1;1400;0%;1400;Cartão de Crédito
12048;2026-03-09;265;21;10;2;1600;5%;3040;Pix
12049;2026-08-07;754;9;9;2;150;0%;300;Cartão de Crédito
12050;2026-01-29;1667;18;13;1;280;0%;280;Pix
12051;2026-09-06;1015;2;2;1;80;5%;76;Cartão de Crédito
12052;2025-10-02;143;16;9;2;520;5%;988;Cartão de Crédito
12053;2026-03-13;868;12;18;1;180;0%;180;Cartão de Crédito
12054;2025-09-21;1120;6;18;2;220;0%;440;Cartão de Crédito
12055;2026-06-17;1709;31;16;1;120;5%;114;Pix
12056;2026-08-01;679;5;11;3;950;0%;2850;Cartão de Crédito
12057;2025-11-04;1236;10;1;1;50;0%;50;Cartão de Crédito
12058;2026-08-29;2357;19;13;1;490;0%;490;Cartão de Crédito
12059;2025-11-07;1793;41;2;1;45;0%;45;Boleto
12060;2026-06-28;2374;7;17;1;320;0%;320;Pix
12061;2026-04-29;864;6;3;4;220;0%;880;Cartão de Crédito
12062;2026-05-24;57;31;17;1;120;0%;120;Cartão de Crédito
12063;2025-11-10;1631;12;14;3;180;0%;540;Pix
12064;2026-06-12;2298;1;4;1;4500;0%;4500;Cartão de Débito
12065;2026-01-04;73;4;8;2;1400;0%;2800;Pix
12066;2026-07-29;2235;14;10;1;350;0%;350;Cartão de Crédito
12067;2026-03-25;2469;23;4;2;400;0%;800;Boleto
12068;2026-08-25;740;36;18;1;550;0%;550;Pix
12069;2025-10-31;1495;9;2;2;150;0%;300;Pix
12070;2025-11-02;1561;9;9;1;150;10%;135;Pix
12071;2026-02-25;1070;22;14;1;850;0%;850;Boleto
12072;2026-03-28;629;6;12;1;220;0%;220;Cartão de Débito
12073;2026-04-24;949;7;4;1;320;0%;320;Cartão de Crédito
12074;2025-11-30;1431;21;8;1;1600;0%;1600;Pix
12075;2026-04-15;443;18;5;1;280;0%;280;Pix
12076;2026-04-25;1649;12;17;1;180;0%;180;Cartão de Crédito
12077;2026-05-01;1617;22;6;1;850;0%;850;Cartão de Crédito
12078;2025-12-03;2393;20;12;1;190;10%;171;Cartão de Crédito
12079;2026-05-25;2394;8;10;1;110;0%;110;Cartão de Crédito
12080;2026-05-20;1148;16;12;2;520;0%;1040;Cartão de Débito
12081;2025-10-01;2275;4;2;1;1400;0%;1400;Cartão de Crédito
12082;2026-08-01;2311;10;17;2;50;0%;100;Pix
12083;2026-07-24;1849;17;4;1;650;0%;650;Boleto
12084;2026-05-08;949;10;8;1;50;5%;47,5;Cartão de Crédito
12085;2025-10-27;1380;20;16;1;190;0%;190;Cartão de Crédito
12086;2025-10-30;1738;17;2;2;650;0%;1300;Cartão de Crédito
12087;2026-02-01;707;27;13;2;350;0%;700;Cartão de Crédito
12088;2025-10-24;1086;11;9;2;3800;0%;7600;Cartão de Crédito
12089;2026-04-29;359;11;14;1;3800;5%;3610;Cartão de Crédito
12090;2026-03-01;152;5;9;1;950;0%;950;Cartão de Crédito
12091;2026-01-24;430;16;12;1;520;0%;520;Cartão de Crédito
12092;2025-12-15;1762;13;9;5;2900;0%;14500;Cartão de Crédito
12093;2026-02-04;1414;19;17;1;490;0%;490;Cartão de Crédito
12094;2026-08-02;588;7;14;1;320;0%;320;Pix
12095;2026-07-14;1171;8;12;1;110;5%;104,5;Cartão de Crédito
12096;2026-01-21;354;39;4;2;290;0%;580;Cartão de Crédito
12097;2026-01-02;1897;9;18;4;150;0%;600;Cartão de Crédito
12098;2025-10-04;1042;45;17;1;180;0%;180;Cartão de Crédito
12099;2026-05-18;1756;15;5;1;750;0%;750;Cartão de Débito
12100;2025-09-22;2470;10;7;3;50;0%;150;Cartão de Crédito
12101;2026-06-19;788;5;15;1;950;0%;950;Cartão de Crédito
12102;2026-01-16;2434;10;13;2;50;5%;95;Cartão de Crédito
12103;2026-02-25;675;22;10;2;850;10%;1530;Pix
12104;2025-12-09;1947;8;14;2;110;0%;220;Cartão de Crédito
12105;2025-09-13;1991;26;10;1;2200;0%;2200;Cartão de Crédito
12106;2026-08-15;496;6;10;1;220;0%;220;Cartão de Crédito
12107;2026-04-23;1072;18;9;1;280;0%;280;Cartão de Débito
12108;2025-09-13;698;10;14;4;50;0%;200;Cartão de Crédito
12109;2026-09-02;508;20;7;3;190;0%;570;Boleto
12110;2026-03-11;784;32;10;3;480;0%;1440;Boleto
12111;2025-11-30;1334;12;12;3;180;10%;486;Pix
12112;2026-03-05;1579;14;3;1;350;0%;350;Cartão de Crédito
12113;2026-06-24;809;5;5;2;950;5%;1805;Cartão de Crédito
12114;2026-04-20;625;34;3;1;890;0%;890;Boleto
12115;2025-12-27;2185;39;9;1;290;0%;290;Cartão de Crédito
12116;2025-11-13;1475;5;12;3;950;5%;2707,5;Boleto
12117;2025-10-19;37;15;12;1;750;0%;750;Cartão de Crédito
12118;2026-01-29;543;21;12;1;1600;10%;1440;Cartão de Crédito
12119;2025-11-23;1972;20;11;1;190;0%;190;Pix
12120;2025-09-15;1507;41;13;1;45;0%;45;Cartão de Crédito
12121;2026-06-16;2062;33;2;2;1200;5%;2280;Cartão de Crédito
12122;2026-05-31;1122;15;17;1;750;0%;750;Cartão de Crédito
12123;2025-12-09;55;1;15;2;4500;0%;9000;Cartão de Crédito
12124;2025-12-01;1929;9;3;1;150;0%;150;Cartão de Débito
12125;2025-11-28;1603;11;7;1;3800;5%;3610;Cartão de Crédito
12126;2025-12-26;1257;11;2;1;3800;0%;3800;Pix
12127;2026-09-01;756;18;7;3;280;0%;840;Cartão de Crédito
12128;2026-05-20;2169;38;4;1;390;0%;390;Cartão de Crédito
12129;2026-01-17;621;17;14;1;650;0%;650;Cartão de Crédito
12130;2026-05-10;649;20;15;2;190;0%;380;Boleto
12131;2026-01-16;999;6;5;2;220;0%;440;Pix
12132;2026-04-09;514;33;15;1;1200;0%;1200;Pix
12133;2026-04-28;1760;27;15;1;350;0%;350;Cartão de Crédito
12134;2026-02-08;1780;9;11;1;150;10%;135;Cartão de Crédito
12135;2026-05-29;2084;24;4;1;380;0%;380;Cartão de Crédito
12136;2026-07-06;1200;23;13;1;400;5%;380;Boleto
12137;2026-06-14;1829;20;15;5;190;10%;855;Cartão de Crédito
12138;2026-02-09;2391;13;5;1;2900;0%;2900;Boleto
12139;2026-07-03;1186;27;9;1;350;0%;350;Cartão de Crédito
12140;2026-07-19;795;11;3;1;3800;10%;3420;Pix
12141;2025-12-24;1709;4;16;1;1400;0%;1400;Cartão de Crédito
12142;2026-03-08;2028;5;6;2;950;0%;1900;Pix
12143;2026-04-06;1675;22;17;1;850;0%;850;Cartão de Crédito
12144;2026-01-23;2473;27;1;1;350;0%;350;Cartão de Crédito
12145;2026-08-29;1354;39;8;1;290;0%;290;Cartão de Crédito
12146;2026-04-07;1732;6;15;1;220;0%;220;Cartão de Crédito
12147;2026-08-08;2054;33;7;1;1200;5%;1140;Cartão de Crédito
12148;2025-12-16;131;15;7;3;750;0%;2250;Cartão de Crédito
12149;2025-10-20;1626;5;4;1;950;0%;950;Pix
12150;2026-09-12;846;4;4;1;1400;5%;1330;Pix
12151;2026-05-17;1844;3;1;1;250;5%;237,5;Cartão de Crédito
12152;2026-03-05;997;24;10;1;380;0%;380;Boleto
12153;2025-10-03;850;31;18;1;120;0%;120;Pix
12154;2026-08-26;2188;20;8;5;190;0%;950;Cartão de Crédito
12155;2025-12-17;818;28;4;2;420;10%;756;Cartão de Débito
12156;2026-08-12;1307;15;4;1;750;5%;712,5;Pix
12157;2026-06-01;65;4;4;1;1400;0%;1400;Pix
12158;2026-04-03;1650;15;9;2;750;0%;1500;Pix
12159;2026-06-15;47;17;6;3;650;5%;1852,5;Cartão de Crédito
12160;2026-01-17;1735;30;5;3;160;10%;432;Pix
12161;2026-06-14;239;37;4;1;140;0%;140;Cartão de Crédito
12162;2026-07-14;910;12;17;1;180;0%;180;Pix
12163;2026-06-09;1497;1;7;1;4500;0%;4500;Cartão de Crédito
12164;2025-10-18;452;45;12;1;180;5%;171;Cartão de Crédito
12165;2026-01-31;988;17;16;1;650;0%;650;Cartão de Débito
12166;2026-06-17;387;17;12;1;650;0%;650;Cartão de Crédito
12167;2026-05-18;1008;6;9;1;220;0%;220;Cartão de Crédito
12168;2025-10-26;1301;26;3;3;2200;5%;6270;Boleto
12169;2025-09-23;1547;8;14;2;110;0%;220;Cartão de Crédito
12170;2025-09-18;2049;22;14;1;850;0%;850;Cartão de Crédito
12171;2025-12-14;966;2;13;1;80;0%;80;Cartão de Débito
12172;2026-03-11;245;33;10;2;1200;0%;2400;Cartão de Crédito
12173;2026-04-03;156;8;5;2;110;0%;220;Pix
12174;2026-04-10;716;16;5;3;520;10%;1404;Pix
12175;2026-02-18;2026;17;18;1;650;5%;617,5;Pix
12176;2026-08-05;2479;19;5;2;490;0%;980;Cartão de Crédito
12177;2025-11-25;1380;9;4;1;150;0%;150;Boleto
12178;2026-08-04;2254;5;5;2;950;0%;1900;Cartão de Crédito
12179;2026-04-18;407;23;8;1;400;0%;400;Boleto
12180;2026-03-03;177;4;14;3;1400;0%;4200;Cartão de Crédito
12181;2025-11-15;267;41;2;1;45;0%;45;Cartão de Crédito
12182;2026-06-10;1185;33;2;2;1200;5%;2280;Cartão de Crédito
12183;2025-10-21;1324;33;16;2;1200;0%;2400;Cartão de Crédito
12184;2026-07-23;2384;8;16;1;110;0%;110;Boleto
12185;2026-08-11;73;16;13;2;520;0%;1040;Pix
12186;2025-11-20;2145;7;3;1;320;0%;320;Cartão de Crédito
12187;2025-10-01;2312;3;16;1;250;0%;250;Cartão de Crédito
12188;2026-08-06;1450;44;6;1;55;0%;55;Pix
12189;2026-04-16;2175;22;13;1;850;0%;850;Pix
12190;2026-04-14;1533;18;2;1;280;10%;252;Cartão de Crédito
12191;2026-06-12;879;15;14;1;750;0%;750;Cartão de Crédito
12192;2026-06-21;381;14;13;2;350;0%;700;Pix
12193;2026-06-24;672;44;4;2;55;0%;110;Cartão de Crédito
12194;2026-02-07;172;35;15;1;250;0%;250;Boleto
12195;2026-01-05;1930;19;7;5;490;0%;2450;Cartão de Crédito
12196;2025-10-09;2153;33;15;1;1200;0%;1200;Pix
12197;2025-10-24;1150;1;7;1;4500;0%;4500;Pix
12198;2026-07-05;74;21;7;1;1600;0%;1600;Cartão de Débito
12199;2026-07-25;42;19;5;3;490;0%;1470;Cartão de Crédito
12200;2025-09-25;214;13;11;1;2900;0%;2900;Pix
12201;2026-08-18;1603;12;6;1;180;0%;180;Boleto
12202;2026-04-03;163;12;16;1;180;5%;171;Cartão de Crédito
12203;2025-09-15;727;37;10;3;140;0%;420;Pix
12204;2026-05-22;1170;19;17;5;490;0%;2450;Boleto
12205;2026-02-26;1839;8;17;1;110;5%;104,5;Cartão de Crédito
12206;2026-06-12;2170;15;6;2;750;0%;1500;Cartão de Crédito
12207;2025-10-14;947;10;6;1;50;0%;50;Cartão de Crédito
12208;2026-05-06;936;41;18;1;45;0%;45;Cartão de Crédito
12209;2025-11-11;1353;45;6;1;180;0%;180;Pix
12210;2025-11-29;2442;16;7;1;520;0%;520;Pix
12211;2025-12-09;554;28;15;1;420;0%;420;Cartão de Crédito
12212;2026-08-21;716;5;11;1;950;0%;950;Cartão de Crédito
12213;2026-01-21;153;23;4;1;400;0%;400;Pix
12214;2026-02-10;2428;17;8;1;650;0%;650;Cartão de Crédito
12215;2026-06-20;1212;18;16;1;280;0%;280;Pix
12216;2026-03-19;1195;7;8;1;320;0%;320;Cartão de Crédito
12217;2026-08-06;350;8;17;1;110;0%;110;Cartão de Crédito
12218;2026-06-13;1646;22;10;2;850;0%;1700;Boleto
12219;2026-03-15;2459;2;9;1;80;0%;80;Cartão de Crédito
12220;2026-05-02;2237;7;2;5;320;0%;1600;Pix
12221;2025-10-11;1948;11;6;1;3800;5%;3610;Cartão de Crédito
12222;2026-01-28;1756;11;7;1;3800;0%;3800;Cartão de Crédito
12223;2026-04-04;1684;1;17;1;4500;10%;4050;Pix
12224;2026-01-13;1959;2;12;2;80;0%;160;Pix
12225;2026-03-15;1498;13;1;2;2900;0%;5800;Cartão de Crédito
12226;2026-02-02;1378;28;18;1;420;0%;420;Cartão de Crédito
12227;2026-01-14;2211;1;16;2;4500;0%;9000;Boleto
12228;2026-03-15;159;20;1;1;190;0%;190;Cartão de Crédito
12229;2026-05-25;1904;21;2;2;1600;0%;3200;Boleto
12230;2026-07-24;2381;24;2;1;380;0%;380;Cartão de Crédito
12231;2025-12-17;474;11;15;4;3800;0%;15200;Pix
12232;2025-11-25;390;4;3;1;1400;0%;1400;Cartão de Crédito
12233;2026-01-06;1486;8;17;1;110;0%;110;Cartão de Crédito
12234;2025-09-13;1159;12;7;1;180;0%;180;Pix
12235;2025-12-28;969;8;4;1;110;10%;99;Cartão de Crédito
12236;2026-03-22;1723;17;14;2;650;0%;1300;Pix
12237;2026-01-25;76;36;4;4;550;0%;2200;Pix
12238;2025-10-06;342;11;10;1;3800;0%;3800;Cartão de Débito
12239;2026-04-07;127;12;3;1;180;0%;180;Cartão de Crédito
12240;2026-07-25;819;9;7;1;150;0%;150;Pix
12241;2026-02-26;761;12;1;1;180;0%;180;Pix
12242;2026-04-22;682;3;6;1;250;5%;237,5;Pix
12243;2026-03-27;224;8;7;1;110;0%;110;Pix
12244;2025-10-21;1589;15;9;3;750;0%;2250;Pix
12245;2025-11-17;1583;10;13;1;50;0%;50;Cartão de Crédito
12246;2026-01-06;947;20;4;2;190;0%;380;Pix
12247;2026-03-25;388;36;10;1;550;5%;522,5;Cartão de Crédito
12248;2025-10-08;2252;2;5;2;80;0%;160;Cartão de Crédito
12249;2025-12-18;432;31;1;1;120;0%;120;Pix
12250;2025-10-14;1948;13;3;3;2900;0%;8700;Pix
12251;2026-08-31;1839;43;4;2;65;0%;130;Boleto
12252;2026-07-17;2385;5;10;2;950;0%;1900;Cartão de Crédito
12253;2026-02-21;1906;35;9;1;250;0%;250;Pix
12254;2025-10-05;1370;5;4;2;950;0%;1900;Cartão de Crédito
12255;2026-07-18;2346;36;12;2;550;0%;1100;Cartão de Débito
12256;2025-09-26;2270;19;3;2;490;0%;980;Boleto
12257;2026-07-15;48;5;1;1;950;0%;950;Boleto
12258;2026-03-01;1692;11;15;3;3800;5%;10830;Pix
12259;2026-01-09;1467;32;6;1;480;0%;480;Cartão de Crédito
12260;2026-04-13;926;1;12;1;4500;0%;4500;Cartão de Crédito
12261;2026-07-15;1512;22;3;2;850;0%;1700;Pix
12262;2026-05-11;1771;8;8;5;110;0%;550;Boleto
12263;2026-03-16;746;6;9;1;220;0%;220;Pix
12264;2025-11-07;983;13;1;1;2900;0%;2900;Cartão de Crédito
12265;2025-11-27;761;29;17;2;380;0%;760;Cartão de Crédito
12266;2026-03-23;1962;19;4;2;490;5%;931;Cartão de Crédito
12267;2025-10-09;1626;4;14;1;1400;5%;1330;Cartão de Crédito
12268;2026-02-26;1735;14;1;2;350;0%;700;Cartão de Crédito
12269;2025-12-07;1208;13;6;1;2900;0%;2900;Cartão de Crédito
12270;2025-12-19;1501;27;15;1;350;0%;350;Cartão de Crédito
12271;2026-04-25;1818;15;10;1;750;0%;750;Cartão de Crédito
12272;2025-10-23;1233;35;2;1;250;5%;237,5;Cartão de Crédito
12273;2026-03-19;1929;17;3;2;650;0%;1300;Boleto
12274;2026-05-25;1381;25;7;1;310;0%;310;Pix
12275;2025-11-28;527;25;16;1;310;0%;310;Cartão de Crédito
12276;2026-08-27;2021;28;12;3;420;5%;1197;Cartão de Crédito
12277;2025-12-04;1613;18;4;1;280;0%;280;Pix
12278;2026-02-20;2159;37;15;2;140;0%;280;Cartão de Crédito
12279;2026-06-06;2147;28;4;2;420;5%;798;Pix
12280;2026-04-05;2269;3;8;3;250;0%;750;Cartão de Crédito
12281;2025-11-01;1956;22;4;2;850;0%;1700;Pix
12282;2026-02-21;465;5;3;1;950;0%;950;Cartão de Crédito
12283;2025-10-16;1058;4;6;1;1400;0%;1400;Cartão de Crédito
12284;2026-01-24;476;21;6;1;1600;0%;1600;Cartão de Débito
12285;2026-02-08;2052;34;10;1;890;0%;890;Cartão de Crédito
12286;2026-03-17;1251;4;14;1;1400;0%;1400;Pix
12287;2026-04-25;889;42;3;3;35;0%;105;Pix
12288;2026-08-22;836;35;15;1;250;0%;250;Cartão de Crédito
12289;2025-10-20;1925;14;9;2;350;0%;700;Boleto
12290;2025-10-29;2349;40;1;2;600;5%;1140;Cartão de Crédito
12291;2026-08-27;1679;12;13;1;180;5%;171;Cartão de Crédito
12292;2026-07-14;1316;16;10;2;520;0%;1040;Cartão de Crédito
12293;2026-02-21;220;8;18;1;110;0%;110;Cartão de Crédito
12294;2026-03-11;1949;11;1;2;3800;0%;7600;Cartão de Débito
12295;2025-12-19;1042;8;1;1;110;5%;104,5;Cartão de Crédito
12296;2025-11-13;372;13;16;1;2900;0%;2900;Pix
12297;2026-04-06;366;13;15;1;2900;0%;2900;Cartão de Crédito
12298;2025-09-26;1585;7;4;1;320;0%;320;Pix
12299;2025-12-26;151;9;4;1;150;5%;142,5;Cartão de Crédito
12300;2025-11-04;515;3;15;2;250;0%;500;Cartão de Crédito
12301;2025-12-30;2181;6;8;1;220;0%;220;Pix
12302;2025-10-28;2140;8;3;2;110;0%;220;Cartão de Crédito
12303;2026-05-02;665;4;1;1;1400;0%;1400;Pix
12304;2026-01-15;1303;30;16;1;160;0%;160;Pix
12305;2026-07-09;1560;39;12;1;290;0%;290;Cartão de Crédito
12306;2026-04-16;1064;3;1;2;250;0%;500;Cartão de Crédito
12307;2025-09-27;261;30;3;2;160;0%;320;Pix
12308;2026-08-18;1300;16;10;2;520;5%;988;Cartão de Crédito
12309;2025-11-17;1634;20;2;3;190;0%;570;Cartão de Crédito
12310;2026-09-10;1793;34;18;1;890;0%;890;Cartão de Crédito
12311;2025-11-27;1192;9;3;1;150;0%;150;Cartão de Crédito
12312;2025-11-13;1726;19;9;3;490;5%;1396,5;Pix
12313;2025-12-26;1111;34;6;1;890;0%;890;Cartão de Crédito
12314;2026-02-14;286;18;4;1;280;0%;280;Pix
12315;2026-01-19;1938;26;11;3;2200;0%;6600;Pix
12316;2026-02-08;1622;9;14;3;150;0%;450;Cartão de Crédito
12317;2025-11-24;1126;27;17;1;350;0%;350;Cartão de Crédito
12318;2025-11-25;520;22;8;2;850;0%;1700;Cartão de Crédito
12319;2025-10-13;1743;11;10;1;3800;5%;3610;Pix
12320;2025-11-15;301;2;3;1;80;0%;80;Cartão de Crédito
12321;2026-04-16;2094;4;9;1;1400;0%;1400;Cartão de Crédito
12322;2026-04-04;225;25;8;1;310;10%;279;Cartão de Crédito
12323;2026-06-04;2448;11;12;1;3800;0%;3800;Pix
12324;2025-11-01;1385;3;5;1;250;0%;250;Pix
12325;2026-01-11;1144;4;14;1;1400;0%;1400;Cartão de Crédito
12326;2026-03-31;1305;29;5;1;380;0%;380;Boleto
12327;2025-10-15;2029;7;10;2;320;0%;640;Pix
12328;2026-04-17;1054;5;11;1;950;0%;950;Pix
12329;2025-12-17;957;2;4;1;80;5%;76;Pix
12330;2026-04-21;1108;23;11;1;400;0%;400;Cartão de Débito
12331;2025-09-16;1762;27;2;1;350;0%;350;Boleto
12332;2026-02-24;1180;19;4;2;490;5%;931;Boleto
12333;2025-10-31;874;6;16;1;220;0%;220;Cartão de Débito
12334;2026-08-12;427;2;8;1;80;0%;80;Cartão de Crédito
12335;2026-08-06;1191;12;14;1;180;0%;180;Cartão de Débito
12336;2026-01-13;431;1;1;1;4500;0%;4500;Cartão de Crédito
12337;2026-05-24;2226;16;2;2;520;0%;1040;Boleto
12338;2026-08-05;1981;44;18;1;55;0%;55;Pix
12339;2026-04-19;2362;7;11;1;320;0%;320;Cartão de Crédito
12340;2026-05-01;1540;9;2;1;150;0%;150;Cartão de Crédito
12341;2025-11-08;2284;22;17;1;850;0%;850;Cartão de Crédito
12342;2026-01-06;57;21;9;1;1600;0%;1600;Pix
12343;2025-11-05;1322;24;9;1;380;0%;380;Cartão de Crédito
12344;2026-08-05;1162;31;16;1;120;0%;120;Cartão de Débito
12345;2026-02-15;2042;45;8;3;180;0%;540;Pix
12346;2026-01-11;1096;18;8;1;280;0%;280;Cartão de Crédito
12347;2026-03-21;2494;42;16;2;35;0%;70;Cartão de Crédito
12348;2026-01-17;1770;12;16;3;180;5%;513;Boleto
12349;2025-09-29;385;24;14;1;380;0%;380;Pix
12350;2026-05-27;1476;25;5;1;310;0%;310;Pix
12351;2026-03-16;989;8;3;1;110;5%;104,5;Cartão de Crédito
12352;2026-08-18;1982;1;11;1;4500;0%;4500;Cartão de Crédito
12353;2025-10-06;1041;8;1;1;110;0%;110;Cartão de Crédito
12354;2026-06-27;878;19;16;1;490;0%;490;Boleto
12355;2025-09-21;339;21;4;1;1600;5%;1520;Cartão de Crédito
12356;2026-06-04;1342;20;13;1;190;0%;190;Cartão de Crédito
12357;2026-06-24;2345;19;15;2;490;0%;980;Pix
12358;2026-01-27;74;11;12;2;3800;0%;7600;Pix
12359;2025-12-07;2313;22;1;1;850;0%;850;Cartão de Crédito
12360;2026-02-26;1452;39;2;1;290;5%;275,5;Pix
12361;2026-07-15;1435;2;16;1;80;0%;80;Cartão de Crédito
12362;2026-07-01;628;33;17;1;1200;0%;1200;Pix
12363;2025-10-16;2174;7;9;1;320;0%;320;Pix
12364;2026-04-28;628;4;13;2;1400;0%;2800;Cartão de Débito
12365;2026-04-03;2070;24;2;2;380;0%;760;Cartão de Crédito
12366;2026-04-03;842;4;6;3;1400;10%;3780;Cartão de Crédito
12367;2026-02-06;316;10;14;1;50;0%;50;Pix
12368;2026-08-03;389;12;3;4;180;0%;720;Pix
12369;2026-07-14;1419;13;9;2;2900;0%;5800;Cartão de Crédito
12370;2025-09-30;1562;16;6;2;520;0%;1040;Cartão de Crédito
12371;2026-05-19;2101;5;1;2;950;0%;1900;Pix
12372;2026-05-31;2183;8;2;2;110;5%;209;Pix
12373;2026-04-01;2058;26;7;1;2200;0%;2200;Pix
12374;2025-10-27;503;26;5;3;2200;0%;6600;Pix
12375;2026-08-19;483;20;15;2;190;0%;380;Cartão de Débito
12376;2026-07-07;1361;22;5;1;850;0%;850;Pix
12377;2026-06-22;609;31;6;1;120;0%;120;Pix
12378;2025-12-28;989;25;3;1;310;0%;310;Cartão de Crédito
12379;2025-12-15;1349;42;13;1;35;0%;35;Cartão de Crédito
12380;2026-05-18;2042;29;5;3;380;0%;1140;Pix
12381;2026-03-08;10;3;7;1;250;5%;237,5;Cartão de Crédito
12382;2026-06-04;1410;25;14;1;310;5%;294,5;Cartão de Crédito
12383;2025-11-14;1740;21;6;1;1600;0%;1600;Cartão de Débito
12384;2026-08-30;1887;22;4;1;850;0%;850;Pix
12385;2026-01-23;377;36;7;1;550;0%;550;Pix
12386;2026-02-01;715;19;16;1;490;0%;490;Cartão de Crédito
12387;2026-08-12;2026;4;7;1;1400;0%;1400;Cartão de Crédito
12388;2025-11-24;826;26;11;1;2200;0%;2200;Cartão de Crédito
12389;2026-08-11;2015;29;8;1;380;0%;380;Cartão de Crédito
12390;2026-09-05;2008;9;9;1;150;0%;150;Pix
12391;2025-12-13;415;40;10;1;600;5%;570;Pix
12392;2025-11-28;49;9;9;1;150;0%;150;Cartão de Crédito
12393;2025-12-15;143;4;15;3;1400;0%;4200;Pix
12394;2026-07-13;977;18;16;2;280;0%;560;Cartão de Débito
12395;2026-01-23;459;4;12;1;1400;0%;1400;Cartão de Crédito
12396;2026-08-10;2082;3;15;1;250;0%;250;Pix
12397;2025-10-15;1178;33;5;1;1200;0%;1200;Pix
12398;2026-03-06;207;21;11;1;1600;0%;1600;Cartão de Crédito
12399;2026-06-29;557;32;11;3;480;0%;1440;Cartão de Débito
12400;2026-01-05;9;15;12;1;750;0%;750;Cartão de Crédito
12401;2026-03-14;2243;13;16;1;2900;0%;2900;Cartão de Crédito
12402;2026-05-23;2490;38;8;1;390;0%;390;Cartão de Crédito
12403;2026-04-02;1210;9;6;2;150;0%;300;Cartão de Débito
12404;2026-05-20;864;4;15;3;1400;5%;3990;Boleto
12405;2026-07-08;1427;18;15;1;280;0%;280;Cartão de Crédito
12406;2025-11-27;912;32;17;1;480;0%;480;Cartão de Crédito
12407;2026-07-29;408;18;14;1;280;0%;280;Cartão de Crédito
12408;2026-08-26;293;27;5;1;350;0%;350;Cartão de Crédito
12409;2026-07-07;609;40;3;1;600;0%;600;Pix
12410;2026-01-12;1314;12;4;2;180;0%;360;Pix
12411;2025-11-03;302;8;8;2;110;0%;220;Pix
12412;2026-08-13;850;1;2;2;4500;0%;9000;Cartão de Débito
12413;2025-11-05;121;17;16;1;650;0%;650;Cartão de Crédito
12414;2026-02-27;769;34;12;2;890;5%;1691;Cartão de Crédito
12415;2026-08-24;182;13;6;2;2900;0%;5800;Cartão de Crédito
12416;2026-01-23;1659;14;9;3;350;5%;997,5;Cartão de Crédito
12417;2026-06-07;1182;4;4;2;1400;0%;2800;Cartão de Débito
12418;2025-12-08;865;15;5;1;750;5%;712,5;Boleto
12419;2025-11-15;743;21;8;1;1600;0%;1600;Cartão de Crédito
12420;2025-12-08;137;10;18;1;50;0%;50;Cartão de Crédito
12421;2026-05-17;1022;11;17;1;3800;0%;3800;Cartão de Crédito
12422;2026-02-23;1944;30;2;1;160;5%;152;Cartão de Crédito
12423;2026-07-03;1247;26;7;1;2200;5%;2090;Cartão de Crédito
12424;2026-07-08;430;6;8;1;220;0%;220;Cartão de Débito
12425;2026-05-15;49;20;17;2;190;0%;380;Cartão de Crédito
12426;2026-03-11;2302;10;15;2;50;0%;100;Cartão de Crédito
12427;2026-06-04;841;29;16;2;380;0%;760;Cartão de Crédito
12428;2026-07-25;695;7;4;1;320;0%;320;Cartão de Crédito
12429;2026-01-05;458;26;14;1;2200;0%;2200;Cartão de Crédito
12430;2026-06-22;762;3;5;1;250;0%;250;Boleto
12431;2026-03-23;222;3;17;2;250;5%;475;Pix
12432;2025-09-15;2442;25;7;1;310;0%;310;Pix
12433;2026-04-28;277;39;12;1;290;0%;290;Cartão de Crédito
12434;2025-11-05;950;7;3;3;320;5%;912;Cartão de Crédito
12435;2026-04-29;2226;10;10;1;50;0%;50;Cartão de Crédito
12436;2026-01-28;2452;4;18;1;1400;0%;1400;Pix
12437;2026-06-25;1010;7;18;1;320;0%;320;Pix
12438;2025-09-13;809;16;15;1;520;0%;520;Cartão de Crédito
12439;2026-08-04;1140;39;15;2;290;0%;580;Pix
12440;2026-01-08;2228;33;4;2;1200;5%;2280;Cartão de Crédito
12441;2025-10-31;915;42;7;5;35;0%;175;Pix
12442;2026-04-28;251;12;9;2;180;0%;360;Pix
12443;2026-07-03;1092;33;13;1;1200;5%;1140;Cartão de Crédito
12444;2025-12-07;1255;12;12;2;180;0%;360;Cartão de Crédito
12445;2026-02-19;1264;16;1;1;520;5%;494;Pix
12446;2026-04-25;2000;25;1;1;310;10%;279;Cartão de Crédito
12447;2025-09-19;1315;35;8;1;250;0%;250;Cartão de Débito
12448;2026-03-13;1319;34;17;1;890;0%;890;Boleto
12449;2026-06-04;534;2;7;1;80;0%;80;Cartão de Crédito
12450;2026-01-25;2261;27;4;1;350;0%;350;Cartão de Crédito
12451;2026-08-19;510;3;17;1;250;0%;250;Cartão de Crédito
12452;2025-09-26;2275;32;6;2;480;0%;960;Boleto
12453;2026-06-28;952;42;17;1;35;5%;33,25;Pix
12454;2026-02-23;238;15;5;1;750;0%;750;Pix
12455;2026-06-12;1149;16;16;1;520;0%;520;Cartão de Crédito
12456;2026-05-16;2424;1;18;1;4500;0%;4500;Cartão de Crédito
12457;2025-12-05;1396;23;17;2;400;0%;800;Cartão de Crédito
12458;2026-05-18;1451;38;8;1;390;0%;390;Pix
12459;2026-05-07;288;31;12;2;120;5%;228;Cartão de Crédito
12460;2026-04-18;1208;28;4;1;420;0%;420;Cartão de Crédito
12461;2026-02-23;962;25;7;1;310;0%;310;Cartão de Crédito
12462;2025-09-29;1828;6;1;5;220;0%;1100;Pix
12463;2026-03-26;1684;19;14;3;490;0%;1470;Pix
12464;2026-08-26;2022;24;2;1;380;0%;380;Cartão de Débito
12465;2026-08-08;1645;10;7;1;50;0%;50;Cartão de Crédito
12466;2026-01-09;372;10;4;1;50;0%;50;Boleto
12467;2026-07-02;283;20;14;1;190;0%;190;Pix
12468;2026-09-03;383;22;4;2;850;0%;1700;Pix
12469;2026-07-11;1362;20;11;1;190;0%;190;Cartão de Crédito
12470;2026-01-02;105;9;8;2;150;5%;285;Cartão de Crédito
12471;2026-05-20;842;15;4;5;750;0%;3750;Cartão de Crédito
12472;2025-12-18;1048;2;2;1;80;0%;80;Cartão de Crédito
12473;2026-01-07;1998;14;16;1;350;0%;350;Pix
12474;2026-07-27;317;38;15;1;390;0%;390;Pix
12475;2025-09-16;881;19;16;1;490;0%;490;Cartão de Débito
12476;2026-07-01;866;22;1;3;850;0%;2550;Pix
12477;2026-04-12;400;25;18;1;310;0%;310;Pix
12478;2026-07-06;562;10;2;1;50;0%;50;Cartão de Crédito
12479;2025-09-19;1175;18;12;2;280;10%;504;Cartão de Crédito
12480;2026-06-03;531;32;2;2;480;0%;960;Pix
12481;2026-05-14;590;4;4;1;1400;0%;1400;Pix
12482;2026-03-31;748;2;9;1;80;0%;80;Cartão de Crédito
12483;2026-04-29;1223;4;5;2;1400;0%;2800;Cartão de Crédito
12484;2026-02-11;1768;32;18;1;480;0%;480;Boleto
12485;2026-01-28;1959;21;8;1;1600;0%;1600;Pix
12486;2025-11-26;1476;15;11;5;750;0%;3750;Boleto
12487;2025-10-13;1740;2;11;1;80;0%;80;Cartão de Crédito
12488;2025-11-19;2358;44;1;1;55;0%;55;Pix
12489;2026-03-02;897;10;13;1;50;0%;50;Pix
12490;2026-04-25;491;26;5;1;2200;0%;2200;Cartão de Crédito
12491;2025-09-24;1845;1;6;1;4500;0%;4500;Boleto
12492;2025-09-29;1416;14;16;1;350;5%;332,5;Cartão de Crédito
12493;2026-06-19;2480;19;1;1;490;0%;490;Cartão de Débito
12494;2026-01-09;1286;2;11;1;80;0%;80;Pix
12495;2025-09-17;2201;44;4;1;55;0%;55;Pix
12496;2026-06-30;2476;4;14;1;1400;0%;1400;Boleto
12497;2026-06-15;1078;15;9;1;750;0%;750;Cartão de Crédito
12498;2026-02-23;1784;27;11;1;350;0%;350;Cartão de Crédito
12499;2026-09-07;1830;8;18;1;110;0%;110;Pix
12500;2025-10-22;1832;28;9;1;420;0%;420;Boleto
12501;2026-02-09;760;16;2;2;520;0%;1040;Pix
12502;2026-02-20;1067;20;2;1;190;0%;190;Pix
12503;2026-08-03;1481;11;3;1;3800;10%;3420;Cartão de Crédito
12504;2026-03-20;1335;22;14;2;850;0%;1700;Pix
12505;2026-05-17;1150;30;1;1;160;0%;160;Cartão de Crédito
12506;2026-06-27;714;27;2;1;350;0%;350;Pix
12507;2025-11-10;1613;30;16;1;160;0%;160;Pix
12508;2026-02-20;2464;10;8;1;50;0%;50;Cartão de Crédito
12509;2025-09-30;99;23;3;3;400;5%;1140;Cartão de Crédito
12510;2026-01-04;1055;20;3;1;190;0%;190;Cartão de Crédito
12511;2026-02-14;137;25;12;2;310;0%;620;Pix
12512;2026-07-31;2208;19;2;1;490;0%;490;Cartão de Crédito
12513;2026-03-29;1961;29;1;2;380;0%;760;Pix
12514;2026-07-01;296;32;9;1;480;0%;480;Pix
12515;2026-01-29;1776;7;12;1;320;0%;320;Cartão de Crédito
12516;2026-02-17;2127;7;9;1;320;0%;320;Cartão de Crédito
12517;2025-09-14;201;6;1;3;220;10%;594;Cartão de Débito
12518;2025-10-02;1204;44;2;1;55;5%;52,25;Cartão de Crédito
12519;2025-09-23;1200;2;14;3;80;0%;240;Pix
12520;2026-01-20;1470;5;9;1;950;10%;855;Cartão de Débito
12521;2026-07-28;1893;17;13;2;650;5%;1235;Cartão de Crédito
12522;2026-06-09;865;11;10;3;3800;5%;10830;Pix
12523;2026-06-13;1806;34;12;4;890;5%;3382;Pix
12524;2025-12-08;1480;28;14;2;420;0%;840;Pix
12525;2025-09-21;1156;35;18;1;250;0%;250;Cartão de Débito
12526;2026-07-06;2479;5;5;1;950;5%;902,5;Cartão de Crédito
12527;2026-02-03;1624;29;14;1;380;0%;380;Pix
12528;2025-11-19;1296;41;15;2;45;0%;90;Cartão de Crédito
12529;2026-04-16;248;14;3;1;350;0%;350;Cartão de Crédito
12530;2025-12-19;2173;35;2;1;250;0%;250;Cartão de Crédito
12531;2026-09-03;1928;2;11;2;80;0%;160;Cartão de Crédito
12532;2025-10-22;366;13;17;1;2900;0%;2900;Boleto
12533;2025-11-08;699;19;4;3;490;0%;1470;Cartão de Crédito
12534;2026-03-27;1446;20;6;2;190;0%;380;Cartão de Crédito
12535;2026-08-26;1528;5;2;1;950;0%;950;Cartão de Débito
12536;2026-06-24;482;16;12;2;520;0%;1040;Cartão de Crédito
12537;2026-06-28;1352;12;1;1;180;0%;180;Pix
12538;2026-02-16;985;1;4;1;4500;0%;4500;Cartão de Crédito
12539;2026-03-04;89;11;15;1;3800;0%;3800;Cartão de Crédito
12540;2025-10-18;2037;40;9;1;600;0%;600;Cartão de Crédito
12541;2025-10-18;1773;7;9;2;320;0%;640;Cartão de Crédito
12542;2026-05-16;1984;42;13;5;35;0%;175;Pix
12543;2025-12-17;416;42;2;1;35;0%;35;Cartão de Crédito
12544;2026-08-31;937;7;6;1;320;0%;320;Cartão de Crédito
12545;2026-09-05;1014;12;4;2;180;5%;342;Pix
12546;2026-07-07;1879;19;13;1;490;5%;465,5;Cartão de Crédito
12547;2026-05-11;238;25;6;1;310;0%;310;Cartão de Crédito
12548;2026-03-16;1259;9;13;1;150;0%;150;Boleto
12549;2025-11-02;1693;23;17;1;400;0%;400;Cartão de Crédito
12550;2026-01-20;1199;11;9;1;3800;0%;3800;Cartão de Crédito
12551;2026-03-25;2432;9;14;1;150;0%;150;Cartão de Crédito
12552;2026-02-03;1497;4;17;1;1400;0%;1400;Cartão de Crédito
12553;2026-07-19;738;21;9;2;1600;5%;3040;Cartão de Crédito
12554;2026-08-27;1263;34;3;1;890;5%;845,5;Cartão de Crédito
12555;2026-08-18;2222;34;8;1;890;0%;890;Boleto
12556;2025-12-15;2083;7;3;4;320;5%;1216;Cartão de Crédito
12557;2025-10-27;992;13;15;2;2900;0%;5800;Pix
12558;2026-08-01;521;39;9;1;290;0%;290;Cartão de Crédito
12559;2026-08-27;1143;34;16;1;890;0%;890;Boleto
12560;2026-09-11;2440;15;6;1;750;5%;712,5;Cartão de Crédito
12561;2026-07-05;1875;37;11;1;140;0%;140;Pix
12562;2026-07-03;379;18;9;2;280;5%;532;Pix
12563;2026-02-12;2172;5;10;2;950;5%;1805;Pix
12564;2025-09-22;21;20;10;1;190;0%;190;Pix
12565;2026-03-27;1392;2;18;5;80;10%;360;Cartão de Crédito
12566;2026-01-20;1660;16;8;1;520;0%;520;Pix
12567;2026-07-05;634;9;10;2;150;0%;300;Pix
12568;2026-06-25;2061;41;16;2;45;0%;90;Boleto
12569;2026-06-25;75;7;16;1;320;10%;288;Cartão de Crédito
12570;2026-01-14;1960;29;13;2;380;0%;760;Pix
12571;2026-08-19;1956;6;14;1;220;0%;220;Cartão de Débito
12572;2026-01-20;2344;45;16;1;180;0%;180;Cartão de Crédito
12573;2025-12-26;1855;6;17;2;220;5%;418;Boleto
12574;2025-10-05;1318;21;8;3;1600;5%;4560;Pix
12575;2026-01-30;607;39;12;1;290;0%;290;Pix
12576;2025-11-08;2306;40;4;1;600;0%;600;Cartão de Crédito
12577;2026-06-14;1862;15;4;1;750;0%;750;Pix
12578;2026-04-16;520;26;18;1;2200;0%;2200;Cartão de Crédito
12579;2026-07-01;1829;12;10;2;180;0%;360;Cartão de Débito
12580;2026-04-26;1783;5;15;1;950;0%;950;Cartão de Crédito
12581;2026-04-21;1742;33;13;1;1200;0%;1200;Cartão de Crédito
12582;2025-10-11;335;15;4;3;750;0%;2250;Pix
12583;2026-07-16;778;14;12;1;350;0%;350;Cartão de Débito
12584;2025-12-04;1559;28;9;1;420;0%;420;Cartão de Crédito
12585;2025-11-15;1403;16;7;1;520;0%;520;Cartão de Débito
12586;2025-11-08;1837;20;14;3;190;0%;570;Pix
12587;2026-07-05;2033;2;1;2;80;0%;160;Cartão de Crédito
12588;2026-06-10;1455;3;14;1;250;10%;225;Cartão de Crédito
12589;2026-04-29;1305;43;4;1;65;0%;65;Pix
12590;2025-09-25;1536;18;14;1;280;0%;280;Cartão de Crédito
12591;2025-12-29;2422;17;14;1;650;0%;650;Pix
12592;2026-05-18;191;22;10;1;850;0%;850;Boleto
12593;2026-02-01;1825;16;16;1;520;0%;520;Boleto
12594;2026-05-16;455;7;9;3;320;0%;960;Cartão de Crédito
12595;2025-09-29;1456;32;15;1;480;0%;480;Cartão de Crédito
12596;2026-05-09;227;31;5;1;120;0%;120;Cartão de Crédito
12597;2026-03-17;75;1;3;1;4500;0%;4500;Cartão de Débito
12598;2026-03-15;1510;21;10;1;1600;5%;1520;Pix
12599;2026-01-21;1156;21;2;1;1600;5%;1520;Cartão de Crédito
12600;2026-08-05;2205;8;11;1;110;0%;110;Cartão de Crédito
12601;2026-05-04;1327;23;5;2;400;0%;800;Pix
12602;2026-03-20;1596;28;7;1;420;0%;420;Pix
12603;2026-05-21;1059;21;9;1;1600;0%;1600;Cartão de Crédito
12604;2026-06-20;1103;1;12;1;4500;0%;4500;Cartão de Crédito
12605;2026-03-03;1380;21;16;1;1600;0%;1600;Cartão de Crédito
12606;2026-03-30;1680;20;7;1;190;0%;190;Boleto
12607;2026-01-13;1386;2;9;2;80;0%;160;Cartão de Crédito
12608;2025-12-15;14;41;11;1;45;0%;45;Pix
12609;2025-09-25;2316;5;11;4;950;0%;3800;Cartão de Crédito
12610;2025-12-31;41;4;15;1;1400;10%;1260;Cartão de Débito
12611;2025-12-03;1927;28;16;2;420;0%;840;Pix
12612;2025-11-17;2163;12;5;1;180;0%;180;Pix
12613;2026-05-13;1594;3;11;1;250;0%;250;Pix
12614;2026-08-22;2079;5;18;1;950;5%;902,5;Cartão de Crédito
12615;2026-05-24;247;5;18;2;950;0%;1900;Pix
12616;2026-07-06;1117;13;6;2;2900;0%;5800;Boleto
12617;2026-08-08;1747;33;13;1;1200;0%;1200;Cartão de Crédito
12618;2025-09-23;962;15;14;5;750;0%;3750;Pix
12619;2026-04-16;2500;20;18;1;190;0%;190;Pix
12620;2025-09-27;768;23;15;1;400;0%;400;Cartão de Crédito
12621;2026-04-22;1255;14;9;1;350;5%;332,5;Pix
12622;2026-06-15;707;2;10;4;80;0%;320;Cartão de Crédito
12623;2025-12-21;1477;32;2;1;480;0%;480;Cartão de Crédito
12624;2025-10-10;1975;30;13;1;160;0%;160;Cartão de Crédito
12625;2025-11-03;1771;4;12;1;1400;0%;1400;Boleto
12626;2026-01-04;1959;42;16;3;35;5%;99,75;Boleto
12627;2026-05-09;2153;41;9;2;45;5%;85,5;Cartão de Crédito
12628;2025-11-22;1140;20;16;1;190;0%;190;Pix
12629;2025-11-05;1721;25;10;2;310;0%;620;Cartão de Crédito
12630;2026-06-27;265;20;4;3;190;0%;570;Boleto
12631;2026-03-30;791;13;14;1;2900;0%;2900;Boleto
12632;2026-07-06;1367;15;1;2;750;5%;1425;Cartão de Débito
12633;2026-08-29;1929;36;6;2;550;0%;1100;Pix
12634;2026-03-06;2488;9;6;1;150;0%;150;Boleto
12635;2026-03-07;148;13;4;1;2900;0%;2900;Cartão de Crédito
12636;2026-03-29;2484;32;3;1;480;10%;432;Cartão de Débito
12637;2026-03-09;1750;43;16;1;65;0%;65;Pix
12638;2026-06-10;254;36;16;1;550;0%;550;Pix
12639;2026-07-28;2088;20;5;2;190;0%;380;Pix
12640;2025-12-27;220;6;16;2;220;0%;440;Boleto
12641;2026-08-20;189;13;1;5;2900;0%;14500;Cartão de Crédito
12642;2026-06-07;260;36;7;2;550;5%;1045;Boleto
12643;2025-12-31;1262;24;1;2;380;0%;760;Cartão de Crédito
12644;2025-11-23;855;25;16;3;310;0%;930;Cartão de Crédito
12645;2026-02-12;950;19;6;1;490;5%;465,5;Cartão de Crédito
12646;2026-04-21;2352;23;6;1;400;0%;400;Cartão de Crédito
12647;2026-02-01;1153;16;4;1;520;0%;520;Boleto
12648;2026-06-21;16;25;3;1;310;0%;310;Pix
12649;2026-09-03;1554;7;12;1;320;0%;320;Cartão de Crédito
12650;2026-07-21;483;24;4;1;380;0%;380;Boleto
12651;2026-08-08;715;31;10;3;120;5%;342;Cartão de Crédito
12652;2026-04-15;1077;2;2;1;80;0%;80;Cartão de Crédito
12653;2026-01-16;280;17;4;2;650;0%;1300;Cartão de Crédito
12654;2026-06-16;638;31;18;1;120;0%;120;Cartão de Débito
12655;2026-05-06;2456;38;4;1;390;0%;390;Pix
12656;2026-01-24;1781;21;12;5;1600;0%;8000;Pix
12657;2026-07-11;1430;2;4;1;80;0%;80;Cartão de Crédito
12658;2025-10-24;595;33;1;3;1200;0%;3600;Boleto
12659;2025-12-17;945;6;2;1;220;0%;220;Cartão de Crédito
12660;2026-03-19;2469;26;13;1;2200;10%;1980;Pix
12661;2026-04-21;1773;12;9;1;180;0%;180;Pix
12662;2025-11-29;889;37;10;3;140;5%;399;Pix
12663;2025-12-17;2285;24;7;1;380;0%;380;Cartão de Crédito
12664;2026-05-16;1464;7;10;1;320;5%;304;Cartão de Crédito
12665;2025-12-02;2171;12;17;2;180;0%;360;Cartão de Crédito
12666;2026-02-12;1577;6;8;2;220;0%;440;Cartão de Crédito
12667;2026-05-12;1964;32;8;1;480;0%;480;Cartão de Crédito
12668;2026-02-15;2253;33;11;1;1200;0%;1200;Cartão de Crédito
12669;2025-10-09;998;19;1;1;490;0%;490;Pix
12670;2025-12-12;1838;6;16;1;220;0%;220;Boleto
12671;2025-11-20;325;8;15;1;110;0%;110;Cartão de Crédito
12672;2026-07-03;838;40;3;2;600;10%;1080;Cartão de Crédito
12673;2026-04-05;649;34;12;1;890;0%;890;Cartão de Crédito
12674;2025-10-05;1352;36;12;1;550;0%;550;Pix
12675;2025-12-22;647;20;14;2;190;0%;380;Pix
12676;2026-04-27;2484;22;5;1;850;0%;850;Pix
12677;2026-02-01;1251;15;17;3;750;0%;2250;Pix
12678;2026-01-15;1909;23;5;2;400;0%;800;Cartão de Crédito
12679;2026-04-02;2288;9;15;1;150;0%;150;Boleto
12680;2026-09-09;1997;2;8;1;80;0%;80;Pix
12681;2026-05-31;2157;34;9;2;890;10%;1602;Boleto
12682;2026-07-13;325;27;6;1;350;0%;350;Cartão de Crédito
12683;2026-06-08;1787;8;15;1;110;0%;110;Boleto
12684;2025-12-05;2075;31;16;1;120;5%;114;Cartão de Débito
12685;2026-05-15;1054;26;16;3;2200;0%;6600;Pix
12686;2026-06-14;1572;36;3;2;550;10%;990;Pix
12687;2025-10-08;1207;42;1;1;35;10%;31,5;Cartão de Crédito
12688;2026-04-26;1555;31;6;1;120;0%;120;Boleto
12689;2026-07-14;1545;16;13;1;520;0%;520;Pix
12690;2026-02-19;749;3;10;1;250;5%;237,5;Cartão de Crédito
12691;2025-11-02;1298;29;16;1;380;0%;380;Boleto
12692;2026-01-02;305;28;17;1;420;0%;420;Cartão de Débito
12693;2025-10-07;577;12;1;1;180;10%;162;Pix
12694;2026-02-05;83;9;9;2;150;0%;300;Cartão de Crédito
12695;2025-10-21;33;18;15;1;280;10%;252;Cartão de Crédito
12696;2025-11-03;2322;8;3;1;110;0%;110;Pix
12697;2025-11-19;2438;33;9;1;1200;0%;1200;Cartão de Crédito
12698;2026-01-17;1018;4;15;1;1400;0%;1400;Cartão de Crédito
12699;2025-10-10;738;1;14;1;4500;0%;4500;Cartão de Crédito
12700;2026-03-17;1794;5;17;1;950;0%;950;Cartão de Débito
12701;2025-11-02;1193;28;13;1;420;5%;399;Pix
12702;2026-01-03;1465;22;11;2;850;0%;1700;Cartão de Débito
12703;2025-09-27;324;9;7;1;150;0%;150;Boleto
12704;2026-03-20;857;37;3;1;140;0%;140;Cartão de Crédito
12705;2026-08-16;326;21;1;1;1600;0%;1600;Cartão de Crédito
12706;2025-11-09;1325;6;17;1;220;0%;220;Pix
12707;2026-02-13;1513;36;13;3;550;0%;1650;Cartão de Crédito
12708;2026-04-26;923;1;3;2;4500;0%;9000;Cartão de Crédito
12709;2026-01-02;1955;22;2;1;850;0%;850;Cartão de Débito
12710;2026-09-02;190;23;3;1;400;0%;400;Cartão de Crédito
12711;2026-08-18;1889;26;9;2;2200;0%;4400;Cartão de Crédito
12712;2026-06-29;781;27;3;1;350;0%;350;Pix
12713;2026-04-30;1473;21;14;3;1600;0%;4800;Pix
12714;2025-09-26;2047;2;8;1;80;0%;80;Pix
12715;2025-09-15;758;36;4;2;550;5%;1045;Cartão de Crédito
12716;2026-09-08;1824;21;7;1;1600;0%;1600;Cartão de Crédito
12717;2026-05-02;873;6;8;1;220;5%;209;Cartão de Crédito
12718;2026-07-13;1971;7;2;1;320;0%;320;Cartão de Crédito
12719;2025-10-24;24;12;4;1;180;0%;180;Cartão de Crédito
12720;2026-08-16;1186;1;6;2;4500;0%;9000;Cartão de Crédito
12721;2026-04-11;641;5;3;3;950;10%;2565;Boleto
12722;2026-06-21;648;28;6;1;420;0%;420;Pix
12723;2026-08-24;1070;23;1;1;400;0%;400;Pix
12724;2025-09-12;1704;10;3;2;50;10%;90;Cartão de Crédito
12725;2025-12-27;2148;24;13;3;380;0%;1140;Boleto
12726;2026-03-02;1106;11;14;2;3800;0%;7600;Cartão de Crédito
12727;2026-04-06;218;40;6;1;600;0%;600;Cartão de Crédito
12728;2026-08-10;1283;11;3;1;3800;0%;3800;Pix
12729;2026-01-28;1023;14;11;1;350;0%;350;Cartão de Débito
12730;2026-06-16;170;26;9;4;2200;0%;8800;Cartão de Crédito
12731;2026-05-11;342;14;3;3;350;10%;945;Cartão de Crédito
12732;2026-06-24;127;1;2;2;4500;0%;9000;Pix
12733;2026-02-14;1389;21;2;2;1600;0%;3200;Boleto
12734;2025-10-24;1294;4;8;1;1400;0%;1400;Pix
12735;2025-10-17;461;35;11;1;250;0%;250;Pix
12736;2026-07-21;1665;17;2;1;650;0%;650;Cartão de Crédito
12737;2025-11-28;1974;2;13;1;80;0%;80;Cartão de Crédito
12738;2026-07-16;781;4;9;1;1400;10%;1260;Cartão de Crédito
12739;2026-05-23;1986;9;14;1;150;0%;150;Pix
12740;2026-04-13;204;13;11;1;2900;0%;2900;Cartão de Débito
12741;2026-01-21;2058;4;11;3;1400;0%;4200;Cartão de Crédito
12742;2026-03-23;614;15;11;1;750;0%;750;Pix
12743;2026-05-11;1434;27;1;2;350;0%;700;Pix
12744;2026-01-29;693;2;6;2;80;0%;160;Pix
12745;2026-02-17;1642;25;9;1;310;0%;310;Cartão de Débito
12746;2025-10-11;1585;9;9;3;150;0%;450;Cartão de Crédito
12747;2026-08-17;2049;13;14;1;2900;0%;2900;Boleto
12748;2025-11-07;2016;1;11;3;4500;0%;13500;Pix
12749;2026-01-22;434;17;17;1;650;5%;617,5;Cartão de Crédito
12750;2025-12-02;2043;21;16;5;1600;0%;8000;Cartão de Crédito
12751;2025-11-06;475;21;10;1;1600;0%;1600;Pix
12752;2026-06-26;2286;33;4;1;1200;0%;1200;Pix
12753;2026-03-26;228;7;12;2;320;5%;608;Pix
12754;2026-06-23;87;34;3;1;890;5%;845,5;Pix
12755;2026-06-29;2045;45;11;1;180;0%;180;Pix
12756;2026-03-12;2008;14;2;1;350;5%;332,5;Pix
12757;2026-06-24;698;11;13;2;3800;5%;7220;Cartão de Crédito
12758;2026-05-21;2247;22;13;1;850;0%;850;Cartão de Crédito
12759;2026-02-25;192;22;9;3;850;5%;2422,5;Pix
12760;2026-01-28;1187;1;3;1;4500;5%;4275;Cartão de Crédito
12761;2026-02-12;1143;9;5;1;150;0%;150;Cartão de Crédito
12762;2026-07-28;1068;27;5;1;350;0%;350;Pix
12763;2026-04-07;2023;25;1;2;310;0%;620;Pix
12764;2026-06-10;2207;21;2;3;1600;0%;4800;Boleto
12765;2026-09-05;1420;11;2;2;3800;10%;6840;Cartão de Crédito
12766;2025-10-15;1346;8;4;5;110;0%;550;Boleto
12767;2026-01-06;1796;7;17;1;320;0%;320;Pix
12768;2026-08-14;1701;15;6;1;750;0%;750;Cartão de Crédito
12769;2026-04-10;2089;5;9;1;950;0%;950;Pix
12770;2026-07-25;1820;20;2;3;190;0%;570;Pix
12771;2026-02-09;586;17;9;3;650;0%;1950;Cartão de Débito
12772;2025-10-14;1684;31;17;1;120;0%;120;Cartão de Crédito
12773;2025-11-10;1208;24;5;1;380;0%;380;Cartão de Crédito
12774;2025-09-14;1824;36;13;1;550;5%;522,5;Cartão de Crédito
12775;2026-08-15;2208;6;3;2;220;0%;440;Cartão de Crédito
12776;2026-04-24;44;15;2;2;750;0%;1500;Cartão de Crédito
12777;2026-04-19;2191;38;3;1;390;0%;390;Cartão de Crédito
12778;2026-01-25;901;10;14;1;50;0%;50;Cartão de Crédito
12779;2026-03-15;2363;3;16;1;250;0%;250;Cartão de Crédito
12780;2025-11-29;925;3;15;2;250;0%;500;Pix
12781;2026-03-31;1684;24;4;1;380;0%;380;Pix
12782;2026-08-27;195;13;11;3;2900;0%;8700;Pix
12783;2026-01-18;498;11;15;1;3800;5%;3610;Pix
12784;2025-10-24;1321;8;2;1;110;0%;110;Cartão de Crédito
12785;2025-09-26;2025;44;14;2;55;0%;110;Cartão de Crédito
12786;2025-09-19;330;35;15;2;250;5%;475;Pix
12787;2026-03-09;455;22;18;1;850;0%;850;Pix
12788;2025-09-15;23;26;15;2;2200;0%;4400;Pix
12789;2026-05-12;2268;4;9;1;1400;5%;1330;Pix
12790;2025-12-12;2077;11;10;2;3800;5%;7220;Pix
12791;2026-03-19;1486;41;15;2;45;5%;85,5;Pix
12792;2026-04-23;421;41;17;1;45;10%;40,5;Cartão de Crédito
12793;2026-07-29;1753;19;16;1;490;0%;490;Cartão de Crédito
12794;2026-05-16;188;42;14;1;35;0%;35;Boleto
12795;2026-04-19;2000;34;5;3;890;0%;2670;Cartão de Crédito
12796;2026-08-30;379;40;6;1;600;0%;600;Cartão de Crédito
12797;2025-12-11;2267;15;8;1;750;10%;675;Pix
12798;2026-02-12;2402;3;4;2;250;5%;475;Pix
12799;2026-01-22;841;15;1;3;750;0%;2250;Cartão de Crédito
12800;2026-08-03;2425;9;5;1;150;0%;150;Cartão de Crédito
12801;2025-11-07;1485;8;6;1;110;0%;110;Cartão de Crédito
12802;2026-05-01;724;6;12;1;220;0%;220;Cartão de Crédito
12803;2026-07-27;1988;20;18;1;190;0%;190;Boleto
12804;2026-01-03;804;23;14;3;400;0%;1200;Pix
12805;2026-05-07;1149;13;2;1;2900;0%;2900;Cartão de Crédito
12806;2026-06-07;2361;23;4;1;400;5%;380;Cartão de Crédito
12807;2025-12-08;185;1;12;1;4500;0%;4500;Cartão de Crédito
12808;2026-07-12;2393;8;9;1;110;0%;110;Pix
12809;2026-02-05;1906;25;13;3;310;0%;930;Pix
12810;2026-07-11;2185;19;18;1;490;0%;490;Cartão de Crédito
12811;2025-09-26;372;4;6;1;1400;0%;1400;Cartão de Crédito
12812;2026-08-21;677;11;11;2;3800;0%;7600;Pix
12813;2026-04-07;529;31;2;1;120;5%;114;Cartão de Débito
12814;2026-06-11;886;12;14;1;180;0%;180;Cartão de Crédito
12815;2025-10-31;60;11;18;1;3800;0%;3800;Cartão de Crédito
12816;2026-06-15;157;9;5;1;150;0%;150;Cartão de Crédito
12817;2026-03-14;2011;8;2;1;110;0%;110;Cartão de Crédito
12818;2025-10-17;1653;41;6;1;45;0%;45;Boleto
12819;2025-10-06;1632;18;8;5;280;0%;1400;Cartão de Débito
12820;2026-05-04;256;41;8;2;45;0%;90;Pix
12821;2026-03-21;1381;28;12;3;420;0%;1260;Cartão de Crédito
12822;2026-07-27;433;29;11;2;380;0%;760;Cartão de Crédito
12823;2025-11-14;1604;1;15;1;4500;0%;4500;Cartão de Crédito
12824;2026-03-24;315;11;14;3;3800;0%;11400;Boleto
12825;2026-09-08;1694;4;5;1;1400;5%;1330;Pix
12826;2026-07-02;1663;31;12;1;120;0%;120;Boleto
12827;2026-06-16;1625;15;7;1;750;0%;750;Cartão de Crédito
12828;2026-03-28;223;4;5;1;1400;0%;1400;Cartão de Crédito
12829;2026-03-15;998;29;13;1;380;0%;380;Cartão de Crédito
12830;2026-06-01;2000;15;7;2;750;0%;1500;Cartão de Crédito
12831;2025-11-24;249;19;5;1;490;10%;441;Cartão de Crédito
12832;2025-12-12;1337;6;9;2;220;0%;440;Cartão de Crédito
12833;2026-03-15;189;10;18;3;50;0%;150;Pix
12834;2025-09-22;1587;8;9;1;110;0%;110;Cartão de Débito
12835;2025-09-21;1799;45;18;1;180;0%;180;Cartão de Crédito
12836;2026-05-07;837;20;18;3;190;0%;570;Pix
12837;2026-05-24;397;22;18;1;850;0%;850;Cartão de Crédito
12838;2025-12-23;1178;15;4;3;750;0%;2250;Cartão de Crédito
12839;2025-10-10;209;12;1;2;180;0%;360;Cartão de Débito
12840;2026-04-23;1596;24;11;2;380;0%;760;Pix
12841;2026-06-15;1200;37;17;1;140;0%;140;Cartão de Crédito
12842;2026-02-06;987;12;8;1;180;0%;180;Boleto
12843;2025-09-25;24;24;9;3;380;0%;1140;Cartão de Crédito
12844;2026-04-20;254;4;8;4;1400;0%;5600;Cartão de Crédito
12845;2026-09-06;1283;9;14;5;150;0%;750;Pix
12846;2025-09-12;2186;23;16;1;400;0%;400;Pix
12847;2025-10-01;1573;18;9;1;280;5%;266;Cartão de Débito
12848;2026-06-28;1004;29;16;2;380;0%;760;Cartão de Crédito
12849;2026-03-21;22;5;10;2;950;0%;1900;Pix
12850;2026-02-03;1915;10;2;2;50;0%;100;Cartão de Débito
12851;2026-08-03;1290;24;18;1;380;0%;380;Cartão de Débito
12852;2026-01-14;237;36;9;1;550;5%;522,5;Pix
12853;2026-05-10;61;15;5;2;750;5%;1425;Pix
12854;2026-05-20;2170;1;1;1;4500;0%;4500;Boleto
12855;2025-12-02;1866;32;14;2;480;0%;960;Cartão de Crédito
12856;2026-01-24;1509;24;4;1;380;0%;380;Pix
12857;2025-12-17;18;19;2;1;490;0%;490;Pix
12858;2026-02-23;205;35;4;1;250;0%;250;Pix
12859;2026-07-28;2235;23;11;1;400;5%;380;Cartão de Crédito
12860;2026-05-21;1346;1;10;4;4500;0%;18000;Boleto
12861;2026-05-16;860;4;18;2;1400;5%;2660;Pix
12862;2026-05-30;1;34;18;1;890;0%;890;Cartão de Crédito
12863;2026-02-03;738;27;16;2;350;0%;700;Boleto
12864;2026-02-16;100;7;13;2;320;5%;608;Cartão de Crédito
12865;2025-12-02;2092;43;6;1;65;0%;65;Cartão de Crédito
12866;2026-05-26;1334;18;1;1;280;0%;280;Boleto
12867;2026-04-27;671;29;12;2;380;0%;760;Cartão de Crédito
12868;2026-02-20;917;11;6;3;3800;0%;11400;Cartão de Débito
12869;2025-09-18;1518;22;5;2;850;0%;1700;Cartão de Crédito
12870;2026-06-13;1478;22;3;1;850;0%;850;Pix
12871;2026-02-22;1515;23;2;1;400;5%;380;Pix
12872;2025-11-10;773;35;11;4;250;0%;1000;Cartão de Débito
12873;2025-12-01;1036;45;15;1;180;0%;180;Pix
12874;2025-10-23;377;4;15;1;1400;0%;1400;Boleto
12875;2026-06-22;2090;19;16;1;490;5%;465,5;Cartão de Crédito
12876;2026-08-22;1416;16;1;2;520;0%;1040;Boleto
12877;2026-03-16;501;3;7;2;250;0%;500;Boleto
12878;2026-07-27;494;14;17;1;350;5%;332,5;Boleto
12879;2026-08-03;1095;10;3;2;50;0%;100;Pix
12880;2026-06-01;101;20;12;1;190;0%;190;Boleto
12881;2025-10-29;1186;11;4;1;3800;0%;3800;Pix
12882;2025-11-16;91;8;1;2;110;0%;220;Pix
12883;2026-05-22;1058;30;2;3;160;0%;480;Cartão de Débito
12884;2026-01-30;1531;18;3;1;280;0%;280;Cartão de Débito
12885;2026-02-28;1753;13;7;1;2900;0%;2900;Cartão de Crédito
12886;2025-12-31;631;10;16;1;50;10%;45;Cartão de Crédito
12887;2026-04-08;596;6;13;1;220;0%;220;Pix
12888;2026-06-26;2342;34;9;1;890;0%;890;Cartão de Débito
12889;2026-04-29;927;15;17;1;750;10%;675;Boleto
12890;2026-05-08;832;22;2;2;850;0%;1700;Boleto
12891;2026-06-29;618;25;12;1;310;5%;294,5;Cartão de Crédito
12892;2025-12-12;835;10;2;1;50;5%;47,5;Pix
12893;2026-03-23;210;31;12;2;120;0%;240;Boleto
12894;2026-04-11;814;25;14;1;310;0%;310;Cartão de Crédito
12895;2025-10-05;1798;16;3;1;520;5%;494;Pix
12896;2025-11-27;1236;45;4;1;180;0%;180;Cartão de Débito
12897;2025-12-25;1955;18;7;3;280;0%;840;Pix
12898;2026-07-21;1217;15;3;2;750;0%;1500;Boleto
12899;2025-11-21;1282;6;18;1;220;5%;209;Cartão de Débito
12900;2025-10-17;2325;2;8;1;80;0%;80;Cartão de Crédito
12901;2026-04-20;1595;36;10;1;550;10%;495;Cartão de Crédito
12902;2025-12-18;1765;2;10;2;80;0%;160;Cartão de Crédito
12903;2025-12-27;1752;20;12;1;190;5%;180,5;Cartão de Crédito
12904;2026-08-25;799;9;3;1;150;0%;150;Cartão de Crédito
12905;2026-08-14;1255;5;11;1;950;0%;950;Cartão de Crédito
12906;2026-09-01;2442;31;9;1;120;5%;114;Cartão de Crédito
12907;2026-03-21;1724;17;18;1;650;10%;585;Cartão de Crédito
12908;2025-11-11;1508;11;2;2;3800;0%;7600;Cartão de Crédito
12909;2026-06-17;2391;8;11;1;110;0%;110;Cartão de Crédito
12910;2025-11-06;1203;23;13;2;400;0%;800;Cartão de Crédito
12911;2026-09-06;954;33;4;1;1200;0%;1200;Boleto
12912;2026-06-12;1834;5;18;3;950;5%;2707,5;Pix
12913;2026-07-05;1962;33;14;1;1200;0%;1200;Pix
12914;2026-01-06;983;29;2;2;380;0%;760;Cartão de Crédito
12915;2025-11-16;813;40;1;1;600;0%;600;Cartão de Crédito
12916;2026-02-02;638;3;7;1;250;0%;250;Cartão de Crédito
12917;2026-01-13;910;35;17;1;250;0%;250;Pix
12918;2026-06-07;981;35;4;1;250;0%;250;Cartão de Crédito
12919;2026-08-16;2335;32;13;1;480;0%;480;Boleto
12920;2025-09-14;595;43;11;1;65;0%;65;Cartão de Crédito
12921;2025-09-25;629;4;16;1;1400;0%;1400;Boleto
12922;2025-09-20;1059;21;1;3;1600;0%;4800;Cartão de Débito
12923;2025-09-24;1272;39;8;1;290;5%;275,5;Cartão de Crédito
12924;2026-06-18;1784;14;13;1;350;5%;332,5;Boleto
12925;2026-04-19;2110;5;10;1;950;0%;950;Cartão de Débito
12926;2026-05-09;165;23;16;1;400;5%;380;Boleto
12927;2026-08-11;626;16;13;1;520;0%;520;Cartão de Crédito
12928;2025-10-03;657;1;15;1;4500;5%;4275;Cartão de Débito
12929;2026-02-20;1953;12;17;4;180;0%;720;Cartão de Crédito
12930;2026-07-19;1715;15;14;1;750;0%;750;Cartão de Crédito
12931;2025-12-24;1693;19;17;1;490;0%;490;Cartão de Crédito
12932;2025-09-26;1462;22;7;1;850;0%;850;Cartão de Crédito
12933;2026-05-18;793;7;17;1;320;0%;320;Cartão de Crédito
12934;2025-10-11;2273;1;17;2;4500;0%;9000;Cartão de Crédito
12935;2025-11-26;825;11;7;1;3800;0%;3800;Cartão de Crédito
12936;2025-10-04;2312;37;15;3;140;0%;420;Cartão de Crédito
12937;2025-09-27;383;24;18;1;380;0%;380;Pix
12938;2025-12-07;1207;17;15;2;650;0%;1300;Cartão de Crédito
12939;2026-05-25;207;27;15;2;350;0%;700;Cartão de Crédito
12940;2026-03-16;407;41;17;2;45;0%;90;Cartão de Crédito
12941;2026-09-01;1623;21;5;2;1600;5%;3040;Pix
12942;2025-11-04;14;24;17;2;380;0%;760;Cartão de Crédito
12943;2026-08-16;1696;15;7;1;750;0%;750;Cartão de Crédito
12944;2026-04-06;1886;12;17;1;180;0%;180;Pix
12945;2026-08-29;713;31;17;2;120;0%;240;Cartão de Crédito
12946;2026-08-10;279;4;14;3;1400;0%;4200;Pix
12947;2026-06-17;2352;18;13;1;280;0%;280;Cartão de Débito
12948;2025-09-17;57;7;13;1;320;0%;320;Cartão de Crédito
12949;2026-04-04;2066;17;17;2;650;0%;1300;Cartão de Crédito
12950;2025-10-14;654;4;16;1;1400;0%;1400;Boleto
12951;2026-07-10;193;4;10;1;1400;0%;1400;Pix
12952;2025-12-04;1514;38;6;2;390;0%;780;Cartão de Crédito
12953;2026-06-17;1091;9;13;1;150;0%;150;Pix
12954;2026-02-24;2063;33;1;1;1200;5%;1140;Boleto
12955;2026-04-16;2237;4;3;1;1400;0%;1400;Cartão de Crédito
12956;2026-08-24;1842;34;5;1;890;0%;890;Pix
12957;2025-12-01;1170;9;4;2;150;0%;300;Pix
12958;2026-08-18;2498;41;15;2;45;5%;85,5;Boleto
12959;2026-07-18;1814;4;1;2;1400;5%;2660;Cartão de Débito
12960;2026-01-01;506;10;2;1;50;0%;50;Cartão de Débito
12961;2026-06-24;256;26;17;1;2200;5%;2090;Pix
12962;2025-12-29;1083;38;18;1;390;0%;390;Cartão de Crédito
12963;2025-09-14;2237;1;12;1;4500;0%;4500;Cartão de Crédito
12964;2026-01-22;1055;14;17;2;350;0%;700;Cartão de Crédito
12965;2026-05-03;2257;4;2;1;1400;0%;1400;Cartão de Crédito
12966;2026-01-29;2188;20;8;1;190;0%;190;Cartão de Crédito
12967;2025-12-19;1045;36;14;1;550;0%;550;Cartão de Crédito
12968;2026-02-21;2209;29;13;1;380;0%;380;Cartão de Crédito
12969;2026-09-01;1876;21;5;2;1600;0%;3200;Cartão de Crédito
12970;2026-03-29;246;16;6;4;520;0%;2080;Cartão de Crédito
12971;2025-11-02;887;4;3;2;1400;0%;2800;Cartão de Crédito
12972;2026-08-21;2066;43;1;1;65;0%;65;Cartão de Crédito
12973;2026-04-16;1731;25;14;1;310;0%;310;Pix
12974;2026-02-11;230;19;11;1;490;0%;490;Cartão de Crédito
12975;2026-08-05;2482;12;16;1;180;5%;171;Cartão de Crédito
12976;2026-08-03;1244;7;8;3;320;0%;960;Cartão de Crédito
12977;2026-08-05;100;13;17;1;2900;0%;2900;Boleto
12978;2026-05-25;2277;17;1;1;650;0%;650;Cartão de Crédito
12979;2026-09-06;867;16;15;2;520;0%;1040;Boleto
12980;2026-06-07;709;21;11;1;1600;5%;1520;Boleto
12981;2026-09-08;988;14;15;3;350;0%;1050;Cartão de Crédito
12982;2025-11-05;520;11;14;2;3800;0%;7600;Boleto
12983;2026-06-08;2161;41;16;2;45;0%;90;Cartão de Crédito
12984;2025-09-23;1177;16;3;3;520;5%;1482;Pix
12985;2026-03-01;1311;23;16;3;400;5%;1140;Cartão de Crédito
12986;2026-06-15;404;6;8;4;220;0%;880;Pix
12987;2026-08-01;1801;26;7;2;2200;0%;4400;Pix
12988;2026-09-12;319;21;10;2;1600;0%;3200;Pix
12989;2025-12-06;490;37;16;2;140;0%;280;Cartão de Crédito
12990;2026-08-20;1386;16;13;1;520;0%;520;Pix
12991;2025-11-21;1107;12;16;2;180;0%;360;Cartão de Crédito
12992;2026-07-13;2467;32;9;1;480;0%;480;Pix
12993;2026-01-19;1009;21;7;1;1600;0%;1600;Cartão de Crédito
12994;2025-11-07;2035;4;18;1;1400;0%;1400;Pix
12995;2025-12-02;1842;27;8;1;350;0%;350;Cartão de Crédito
12996;2025-10-01;1442;9;16;1;150;0%;150;Pix
12997;2026-04-09;1781;33;5;2;1200;0%;2400;Cartão de Crédito
12998;2025-09-28;2163;14;10;1;350;0%;350;Pix
12999;2025-09-19;1805;17;17;2;650;0%;1300;Cartão de Débito
13000;2026-01-30;1643;38;9;1;390;5%;370,5;Cartão de Crédito
13001;2025-09-18;471;40;11;1;600;0%;600;Cartão de Crédito
13002;2026-04-26;1840;22;10;1;850;0%;850;Cartão de Crédito
13003;2026-04-08;1582;2;5;1;80;0%;80;Cartão de Crédito
13004;2025-11-10;2458;8;16;1;110;5%;104,5;Pix
13005;2026-05-31;1297;19;14;1;490;0%;490;Boleto
13006;2026-03-06;513;15;11;1;750;5%;712,5;Pix
13007;2026-03-06;1232;39;5;1;290;5%;275,5;Cartão de Débito
13008;2026-01-24;1369;41;18;1;45;0%;45;Pix
13009;2026-04-16;1647;5;15;1;950;0%;950;Cartão de Crédito
13010;2025-12-10;2500;3;6;1;250;10%;225;Pix
13011;2026-07-02;2487;27;2;1;350;0%;350;Cartão de Crédito
13012;2026-05-07;664;24;5;1;380;0%;380;Cartão de Crédito
13013;2026-04-15;1935;21;9;1;1600;0%;1600;Pix
13014;2025-10-04;1776;25;1;1;310;5%;294,5;Boleto
13015;2025-11-01;1288;6;9;2;220;0%;440;Pix
13016;2025-11-04;933;34;17;2;890;0%;1780;Pix
13017;2025-12-04;1796;11;8;1;3800;0%;3800;Cartão de Crédito
13018;2026-06-24;1668;28;18;1;420;0%;420;Cartão de Débito
13019;2026-06-08;896;44;8;2;55;0%;110;Pix
13020;2026-07-24;553;27;7;1;350;0%;350;Pix
13021;2026-06-13;2482;35;17;2;250;0%;500;Pix
13022;2026-03-30;565;9;5;1;150;10%;135;Pix
13023;2026-03-14;1036;12;14;1;180;0%;180;Cartão de Crédito
13024;2026-08-10;2053;11;14;1;3800;5%;3610;Pix
13025;2025-12-16;2307;34;14;1;890;5%;845,5;Pix
13026;2026-04-20;356;29;2;1;380;0%;380;Pix
13027;2026-01-06;1477;17;13;1;650;0%;650;Pix
13028;2026-03-21;2037;22;9;1;850;0%;850;Cartão de Crédito
13029;2026-08-06;2272;4;2;2;1400;0%;2800;Cartão de Crédito
13030;2026-06-25;1279;11;7;1;3800;0%;3800;Cartão de Crédito
13031;2026-05-21;325;21;10;2;1600;10%;2880;Boleto
13032;2026-07-05;660;21;14;2;1600;0%;3200;Boleto
13033;2025-11-25;1971;17;8;1;650;5%;617,5;Cartão de Crédito
13034;2026-07-29;1498;12;1;1;180;10%;162;Cartão de Débito
13035;2026-08-09;1634;36;2;2;550;0%;1100;Cartão de Crédito
13036;2025-10-08;317;1;5;1;4500;0%;4500;Cartão de Crédito
13037;2026-04-19;1690;1;10;1;4500;0%;4500;Boleto
13038;2026-03-30;149;2;14;1;80;0%;80;Boleto
13039;2025-10-20;1167;20;2;1;190;0%;190;Cartão de Crédito
13040;2026-06-29;343;11;1;1;3800;0%;3800;Boleto
13041;2025-10-06;2447;29;4;1;380;0%;380;Cartão de Crédito
13042;2026-04-20;1607;38;12;1;390;0%;390;Pix
13043;2026-08-18;2429;16;11;1;520;0%;520;Cartão de Crédito
13044;2026-02-17;1392;29;10;2;380;0%;760;Pix
13045;2026-01-17;159;29;2;1;380;0%;380;Cartão de Crédito
13046;2025-10-31;1944;6;17;2;220;0%;440;Pix
13047;2026-01-27;1639;4;5;1;1400;0%;1400;Boleto
13048;2026-08-13;2011;11;10;1;3800;0%;3800;Cartão de Crédito
13049;2026-08-11;641;13;1;2;2900;0%;5800;Pix
13050;2026-08-09;1290;14;6;1;350;0%;350;Pix
13051;2026-09-12;535;39;11;2;290;0%;580;Cartão de Débito
13052;2026-08-18;2253;2;17;1;80;0%;80;Cartão de Crédito
13053;2026-05-04;809;16;2;1;520;0%;520;Cartão de Crédito
13054;2026-05-25;813;9;6;1;150;0%;150;Pix
13055;2025-11-06;1687;32;13;1;480;5%;456;Pix
13056;2026-03-22;1638;26;4;1;2200;0%;2200;Pix
13057;2025-10-05;1833;23;2;1;400;0%;400;Pix
13058;2026-07-30;2180;7;13;1;320;0%;320;Cartão de Crédito
13059;2025-10-15;484;13;16;1;2900;0%;2900;Cartão de Crédito
13060;2025-10-29;875;19;9;2;490;0%;980;Cartão de Crédito
13061;2025-09-12;602;33;12;1;1200;0%;1200;Pix
13062;2025-09-29;92;1;14;2;4500;0%;9000;Boleto
13063;2026-01-28;722;21;5;1;1600;0%;1600;Cartão de Crédito
13064;2026-05-04;1723;17;9;1;650;0%;650;Cartão de Crédito
13065;2026-01-15;1271;18;10;2;280;0%;560;Pix
13066;2026-08-21;1696;15;11;1;750;0%;750;Cartão de Crédito
13067;2025-11-22;1766;27;12;1;350;0%;350;Pix
13068;2025-10-13;1311;45;7;3;180;0%;540;Cartão de Crédito
13069;2026-02-04;2045;5;16;2;950;0%;1900;Pix
13070;2026-08-22;1079;44;3;5;55;0%;275;Cartão de Crédito
13071;2025-10-23;1685;10;1;1;50;5%;47,5;Pix
13072;2025-12-01;2083;5;12;2;950;0%;1900;Pix
13073;2026-09-05;2348;12;12;1;180;0%;180;Cartão de Débito
13074;2025-12-19;2251;22;18;2;850;0%;1700;Cartão de Crédito
13075;2026-05-25;1407;18;12;1;280;5%;266;Cartão de Crédito
13076;2026-07-15;2298;7;16;1;320;0%;320;Boleto
13077;2026-02-21;2310;18;6;2;280;0%;560;Pix
13078;2025-10-12;1067;11;3;1;3800;0%;3800;Cartão de Crédito
13079;2026-08-22;1411;29;11;1;380;0%;380;Boleto
13080;2025-12-04;2169;16;6;2;520;0%;1040;Pix
13081;2026-01-06;204;9;4;2;150;5%;285;Pix
13082;2026-04-04;1122;32;8;5;480;0%;2400;Cartão de Crédito
13083;2025-09-22;1009;2;5;1;80;0%;80;Boleto
13084;2026-07-17;2028;9;15;4;150;0%;600;Pix
13085;2026-09-07;1144;9;10;1;150;5%;142,5;Boleto
13086;2026-08-07;1177;16;8;3;520;0%;1560;Pix
13087;2026-01-06;596;32;10;1;480;0%;480;Pix
13088;2026-03-07;1871;10;17;2;50;0%;100;Cartão de Crédito
13089;2026-04-19;2044;25;10;1;310;0%;310;Cartão de Débito
13090;2026-09-09;221;16;10;1;520;5%;494;Pix
13091;2026-05-11;1862;14;5;3;350;0%;1050;Boleto
13092;2026-01-24;1612;35;9;2;250;0%;500;Cartão de Crédito
13093;2026-07-26;1970;6;5;1;220;0%;220;Cartão de Débito
13094;2026-05-31;865;34;10;1;890;5%;845,5;Cartão de Crédito
13095;2025-11-03;2306;9;1;1;150;0%;150;Cartão de Crédito
13096;2026-04-09;1846;2;3;2;80;0%;160;Cartão de Crédito
13097;2025-09-23;132;35;15;1;250;10%;225;Boleto
13098;2026-06-25;1195;22;10;1;850;0%;850;Cartão de Crédito
13099;2025-12-09;2081;11;6;1;3800;0%;3800;Cartão de Crédito
13100;2026-07-05;2335;26;8;4;2200;0%;8800;Boleto
13101;2025-10-15;1554;31;9;3;120;0%;360;Cartão de Crédito
13102;2025-11-18;497;15;5;1;750;5%;712,5;Pix
13103;2026-05-27;519;22;14;1;850;0%;850;Boleto
13104;2026-03-13;2073;25;12;1;310;0%;310;Cartão de Crédito
13105;2026-07-18;1925;11;2;2;3800;0%;7600;Cartão de Crédito
13106;2025-12-13;1165;31;17;5;120;0%;600;Pix
13107;2026-07-12;293;23;1;1;400;0%;400;Cartão de Crédito
13108;2026-03-06;1490;4;16;4;1400;0%;5600;Cartão de Crédito
13109;2026-06-27;2347;9;3;2;150;0%;300;Cartão de Crédito
13110;2026-03-16;2166;40;9;1;600;5%;570;Boleto
13111;2026-01-07;1084;7;12;1;320;0%;320;Cartão de Débito
13112;2026-03-24;1435;10;4;1;50;5%;47,5;Cartão de Crédito
13113;2026-08-11;604;43;8;3;65;10%;175,5;Cartão de Crédito
13114;2026-02-05;838;20;9;1;190;0%;190;Pix
13115;2026-01-30;229;11;15;1;3800;0%;3800;Cartão de Crédito
13116;2026-09-01;110;31;17;4;120;0%;480;Cartão de Crédito
13117;2025-09-22;1698;6;7;1;220;0%;220;Pix
13118;2025-10-18;981;8;11;2;110;0%;220;Boleto
13119;2026-07-21;1198;15;8;3;750;0%;2250;Cartão de Crédito
13120;2026-02-24;1843;32;18;1;480;0%;480;Cartão de Crédito
13121;2026-08-13;1104;4;11;2;1400;0%;2800;Cartão de Crédito
13122;2026-07-26;85;32;16;1;480;0%;480;Pix
13123;2025-12-28;506;43;5;1;65;5%;61,75;Boleto
13124;2026-06-06;670;5;3;1;950;0%;950;Cartão de Crédito
13125;2026-08-04;413;3;3;1;250;0%;250;Pix
13126;2025-12-14;1612;29;10;1;380;0%;380;Cartão de Crédito
13127;2026-08-04;624;43;4;1;65;0%;65;Pix
13128;2026-08-15;2093;4;3;1;1400;0%;1400;Pix
13129;2026-02-22;1049;1;9;1;4500;0%;4500;Cartão de Crédito
13130;2026-05-23;2268;10;17;1;50;5%;47,5;Cartão de Crédito
13131;2026-07-07;891;13;15;1;2900;0%;2900;Pix
13132;2026-08-03;1867;28;2;2;420;0%;840;Boleto
13133;2026-05-19;239;1;12;1;4500;0%;4500;Pix
13134;2025-09-26;1819;41;1;1;45;0%;45;Cartão de Crédito
13135;2026-07-27;1520;7;1;1;320;10%;288;Pix
13136;2026-08-04;1648;22;5;1;850;5%;807,5;Pix
13137;2026-03-28;891;25;6;1;310;0%;310;Cartão de Débito
13138;2026-04-27;1658;11;6;2;3800;0%;7600;Cartão de Crédito
13139;2026-01-20;829;6;5;2;220;0%;440;Boleto
13140;2026-04-18;1371;25;15;1;310;0%;310;Cartão de Crédito
13141;2025-11-29;14;22;16;1;850;10%;765;Pix
13142;2026-07-19;2152;3;2;1;250;0%;250;Cartão de Crédito
13143;2026-01-20;2012;8;2;2;110;0%;220;Cartão de Crédito
13144;2026-05-16;2103;8;8;2;110;0%;220;Pix
13145;2026-04-25;2476;41;17;1;45;0%;45;Cartão de Crédito
13146;2026-05-25;2027;6;11;1;220;0%;220;Cartão de Crédito
13147;2025-12-04;782;10;14;3;50;0%;150;Cartão de Débito
13148;2025-12-20;1593;18;4;3;280;10%;756;Pix
13149;2026-06-04;1232;36;12;1;550;0%;550;Cartão de Crédito
13150;2026-01-31;1097;22;4;2;850;5%;1615;Boleto
13151;2026-08-25;2402;8;18;1;110;0%;110;Pix
13152;2026-08-22;920;6;17;1;220;0%;220;Pix
13153;2026-03-16;1853;7;5;1;320;0%;320;Cartão de Crédito
13154;2026-06-08;679;37;13;1;140;0%;140;Cartão de Crédito
13155;2025-11-26;2477;8;1;3;110;0%;330;Cartão de Crédito
13156;2025-11-02;1718;12;12;2;180;0%;360;Pix
13157;2025-11-04;1294;18;11;2;280;0%;560;Cartão de Crédito
13158;2025-12-05;1973;20;10;2;190;0%;380;Boleto
13159;2026-04-28;2226;42;16;2;35;0%;70;Pix
13160;2025-11-01;1480;2;11;2;80;5%;152;Cartão de Crédito
13161;2026-01-04;791;8;7;1;110;0%;110;Cartão de Crédito
13162;2025-10-18;1827;22;8;1;850;0%;850;Boleto
13163;2025-10-18;874;9;10;1;150;0%;150;Pix
13164;2026-05-23;1350;11;13;1;3800;0%;3800;Boleto
13165;2025-10-14;1733;18;4;1;280;0%;280;Cartão de Crédito
13166;2026-05-07;1555;15;12;1;750;0%;750;Boleto
13167;2026-07-31;208;20;5;3;190;0%;570;Boleto
13168;2025-11-08;84;30;1;2;160;0%;320;Pix
13169;2025-10-04;703;21;16;2;1600;0%;3200;Pix
13170;2026-06-09;1738;31;10;1;120;0%;120;Boleto
13171;2026-08-17;2307;18;12;3;280;0%;840;Cartão de Crédito
13172;2026-06-06;1901;11;2;3;3800;0%;11400;Cartão de Crédito
13173;2025-09-14;1438;20;4;1;190;0%;190;Cartão de Crédito
13174;2026-08-03;513;24;11;2;380;0%;760;Cartão de Crédito
13175;2026-01-06;2101;13;2;3;2900;0%;8700;Pix
13176;2026-08-10;1728;17;7;3;650;0%;1950;Cartão de Crédito
13177;2025-10-30;12;4;11;1;1400;0%;1400;Cartão de Crédito
13178;2025-12-31;2032;4;13;1;1400;5%;1330;Cartão de Débito
13179;2026-07-15;853;15;6;1;750;0%;750;Pix
13180;2026-06-23;1916;11;6;1;3800;0%;3800;Pix
13181;2026-09-09;2040;26;10;1;2200;5%;2090;Pix
13182;2026-08-23;1577;28;6;1;420;0%;420;Pix
13183;2025-12-12;1619;8;17;3;110;0%;330;Cartão de Crédito
13184;2026-08-24;1949;24;11;1;380;0%;380;Cartão de Crédito
13185;2025-12-20;364;20;3;1;190;0%;190;Pix
13186;2026-03-09;670;22;9;1;850;0%;850;Pix
13187;2025-12-26;2208;29;16;1;380;0%;380;Pix
13188;2025-11-19;108;7;15;1;320;5%;304;Cartão de Crédito
13189;2026-02-25;1828;19;7;1;490;0%;490;Cartão de Crédito
13190;2025-10-31;1272;2;10;1;80;0%;80;Boleto
13191;2026-01-18;2494;29;9;1;380;0%;380;Boleto
13192;2025-11-09;2432;11;13;1;3800;0%;3800;Pix
13193;2026-08-15;1107;2;11;1;80;0%;80;Pix
13194;2026-08-25;2354;5;13;3;950;0%;2850;Cartão de Crédito
13195;2025-12-11;1077;15;7;1;750;0%;750;Cartão de Crédito
13196;2026-06-22;1139;6;1;2;220;0%;440;Pix
13197;2026-07-03;578;26;16;1;2200;0%;2200;Cartão de Crédito
13198;2026-04-28;305;13;12;1;2900;0%;2900;Cartão de Crédito
13199;2026-04-30;937;5;14;1;950;5%;902,5;Pix
13200;2026-06-09;1358;26;1;1;2200;0%;2200;Cartão de Crédito
13201;2026-08-09;1822;38;2;1;390;0%;390;Pix
13202;2026-02-23;450;24;18;1;380;0%;380;Pix
13203;2025-11-30;1432;1;3;2;4500;0%;9000;Pix
13204;2026-08-08;486;13;1;1;2900;5%;2755;Cartão de Débito
13205;2025-12-19;368;5;18;2;950;0%;1900;Cartão de Crédito
13206;2026-04-22;1856;29;5;2;380;5%;722;Boleto
13207;2025-09-21;1954;4;12;1;1400;5%;1330;Boleto
13208;2026-07-05;432;14;9;1;350;0%;350;Pix
13209;2026-02-01;1529;13;14;1;2900;0%;2900;Cartão de Crédito
13210;2026-04-19;317;9;14;5;150;0%;750;Pix
13211;2026-04-06;1881;8;13;1;110;0%;110;Cartão de Crédito
13212;2025-09-16;378;7;11;1;320;0%;320;Cartão de Débito
13213;2025-10-09;1108;5;8;2;950;5%;1805;Cartão de Crédito
13214;2026-01-29;7;4;3;1;1400;0%;1400;Pix
13215;2025-09-12;760;1;13;1;4500;0%;4500;Pix
13216;2026-08-12;1524;16;11;2;520;0%;1040;Pix
13217;2026-05-02;1551;11;10;1;3800;0%;3800;Pix
13218;2026-05-06;1517;6;14;2;220;0%;440;Cartão de Crédito
13219;2026-08-06;1618;8;12;1;110;0%;110;Cartão de Crédito
13220;2026-05-04;789;19;5;1;490;0%;490;Pix
13221;2026-07-10;1953;8;16;1;110;0%;110;Pix
13222;2026-02-13;343;2;2;2;80;0%;160;Cartão de Crédito
13223;2026-03-03;12;9;14;2;150;0%;300;Pix
13224;2026-06-05;1329;44;1;2;55;5%;104,5;Pix
13225;2025-11-28;989;5;8;3;950;0%;2850;Pix
13226;2025-10-09;1217;26;14;4;2200;0%;8800;Pix
13227;2026-09-06;762;16;4;1;520;0%;520;Cartão de Crédito
13228;2026-02-18;1988;26;1;1;2200;0%;2200;Cartão de Crédito
13229;2026-04-14;401;28;13;1;420;10%;378;Boleto
13230;2026-03-02;903;7;15;1;320;0%;320;Cartão de Crédito
13231;2026-01-02;52;5;11;1;950;5%;902,5;Pix
13232;2025-12-25;1214;20;6;1;190;0%;190;Pix
13233;2026-06-17;2443;6;1;2;220;0%;440;Cartão de Crédito
13234;2026-05-21;2164;22;3;1;850;0%;850;Cartão de Crédito
13235;2026-08-03;1712;12;5;1;180;0%;180;Cartão de Débito
13236;2026-07-05;830;4;2;1;1400;0%;1400;Cartão de Crédito
13237;2026-07-03;1548;19;4;1;490;5%;465,5;Boleto
13238;2026-03-11;231;5;16;1;950;0%;950;Cartão de Crédito
13239;2025-11-08;207;16;14;2;520;0%;1040;Cartão de Crédito
13240;2026-04-03;499;17;13;3;650;0%;1950;Cartão de Crédito
13241;2026-07-18;224;5;8;2;950;0%;1900;Pix
13242;2026-04-21;1883;6;2;1;220;0%;220;Pix
13243;2026-02-28;2361;24;2;1;380;0%;380;Pix
13244;2026-01-27;486;1;4;1;4500;0%;4500;Cartão de Crédito
13245;2026-05-05;2352;31;16;2;120;0%;240;Cartão de Crédito
13246;2026-04-26;2494;15;14;1;750;0%;750;Pix
13247;2026-08-23;831;5;4;1;950;0%;950;Cartão de Crédito
13248;2026-07-13;2357;22;10;1;850;0%;850;Cartão de Crédito
13249;2026-04-11;1816;29;2;1;380;0%;380;Boleto
13250;2026-06-29;1587;20;2;1;190;0%;190;Cartão de Crédito
13251;2026-06-20;1890;21;9;3;1600;0%;4800;Cartão de Crédito
13252;2026-07-24;1722;22;3;3;850;0%;2550;Cartão de Crédito
13253;2025-11-27;613;2;17;1;80;5%;76;Cartão de Crédito
13254;2026-01-02;76;14;17;1;350;0%;350;Cartão de Crédito
13255;2026-08-20;2008;4;18;1;1400;0%;1400;Cartão de Crédito
13256;2026-06-03;1274;15;16;3;750;0%;2250;Cartão de Débito
13257;2026-05-01;2307;17;18;1;650;0%;650;Pix
13258;2026-05-30;2068;20;5;1;190;0%;190;Pix
13259;2026-01-21;888;13;15;2;2900;0%;5800;Pix
13260;2026-03-09;1652;25;17;3;310;0%;930;Cartão de Débito
13261;2026-03-31;2204;44;14;1;55;0%;55;Cartão de Débito
13262;2025-12-11;1831;26;9;1;2200;0%;2200;Pix
13263;2026-05-27;768;16;8;2;520;0%;1040;Cartão de Crédito
13264;2025-09-18;147;23;15;1;400;0%;400;Cartão de Crédito
13265;2025-10-15;1329;27;9;1;350;5%;332,5;Cartão de Crédito
13266;2026-05-19;1364;39;12;3;290;0%;870;Pix
13267;2025-09-20;474;19;7;1;490;0%;490;Pix
13268;2025-12-31;1576;3;15;1;250;0%;250;Pix
13269;2025-11-28;360;32;3;1;480;0%;480;Cartão de Crédito
13270;2026-02-26;1565;7;15;2;320;0%;640;Cartão de Débito
13271;2026-06-06;271;6;9;1;220;0%;220;Boleto
13272;2025-09-21;2195;4;6;1;1400;5%;1330;Cartão de Crédito
13273;2026-06-12;748;9;10;5;150;0%;750;Cartão de Crédito
13274;2026-04-07;1264;6;4;1;220;0%;220;Cartão de Crédito
13275;2026-08-06;983;42;15;1;35;0%;35;Cartão de Crédito
13276;2025-10-22;1721;23;11;1;400;0%;400;Pix
13277;2025-10-10;2327;28;9;4;420;5%;1596;Pix
13278;2026-08-21;687;16;7;2;520;0%;1040;Cartão de Crédito
13279;2026-08-16;434;11;12;1;3800;0%;3800;Cartão de Crédito
13280;2026-06-30;1673;38;8;1;390;0%;390;Cartão de Crédito
13281;2026-05-10;2207;35;3;1;250;5%;237,5;Boleto
13282;2026-01-04;484;13;3;1;2900;10%;2610;Cartão de Crédito
13283;2026-03-17;436;9;17;1;150;10%;135;Cartão de Crédito
13284;2025-10-20;989;3;13;3;250;0%;750;Cartão de Crédito
13285;2026-07-06;96;21;1;1;1600;0%;1600;Pix
13286;2026-01-31;1803;2;2;4;80;0%;320;Pix
13287;2026-02-14;1771;30;10;3;160;0%;480;Pix
13288;2026-02-03;2452;1;9;1;4500;0%;4500;Boleto
13289;2025-10-12;1422;19;18;1;490;0%;490;Pix
13290;2025-10-15;1346;16;4;3;520;0%;1560;Pix
13291;2026-07-18;913;27;9;1;350;5%;332,5;Cartão de Crédito
13292;2025-11-30;2026;21;18;1;1600;0%;1600;Boleto
13293;2026-06-28;382;27;3;2;350;5%;665;Cartão de Crédito
13294;2026-07-27;658;29;14;2;380;5%;722;Cartão de Crédito
13295;2026-06-12;2444;3;2;1;250;5%;237,5;Pix
13296;2025-09-22;2051;4;14;1;1400;0%;1400;Cartão de Crédito
13297;2026-08-25;205;34;14;3;890;0%;2670;Pix
13298;2026-06-06;298;31;10;1;120;0%;120;Cartão de Débito
13299;2026-02-16;331;4;14;1;1400;0%;1400;Pix
13300;2026-08-05;1748;8;13;1;110;5%;104,5;Pix
13301;2025-10-31;422;35;16;1;250;0%;250;Cartão de Crédito
13302;2026-05-08;624;36;9;1;550;0%;550;Cartão de Crédito
13303;2025-12-04;9;26;14;1;2200;0%;2200;Cartão de Débito
13304;2026-05-10;206;3;18;2;250;0%;500;Cartão de Crédito
13305;2025-09-27;1403;1;17;4;4500;0%;18000;Cartão de Crédito
13306;2026-03-07;2271;11;5;1;3800;0%;3800;Cartão de Crédito
13307;2026-02-02;48;35;9;1;250;0%;250;Cartão de Débito
13308;2026-07-28;1965;9;16;1;150;0%;150;Cartão de Crédito
13309;2026-09-11;2415;37;11;1;140;0%;140;Cartão de Crédito
13310;2026-09-06;1984;3;6;2;250;0%;500;Cartão de Crédito
13311;2026-02-04;28;2;2;1;80;5%;76;Cartão de Crédito
13312;2026-01-08;241;7;7;1;320;0%;320;Cartão de Crédito
13313;2025-10-24;1498;28;3;1;420;5%;399;Cartão de Crédito
13314;2026-06-05;1695;36;3;1;550;10%;495;Cartão de Crédito
13315;2026-04-29;1424;5;18;1;950;0%;950;Cartão de Crédito
13316;2026-07-20;1783;6;6;5;220;0%;1100;Pix
13317;2025-11-28;1271;16;10;1;520;10%;468;Pix
13318;2026-08-02;1918;2;14;3;80;0%;240;Cartão de Débito
13319;2026-01-25;412;27;9;1;350;0%;350;Cartão de Crédito
13320;2026-07-10;1419;27;17;2;350;5%;665;Cartão de Crédito
13321;2025-12-29;742;11;12;2;3800;0%;7600;Cartão de Crédito
13322;2025-10-20;2454;6;2;1;220;0%;220;Pix
13323;2025-10-24;42;24;5;1;380;0%;380;Cartão de Crédito
13324;2026-04-06;952;35;7;1;250;10%;225;Cartão de Crédito
13325;2026-01-24;549;4;5;1;1400;0%;1400;Pix
13326;2026-04-26;1992;13;16;1;2900;5%;2755;Cartão de Crédito
13327;2025-10-10;2178;9;11;2;150;0%;300;Cartão de Crédito
13328;2026-07-04;1254;21;6;1;1600;0%;1600;Cartão de Crédito
13329;2026-04-16;2074;44;6;1;55;5%;52,25;Pix
13330;2026-01-10;1477;5;12;1;950;5%;902,5;Cartão de Débito
13331;2026-01-25;814;27;9;1;350;0%;350;Cartão de Crédito
13332;2026-01-21;2205;24;6;1;380;0%;380;Cartão de Crédito
13333;2025-10-28;988;37;17;1;140;0%;140;Pix
13334;2026-08-02;18;44;4;2;55;0%;110;Cartão de Crédito
13335;2025-11-12;1284;37;11;1;140;0%;140;Pix
13336;2026-05-14;1661;16;9;1;520;0%;520;Cartão de Crédito
13337;2025-11-02;1519;19;4;1;490;0%;490;Cartão de Débito
13338;2025-12-28;2236;27;12;1;350;5%;332,5;Cartão de Crédito
13339;2026-03-19;1018;21;6;1;1600;0%;1600;Cartão de Crédito
13340;2025-12-25;1928;20;12;1;190;0%;190;Cartão de Crédito
13341;2025-09-19;2066;13;7;2;2900;0%;5800;Cartão de Crédito
13342;2026-07-21;2028;8;8;5;110;0%;550;Cartão de Crédito
13343;2025-11-11;1896;20;11;1;190;10%;171;Pix
13344;2025-12-06;1310;13;5;1;2900;0%;2900;Cartão de Crédito
13345;2026-08-26;903;16;5;2;520;0%;1040;Cartão de Crédito
13346;2026-02-01;962;29;9;1;380;0%;380;Pix
13347;2026-09-04;593;1;4;1;4500;10%;4050;Cartão de Crédito
13348;2025-12-25;2331;31;12;1;120;0%;120;Cartão de Crédito
13349;2026-05-17;2360;22;14;2;850;0%;1700;Pix
13350;2026-02-25;1791;13;6;2;2900;0%;5800;Cartão de Débito
13351;2026-06-21;27;17;16;4;650;0%;2600;Pix
13352;2025-12-22;913;24;12;1;380;0%;380;Pix
13353;2025-09-21;51;40;14;1;600;0%;600;Cartão de Crédito
13354;2026-09-10;1061;13;11;2;2900;0%;5800;Cartão de Débito
13355;2026-02-25;2144;23;2;1;400;0%;400;Pix
13356;2026-02-15;2124;15;6;1;750;5%;712,5;Pix
13357;2026-07-22;1199;30;2;5;160;0%;800;Pix
13358;2026-05-13;2217;2;6;1;80;0%;80;Cartão de Crédito
13359;2026-06-04;1553;10;6;4;50;0%;200;Pix
13360;2026-03-18;1423;20;17;1;190;0%;190;Boleto
13361;2026-04-25;737;23;7;3;400;5%;1140;Cartão de Crédito
13362;2026-05-01;96;19;14;1;490;5%;465,5;Cartão de Crédito
13363;2025-12-01;1480;1;17;1;4500;10%;4050;Pix
13364;2026-05-07;892;44;13;1;55;0%;55;Cartão de Crédito
13365;2025-09-21;2145;11;2;1;3800;0%;3800;Cartão de Crédito
13366;2026-03-19;1443;14;18;3;350;0%;1050;Pix
13367;2025-11-19;557;44;14;2;55;0%;110;Pix
13368;2025-11-24;831;5;3;1;950;0%;950;Cartão de Crédito
13369;2026-04-09;1885;25;12;1;310;0%;310;Cartão de Débito
13370;2025-09-22;261;18;3;5;280;0%;1400;Cartão de Crédito
13371;2026-03-20;811;44;5;1;55;0%;55;Cartão de Crédito
13372;2026-08-03;1841;26;1;1;2200;0%;2200;Boleto
13373;2025-12-31;1232;38;4;1;390;10%;351;Pix
13374;2026-02-05;1818;5;16;1;950;5%;902,5;Pix
13375;2026-03-03;1556;15;18;1;750;0%;750;Pix
13376;2026-05-30;1727;23;7;1;400;0%;400;Cartão de Crédito
13377;2026-05-19;368;29;8;3;380;0%;1140;Boleto
13378;2026-04-25;2418;25;18;2;310;0%;620;Cartão de Crédito
13379;2026-05-11;33;21;17;2;1600;0%;3200;Cartão de Débito
13380;2025-09-27;1364;1;8;1;4500;5%;4275;Cartão de Crédito
13381;2026-05-29;755;38;18;1;390;0%;390;Pix
13382;2026-07-07;2256;10;3;2;50;0%;100;Pix
13383;2025-12-11;615;30;8;1;160;0%;160;Cartão de Crédito
13384;2026-08-15;1599;13;11;1;2900;5%;2755;Cartão de Crédito
13385;2026-05-01;1490;6;7;1;220;0%;220;Cartão de Crédito
13386;2026-08-08;1994;26;13;1;2200;0%;2200;Boleto
13387;2026-01-28;1181;12;11;2;180;0%;360;Pix
13388;2025-11-09;650;13;11;1;2900;0%;2900;Cartão de Crédito
13389;2026-03-27;634;42;6;1;35;5%;33,25;Cartão de Crédito
13390;2025-11-29;50;3;18;1;250;0%;250;Pix
13391;2026-08-14;842;2;9;2;80;0%;160;Cartão de Débito
13392;2026-04-08;1051;13;9;1;2900;0%;2900;Cartão de Crédito
13393;2025-11-18;2409;25;13;2;310;0%;620;Cartão de Crédito
13394;2025-11-13;859;3;17;2;250;0%;500;Boleto
13395;2025-10-11;1834;29;3;2;380;0%;760;Cartão de Crédito
13396;2026-06-25;1541;16;2;3;520;0%;1560;Cartão de Crédito
13397;2026-04-21;2336;8;7;1;110;0%;110;Cartão de Crédito
13398;2026-07-18;2453;7;9;1;320;0%;320;Cartão de Crédito
13399;2026-03-05;305;6;2;1;220;0%;220;Pix
13400;2026-03-27;2168;5;7;1;950;5%;902,5;Pix
13401;2026-06-04;623;25;5;2;310;0%;620;Pix
13402;2025-10-18;1562;11;5;1;3800;0%;3800;Pix
13403;2026-07-07;2115;1;13;1;4500;0%;4500;Cartão de Crédito
13404;2025-09-19;1254;12;6;1;180;0%;180;Cartão de Débito
13405;2026-05-18;2077;17;12;2;650;0%;1300;Cartão de Crédito
13406;2026-09-05;2030;13;4;2;2900;0%;5800;Boleto
13407;2025-10-11;1006;12;14;1;180;10%;162;Cartão de Crédito
13408;2026-08-11;781;40;1;2;600;0%;1200;Boleto
13409;2026-03-15;1543;35;11;1;250;0%;250;Cartão de Débito
13410;2026-08-11;1701;22;6;1;850;5%;807,5;Cartão de Crédito
13411;2026-02-20;142;8;13;1;110;0%;110;Pix
13412;2026-07-23;1230;17;3;2;650;0%;1300;Pix
13413;2025-11-22;878;25;11;1;310;0%;310;Cartão de Crédito
13414;2025-12-07;2241;3;17;1;250;0%;250;Pix
13415;2026-06-18;2386;19;1;1;490;10%;441;Pix
13416;2026-08-24;2247;12;17;1;180;0%;180;Cartão de Crédito
13417;2026-06-04;1572;2;1;1;80;0%;80;Pix
13418;2026-06-07;281;12;3;2;180;0%;360;Cartão de Crédito
13419;2025-09-13;1886;1;4;2;4500;0%;9000;Cartão de Crédito
13420;2026-02-03;2441;17;6;1;650;0%;650;Cartão de Crédito
13421;2025-12-25;1640;24;1;3;380;0%;1140;Pix
13422;2026-01-15;1696;5;17;3;950;0%;2850;Pix
13423;2025-09-27;2080;10;11;3;50;0%;150;Cartão de Débito
13424;2026-06-24;2071;5;10;1;950;0%;950;Cartão de Crédito
13425;2026-01-23;1115;15;7;2;750;0%;1500;Cartão de Crédito
13426;2026-05-19;551;11;4;1;3800;0%;3800;Cartão de Débito
13427;2025-12-22;712;24;14;1;380;5%;361;Cartão de Crédito
13428;2026-09-12;2025;14;16;1;350;0%;350;Pix
13429;2026-04-13;871;44;18;1;55;5%;52,25;Boleto
13430;2026-01-04;298;6;3;1;220;0%;220;Pix
13431;2026-08-28;2066;31;2;1;120;0%;120;Pix
13432;2026-02-14;955;18;17;1;280;0%;280;Cartão de Crédito
13433;2026-02-11;986;24;2;1;380;0%;380;Boleto
13434;2026-07-11;1921;9;16;2;150;0%;300;Cartão de Crédito
13435;2026-02-27;1540;31;17;1;120;10%;108;Pix
13436;2026-01-23;724;22;4;3;850;0%;2550;Cartão de Crédito
13437;2026-06-23;498;3;18;1;250;0%;250;Pix
13438;2025-09-28;270;25;17;1;310;0%;310;Cartão de Crédito
13439;2026-05-11;1144;6;15;1;220;5%;209;Pix
13440;2025-12-06;2451;26;3;1;2200;0%;2200;Pix
13441;2026-09-12;936;21;4;5;1600;5%;7600;Boleto
13442;2025-11-13;654;1;13;1;4500;0%;4500;Pix
13443;2026-03-13;1806;30;10;2;160;0%;320;Pix
13444;2026-03-29;31;10;7;2;50;0%;100;Pix
13445;2025-10-11;538;19;7;2;490;0%;980;Cartão de Crédito
13446;2025-11-05;545;42;3;2;35;5%;66,5;Pix
13447;2026-05-20;2162;1;4;3;4500;5%;12825;Cartão de Crédito
13448;2026-04-29;70;1;10;2;4500;5%;8550;Pix
13449;2025-12-11;1002;11;5;1;3800;0%;3800;Cartão de Crédito
13450;2026-05-22;1290;18;17;1;280;5%;266;Cartão de Débito
13451;2026-06-17;2259;4;3;1;1400;0%;1400;Cartão de Crédito
13452;2025-10-22;2184;17;11;2;650;0%;1300;Cartão de Crédito
13453;2026-07-21;684;43;1;2;65;0%;130;Cartão de Débito
13454;2026-04-12;896;2;1;1;80;10%;72;Pix
13455;2026-01-23;477;12;13;1;180;0%;180;Pix
13456;2026-03-07;534;3;15;2;250;0%;500;Cartão de Crédito
13457;2025-12-06;1624;17;3;1;650;0%;650;Cartão de Crédito
13458;2026-06-22;2321;6;4;1;220;0%;220;Cartão de Crédito
13459;2025-09-16;2355;19;12;1;490;0%;490;Cartão de Crédito
13460;2026-01-05;397;1;2;5;4500;0%;22500;Pix
13461;2025-09-21;285;19;15;1;490;0%;490;Cartão de Crédito
13462;2026-07-17;741;6;11;3;220;0%;660;Cartão de Crédito
13463;2025-10-14;924;9;13;1;150;0%;150;Pix
13464;2026-08-04;696;17;5;2;650;0%;1300;Boleto
13465;2025-12-20;2226;15;1;5;750;5%;3562,5;Cartão de Crédito
13466;2025-10-20;882;20;15;2;190;5%;361;Cartão de Crédito
13467;2025-09-28;724;15;1;2;750;5%;1425;Cartão de Débito
13468;2026-06-28;2294;16;3;1;520;0%;520;Cartão de Crédito
13469;2026-07-14;1277;18;1;3;280;0%;840;Pix
13470;2025-10-20;1136;9;13;1;150;0%;150;Pix
13471;2026-07-24;1588;5;3;1;950;0%;950;Boleto
13472;2026-09-07;968;32;13;1;480;0%;480;Cartão de Crédito
13473;2025-09-30;1907;14;16;1;350;5%;332,5;Boleto
13474;2025-11-24;2011;29;6;1;380;0%;380;Cartão de Crédito
13475;2025-09-30;1157;24;12;1;380;0%;380;Cartão de Crédito
13476;2025-10-06;2341;30;18;2;160;5%;304;Cartão de Crédito
13477;2025-09-15;1778;38;7;1;390;0%;390;Pix
13478;2026-08-31;1438;24;8;1;380;0%;380;Cartão de Débito
13479;2026-01-13;848;33;12;1;1200;0%;1200;Cartão de Crédito
13480;2025-09-25;459;18;13;1;280;0%;280;Cartão de Débito
13481;2026-09-10;768;8;14;1;110;10%;99;Cartão de Crédito
13482;2025-11-18;1334;3;3;1;250;0%;250;Cartão de Crédito
13483;2025-09-30;1280;22;9;1;850;0%;850;Boleto
13484;2026-03-24;490;11;16;1;3800;0%;3800;Cartão de Crédito
13485;2026-01-15;146;16;12;2;520;10%;936;Cartão de Crédito
13486;2026-08-18;306;11;11;1;3800;0%;3800;Pix
13487;2025-11-02;848;3;8;3;250;0%;750;Cartão de Crédito
13488;2026-08-14;515;15;1;1;750;0%;750;Pix
13489;2026-07-11;1622;20;15;1;190;5%;180,5;Cartão de Crédito
13490;2025-12-24;226;7;5;1;320;0%;320;Cartão de Crédito
13491;2026-02-09;1;3;16;1;250;0%;250;Pix
13492;2026-02-17;383;28;7;1;420;0%;420;Cartão de Crédito
13493;2026-03-04;2323;6;14;5;220;0%;1100;Cartão de Débito
13494;2026-04-12;1383;24;8;2;380;5%;722;Cartão de Crédito
13495;2026-01-11;2308;22;2;1;850;5%;807,5;Pix
13496;2026-01-03;1573;7;8;4;320;5%;1216;Cartão de Débito
13497;2026-08-16;2120;42;12;1;35;0%;35;Cartão de Débito
13498;2026-05-16;1139;2;7;3;80;0%;240;Pix
13499;2026-01-03;2479;2;4;1;80;0%;80;Pix
13500;2026-07-10;1312;40;17;1;600;0%;600;Pix
13501;2025-09-21;48;23;1;1;400;5%;380;Cartão de Crédito
13502;2026-06-21;1223;22;4;1;850;0%;850;Cartão de Crédito
13503;2026-03-31;581;11;13;1;3800;0%;3800;Cartão de Débito
13504;2026-05-19;1477;1;2;1;4500;0%;4500;Cartão de Débito
13505;2025-10-29;1271;4;14;3;1400;5%;3990;Cartão de Débito
13506;2026-06-04;988;25;4;1;310;0%;310;Cartão de Crédito
13507;2026-01-27;1603;12;12;1;180;5%;171;Boleto
13508;2025-09-14;73;19;8;1;490;0%;490;Cartão de Crédito
13509;2026-07-04;1048;18;12;2;280;0%;560;Cartão de Crédito
13510;2026-03-15;2093;25;10;1;310;0%;310;Pix
13511;2026-03-29;1178;18;6;2;280;10%;504;Cartão de Crédito
13512;2025-10-12;401;8;17;3;110;0%;330;Cartão de Crédito
13513;2025-11-05;2449;42;1;1;35;0%;35;Pix
13514;2025-11-22;875;6;6;2;220;10%;396;Pix
13515;2025-09-13;389;23;13;3;400;0%;1200;Cartão de Crédito
13516;2026-03-09;431;1;17;2;4500;0%;9000;Cartão de Crédito
13517;2026-06-19;2474;3;1;1;250;5%;237,5;Pix
13518;2026-04-07;65;33;4;2;1200;0%;2400;Cartão de Crédito
13519;2026-05-19;1430;43;2;1;65;0%;65;Pix
13520;2026-05-03;1408;13;4;1;2900;10%;2610;Cartão de Crédito
13521;2026-07-05;662;42;13;1;35;0%;35;Cartão de Crédito
13522;2026-05-06;1939;39;12;1;290;0%;290;Pix
13523;2025-09-22;1150;45;13;1;180;0%;180;Pix
13524;2025-10-30;1604;38;6;2;390;10%;702;Pix
13525;2026-08-16;596;13;17;2;2900;0%;5800;Boleto
13526;2026-07-30;1163;37;7;2;140;0%;280;Pix
13527;2026-07-18;1767;30;12;1;160;0%;160;Boleto
13528;2026-04-17;2204;25;18;1;310;0%;310;Cartão de Crédito
13529;2026-08-05;2045;42;6;2;35;0%;70;Pix
13530;2025-09-17;583;33;1;1;1200;0%;1200;Cartão de Crédito
13531;2026-01-21;2277;17;16;2;650;0%;1300;Cartão de Débito
13532;2025-10-23;123;23;8;1;400;0%;400;Boleto
13533;2026-03-27;1391;2;8;1;80;0%;80;Pix
13534;2026-02-04;1999;25;13;1;310;0%;310;Pix
13535;2026-02-10;363;7;9;2;320;0%;640;Boleto
13536;2026-02-08;585;31;16;2;120;0%;240;Cartão de Débito
13537;2025-11-09;2385;2;15;2;80;0%;160;Pix
13538;2026-02-10;1381;37;7;1;140;0%;140;Cartão de Crédito
13539;2025-10-14;1215;13;12;3;2900;0%;8700;Pix
13540;2026-07-06;1509;14;12;1;350;0%;350;Pix
13541;2025-09-19;2294;22;2;1;850;0%;850;Pix
13542;2025-10-07;595;19;1;1;490;0%;490;Cartão de Crédito
13543;2026-04-18;2387;2;12;1;80;0%;80;Cartão de Crédito
13544;2026-02-15;1928;12;7;1;180;0%;180;Cartão de Crédito
13545;2026-02-20;1740;1;9;1;4500;0%;4500;Pix
13546;2025-11-20;1840;23;5;1;400;0%;400;Cartão de Crédito
13547;2026-07-12;1042;15;7;1;750;0%;750;Cartão de Crédito
13548;2026-04-11;381;30;2;1;160;0%;160;Cartão de Crédito
13549;2026-07-21;102;2;17;2;80;0%;160;Cartão de Crédito
13550;2025-12-02;1070;1;11;1;4500;5%;4275;Boleto
13551;2025-10-11;2137;15;4;1;750;0%;750;Cartão de Crédito
13552;2026-01-25;1764;16;10;2;520;0%;1040;Cartão de Crédito
13553;2026-04-26;169;2;5;3;80;5%;228;Pix
13554;2025-12-22;1714;6;1;1;220;0%;220;Pix
13555;2026-04-25;1211;25;4;2;310;0%;620;Cartão de Crédito
13556;2026-05-21;243;39;14;2;290;5%;551;Pix
13557;2025-09-18;686;3;6;1;250;0%;250;Pix
13558;2026-03-16;696;22;11;1;850;5%;807,5;Cartão de Crédito
13559;2026-02-24;829;11;3;3;3800;0%;11400;Boleto
13560;2025-12-17;1043;29;3;3;380;5%;1083;Boleto
13561;2026-04-30;1726;24;6;1;380;0%;380;Cartão de Crédito
13562;2025-12-16;2237;27;1;1;350;0%;350;Cartão de Crédito
13563;2026-07-03;1419;17;10;4;650;10%;2340;Boleto
13564;2025-10-17;2015;1;12;1;4500;0%;4500;Cartão de Crédito
13565;2026-01-26;130;13;4;2;2900;5%;5510;Pix
13566;2026-03-29;1014;29;15;1;380;0%;380;Cartão de Crédito
13567;2026-07-23;149;1;12;1;4500;5%;4275;Pix
13568;2026-06-20;1099;23;18;1;400;0%;400;Pix
13569;2025-12-05;2268;14;4;2;350;5%;665;Pix
13570;2026-04-28;770;15;7;1;750;5%;712,5;Boleto
13571;2025-12-29;1664;7;4;1;320;0%;320;Cartão de Crédito
13572;2025-09-25;2225;8;6;1;110;0%;110;Cartão de Crédito
13573;2026-07-08;1734;8;12;2;110;0%;220;Pix
13574;2026-04-22;447;13;5;2;2900;0%;5800;Boleto
13575;2025-10-13;1568;22;10;2;850;0%;1700;Cartão de Crédito
13576;2026-03-28;1138;6;14;1;220;0%;220;Cartão de Crédito
13577;2026-05-15;1541;28;9;1;420;0%;420;Cartão de Crédito
13578;2026-05-07;2274;28;12;4;420;0%;1680;Cartão de Crédito
13579;2026-03-26;695;27;11;1;350;0%;350;Cartão de Crédito
13580;2025-10-06;2274;26;9;1;2200;0%;2200;Cartão de Crédito
13581;2026-03-11;238;14;3;1;350;0%;350;Cartão de Crédito
13582;2026-08-10;1253;3;8;1;250;0%;250;Cartão de Crédito
13583;2026-07-02;2378;8;5;1;110;0%;110;Cartão de Crédito
13584;2026-03-13;1920;36;1;1;550;5%;522,5;Cartão de Crédito
13585;2026-07-06;2372;41;6;1;45;0%;45;Boleto
13586;2026-06-02;1770;40;4;2;600;0%;1200;Cartão de Crédito
13587;2025-09-16;591;19;17;1;490;0%;490;Cartão de Crédito
13588;2026-03-07;1372;26;4;1;2200;0%;2200;Pix
13589;2026-01-18;977;14;17;2;350;0%;700;Boleto
13590;2026-08-24;628;32;11;1;480;5%;456;Pix
13591;2026-08-27;1367;12;5;1;180;5%;171;Cartão de Crédito
13592;2025-09-17;1009;1;6;1;4500;5%;4275;Cartão de Débito
13593;2026-08-22;2219;14;14;2;350;0%;700;Cartão de Crédito
13594;2026-03-03;2312;21;4;2;1600;0%;3200;Boleto
13595;2026-06-13;501;34;17;1;890;0%;890;Cartão de Crédito
13596;2025-09-30;1430;35;6;2;250;0%;500;Cartão de Crédito
13597;2026-06-10;841;36;2;2;550;10%;990;Cartão de Crédito
13598;2026-03-04;798;32;1;1;480;0%;480;Cartão de Crédito
13599;2026-04-21;2003;11;8;1;3800;0%;3800;Cartão de Crédito
13600;2025-09-19;2218;12;8;1;180;5%;171;Cartão de Crédito
13601;2025-10-09;930;42;18;1;35;0%;35;Cartão de Crédito
13602;2026-06-08;1186;27;1;2;350;0%;700;Boleto
13603;2025-11-04;1765;13;16;1;2900;5%;2755;Cartão de Crédito
13604;2026-05-07;1646;5;5;3;950;0%;2850;Cartão de Crédito
13605;2026-09-03;267;6;4;2;220;0%;440;Cartão de Débito
13606;2025-09-20;1346;10;1;3;50;0%;150;Cartão de Crédito
13607;2026-05-20;416;21;15;2;1600;5%;3040;Boleto
13608;2025-09-29;2466;9;12;1;150;0%;150;Boleto
13609;2026-05-18;1202;36;10;1;550;5%;522,5;Cartão de Crédito
13610;2026-03-09;1137;24;1;1;380;0%;380;Cartão de Crédito
13611;2026-04-23;2422;33;4;1;1200;5%;1140;Cartão de Crédito
13612;2026-02-17;1013;22;17;2;850;0%;1700;Pix
13613;2026-05-02;1778;9;16;1;150;0%;150;Cartão de Débito
13614;2025-12-27;2263;43;10;1;65;0%;65;Pix
13615;2026-01-15;477;30;11;2;160;0%;320;Cartão de Crédito
13616;2026-03-21;1693;31;16;1;120;0%;120;Cartão de Crédito
13617;2026-04-17;2492;15;11;1;750;0%;750;Pix
13618;2026-07-15;1892;28;6;5;420;0%;2100;Cartão de Crédito
13619;2026-06-27;1545;10;6;1;50;0%;50;Cartão de Crédito
13620;2026-04-09;929;18;6;1;280;0%;280;Cartão de Crédito
13621;2026-05-13;895;34;6;2;890;0%;1780;Pix
13622;2026-01-25;936;27;16;1;350;0%;350;Boleto
13623;2025-10-03;781;13;3;1;2900;0%;2900;Boleto
13624;2026-07-01;166;20;11;1;190;0%;190;Boleto
13625;2026-04-09;1661;7;11;2;320;0%;640;Pix
13626;2026-08-27;448;36;9;1;550;0%;550;Cartão de Crédito
13627;2025-10-14;957;32;10;1;480;0%;480;Pix
13628;2025-12-18;87;32;15;1;480;0%;480;Pix
13629;2026-04-03;2124;2;8;1;80;0%;80;Cartão de Crédito
13630;2025-11-27;2365;16;17;3;520;5%;1482;Cartão de Crédito
13631;2026-04-27;1576;40;18;1;600;0%;600;Pix
13632;2025-10-25;1768;44;2;3;55;0%;165;Cartão de Crédito
13633;2026-03-12;356;31;4;1;120;0%;120;Pix
13634;2026-05-11;31;24;6;2;380;0%;760;Cartão de Crédito
13635;2026-08-26;1098;16;6;1;520;0%;520;Cartão de Crédito
13636;2026-01-11;1753;42;8;2;35;10%;63;Cartão de Crédito
13637;2026-04-26;1026;24;7;2;380;5%;722;Boleto
13638;2026-05-06;1022;5;18;5;950;0%;4750;Pix
13639;2025-10-05;276;13;7;1;2900;0%;2900;Boleto
13640;2025-10-20;2153;21;9;3;1600;0%;4800;Cartão de Crédito
13641;2025-12-19;1177;1;3;2;4500;0%;9000;Boleto
13642;2025-12-17;1411;22;16;1;850;0%;850;Cartão de Crédito
13643;2025-11-12;1792;2;18;2;80;0%;160;Cartão de Crédito
13644;2025-11-24;1696;12;4;1;180;0%;180;Pix
13645;2025-10-15;446;6;10;1;220;5%;209;Cartão de Crédito
13646;2026-05-06;1564;14;6;1;350;0%;350;Cartão de Crédito
13647;2025-09-24;1824;12;7;1;180;0%;180;Cartão de Crédito
13648;2026-01-20;1890;12;18;1;180;0%;180;Boleto
13649;2026-05-16;938;45;12;1;180;10%;162;Pix
13650;2026-02-18;496;39;9;2;290;0%;580;Cartão de Crédito
13651;2026-02-24;1430;19;14;1;490;0%;490;Cartão de Débito
13652;2026-02-15;1852;38;7;1;390;0%;390;Pix
13653;2025-10-14;401;13;13;1;2900;5%;2755;Cartão de Crédito
13654;2026-06-01;2187;43;11;1;65;0%;65;Cartão de Crédito
13655;2026-07-12;722;21;13;1;1600;0%;1600;Pix
13656;2026-04-06;948;4;16;2;1400;0%;2800;Pix
13657;2026-08-04;78;3;1;2;250;0%;500;Cartão de Débito
13658;2026-06-18;2141;24;9;2;380;0%;760;Pix
13659;2026-01-04;2248;23;7;1;400;0%;400;Cartão de Crédito
13660;2025-10-05;511;24;10;1;380;5%;361;Pix
13661;2026-06-19;1499;3;16;2;250;0%;500;Pix
13662;2026-05-29;427;24;13;1;380;0%;380;Pix
13663;2026-03-22;1776;9;1;1;150;10%;135;Cartão de Crédito
13664;2026-06-04;2169;37;2;1;140;0%;140;Cartão de Crédito
13665;2026-08-25;1084;42;3;1;35;0%;35;Pix
13666;2026-05-30;155;2;5;1;80;0%;80;Cartão de Crédito
13667;2026-02-03;1165;31;13;5;120;5%;570;Cartão de Crédito
13668;2025-12-15;2277;17;17;1;650;0%;650;Pix
13669;2025-12-08;1771;35;3;2;250;0%;500;Pix
13670;2026-05-09;841;18;9;1;280;0%;280;Boleto
13671;2026-09-01;1547;5;2;1;950;0%;950;Cartão de Débito
13672;2026-06-18;1874;6;7;2;220;0%;440;Cartão de Crédito
13673;2026-04-22;826;15;3;1;750;0%;750;Cartão de Crédito
13674;2026-01-24;2311;33;7;2;1200;0%;2400;Cartão de Crédito
13675;2026-08-31;384;4;17;1;1400;0%;1400;Boleto
13676;2025-10-25;779;4;15;1;1400;0%;1400;Cartão de Débito
13677;2025-11-19;622;17;7;1;650;0%;650;Cartão de Crédito
13678;2026-06-05;29;3;10;4;250;0%;1000;Cartão de Crédito
13679;2026-03-04;28;37;8;1;140;0%;140;Cartão de Crédito
13680;2025-09-13;2149;5;8;1;950;10%;855;Pix
13681;2026-01-31;2326;10;4;1;50;0%;50;Pix
13682;2026-08-13;332;11;13;1;3800;5%;3610;Cartão de Crédito
13683;2026-02-05;2008;11;14;1;3800;0%;3800;Pix
13684;2026-01-20;2379;2;6;1;80;0%;80;Cartão de Crédito
13685;2026-05-14;810;4;18;1;1400;0%;1400;Cartão de Crédito
13686;2026-08-31;1668;7;18;2;320;0%;640;Cartão de Crédito
13687;2025-10-31;834;30;8;2;160;0%;320;Cartão de Crédito
13688;2026-05-13;539;31;6;1;120;0%;120;Cartão de Crédito
13689;2026-08-03;1997;22;18;3;850;5%;2422,5;Cartão de Crédito
13690;2025-11-03;2287;15;3;1;750;0%;750;Cartão de Crédito
13691;2026-03-17;1415;24;7;1;380;0%;380;Pix
13692;2026-08-15;2375;15;6;1;750;0%;750;Pix
13693;2026-03-17;2064;32;18;1;480;0%;480;Pix
13694;2026-01-17;140;5;6;3;950;0%;2850;Cartão de Crédito
13695;2025-10-27;820;30;13;4;160;0%;640;Cartão de Crédito
13696;2026-05-19;260;1;14;1;4500;0%;4500;Cartão de Crédito
13697;2025-10-08;977;22;8;1;850;5%;807,5;Cartão de Crédito
13698;2026-05-27;1274;1;3;3;4500;0%;13500;Boleto
13699;2026-05-12;2135;40;15;1;600;0%;600;Cartão de Débito
13700;2026-04-06;55;21;5;1;1600;10%;1440;Cartão de Crédito
13701;2026-05-31;2020;2;10;1;80;5%;76;Cartão de Crédito
13702;2026-07-15;59;30;16;1;160;5%;152;Cartão de Crédito
13703;2025-12-02;1695;15;9;2;750;0%;1500;Cartão de Crédito
13704;2026-06-10;2085;33;3;1;1200;0%;1200;Cartão de Crédito
13705;2025-09-13;1387;20;1;2;190;0%;380;Pix
13706;2026-01-17;2408;34;3;1;890;0%;890;Cartão de Crédito
13707;2026-04-13;1970;1;18;1;4500;0%;4500;Cartão de Crédito
13708;2025-10-20;712;35;17;3;250;0%;750;Cartão de Crédito
13709;2026-05-31;997;8;15;1;110;5%;104,5;Pix
13710;2026-07-21;907;17;18;2;650;0%;1300;Pix
13711;2026-02-27;2324;15;8;1;750;5%;712,5;Cartão de Crédito
13712;2025-10-11;2279;18;5;1;280;0%;280;Pix
13713;2025-12-15;1836;42;17;1;35;0%;35;Cartão de Crédito
13714;2025-10-31;1122;2;14;1;80;0%;80;Cartão de Débito
13715;2026-07-01;1427;8;8;2;110;0%;220;Cartão de Crédito
13716;2026-07-12;1298;3;8;1;250;0%;250;Cartão de Crédito
13717;2026-04-15;2417;34;17;1;890;5%;845,5;Cartão de Crédito
13718;2025-11-27;996;27;6;1;350;0%;350;Cartão de Débito
13719;2025-10-03;1797;1;6;1;4500;0%;4500;Pix
13720;2026-08-01;1231;30;17;2;160;5%;304;Cartão de Crédito
13721;2026-04-12;407;32;3;2;480;5%;912;Cartão de Crédito
13722;2026-03-05;1769;19;6;1;490;0%;490;Cartão de Crédito
13723;2026-01-08;213;26;13;2;2200;0%;4400;Cartão de Crédito
13724;2026-05-25;2264;28;1;1;420;0%;420;Cartão de Crédito
13725;2025-10-15;2360;8;9;2;110;0%;220;Cartão de Crédito
13726;2026-03-28;2013;25;2;1;310;10%;279;Cartão de Crédito
13727;2025-10-25;1135;21;3;3;1600;0%;4800;Cartão de Crédito
13728;2025-11-28;2300;25;1;2;310;0%;620;Cartão de Crédito
13729;2026-01-20;1208;5;15;3;950;5%;2707,5;Cartão de Crédito
13730;2025-11-04;650;17;2;1;650;0%;650;Cartão de Crédito
13731;2026-06-26;826;27;14;1;350;0%;350;Pix
13732;2025-11-16;1168;32;18;2;480;0%;960;Pix
13733;2026-04-28;1260;9;17;1;150;0%;150;Cartão de Crédito
13734;2026-02-27;1650;31;6;1;120;5%;114;Pix
13735;2025-12-30;1838;41;18;1;45;0%;45;Cartão de Crédito
13736;2026-08-09;2279;6;14;2;220;0%;440;Pix
13737;2026-09-06;288;3;16;3;250;0%;750;Cartão de Crédito
13738;2026-01-03;533;4;15;2;1400;10%;2520;Boleto
13739;2026-05-05;1669;36;1;1;550;5%;522,5;Cartão de Crédito
13740;2026-09-07;1704;43;7;3;65;0%;195;Cartão de Crédito
13741;2026-07-21;1360;16;3;1;520;0%;520;Cartão de Crédito
13742;2026-09-08;984;27;14;4;350;5%;1330;Cartão de Débito
13743;2026-06-24;2331;25;2;1;310;0%;310;Pix
13744;2026-04-18;1474;5;16;1;950;0%;950;Pix
13745;2026-02-08;305;4;14;3;1400;0%;4200;Pix
13746;2026-07-12;2248;37;9;1;140;0%;140;Cartão de Crédito
13747;2026-08-07;899;19;14;1;490;0%;490;Cartão de Crédito
13748;2026-04-07;999;6;8;2;220;0%;440;Cartão de Débito
13749;2026-05-13;1522;17;14;1;650;0%;650;Pix
13750;2025-10-25;2078;32;9;2;480;0%;960;Pix
13751;2026-03-12;907;1;11;1;4500;0%;4500;Cartão de Crédito
13752;2026-05-16;1856;18;16;3;280;0%;840;Pix
13753;2026-09-12;2032;25;17;2;310;0%;620;Pix
13754;2026-03-16;2306;36;5;3;550;0%;1650;Boleto
13755;2026-08-30;2497;21;9;3;1600;0%;4800;Pix
13756;2026-03-04;2069;3;8;1;250;5%;237,5;Pix
13757;2026-04-11;302;14;18;1;350;0%;350;Boleto
13758;2026-08-26;2102;20;7;1;190;0%;190;Pix
13759;2026-04-25;1195;30;10;3;160;0%;480;Boleto
13760;2026-06-16;2317;4;6;1;1400;0%;1400;Cartão de Crédito
13761;2025-12-18;1546;20;2;1;190;0%;190;Boleto
13762;2026-02-03;535;45;9;1;180;0%;180;Pix
13763;2026-01-26;1329;20;1;1;190;10%;171;Pix
13764;2025-12-14;1440;14;13;1;350;0%;350;Cartão de Crédito
13765;2026-05-24;255;12;5;3;180;0%;540;Cartão de Crédito
13766;2025-11-12;1964;37;17;1;140;0%;140;Cartão de Crédito
13767;2025-12-09;1364;10;18;2;50;0%;100;Pix
13768;2026-06-18;294;28;13;5;420;10%;1890;Pix
13769;2025-11-06;14;9;8;1;150;5%;142,5;Cartão de Crédito
13770;2026-04-24;1684;40;7;1;600;0%;600;Pix
13771;2025-12-03;2413;27;10;2;350;0%;700;Pix
13772;2025-09-13;913;18;17;1;280;0%;280;Boleto
13773;2025-09-27;1246;32;7;1;480;0%;480;Pix
13774;2026-05-21;1047;12;3;1;180;0%;180;Cartão de Débito
13775;2026-07-29;643;38;14;1;390;0%;390;Boleto
13776;2026-07-21;2249;28;1;1;420;5%;399;Boleto
13777;2026-06-01;1538;10;11;2;50;0%;100;Cartão de Crédito
13778;2026-02-22;493;10;1;1;50;0%;50;Pix
13779;2026-06-07;1693;7;4;2;320;0%;640;Cartão de Crédito
13780;2026-07-23;2432;27;15;1;350;0%;350;Pix
13781;2025-09-13;2032;21;17;1;1600;0%;1600;Cartão de Crédito
13782;2025-12-26;847;30;3;1;160;0%;160;Cartão de Crédito
13783;2026-01-10;524;14;10;1;350;0%;350;Cartão de Crédito
13784;2025-09-28;682;6;16;5;220;0%;1100;Cartão de Débito
13785;2026-03-18;2409;25;10;1;310;0%;310;Boleto
13786;2025-12-13;1471;13;2;3;2900;0%;8700;Cartão de Crédito
13787;2025-10-15;1653;9;12;4;150;10%;540;Boleto
13788;2026-04-29;1493;30;12;1;160;0%;160;Pix
13789;2026-02-22;1945;14;10;1;350;0%;350;Pix
13790;2026-06-05;1549;25;7;2;310;10%;558;Pix
13791;2026-08-02;609;13;18;2;2900;0%;5800;Cartão de Crédito
13792;2025-10-18;45;24;16;1;380;0%;380;Cartão de Débito
13793;2026-08-20;14;22;11;1;850;5%;807,5;Cartão de Crédito
13794;2026-04-01;243;38;11;1;390;0%;390;Pix
13795;2026-02-20;1962;19;7;3;490;0%;1470;Boleto
13796;2026-06-06;1163;4;4;2;1400;0%;2800;Cartão de Crédito
13797;2025-10-08;2344;9;13;2;150;0%;300;Pix
13798;2025-09-15;118;41;14;1;45;10%;40,5;Cartão de Crédito
13799;2026-03-25;477;1;14;1;4500;0%;4500;Pix
13800;2026-08-23;274;2;11;1;80;0%;80;Cartão de Crédito
13801;2025-12-20;325;24;15;1;380;0%;380;Cartão de Crédito
13802;2026-03-24;1663;34;1;2;890;0%;1780;Cartão de Crédito
13803;2026-09-01;674;7;10;1;320;0%;320;Cartão de Crédito
13804;2026-02-08;1535;40;13;1;600;0%;600;Cartão de Crédito
13805;2026-07-16;1897;6;3;1;220;0%;220;Cartão de Crédito
13806;2026-05-31;347;3;10;1;250;0%;250;Pix
13807;2025-12-30;943;45;13;2;180;0%;360;Cartão de Crédito
13808;2026-07-26;1850;4;11;1;1400;0%;1400;Pix
13809;2026-05-04;1362;24;12;3;380;5%;1083;Pix
13810;2026-01-24;1611;39;1;1;290;0%;290;Cartão de Crédito
13811;2026-03-27;2280;3;7;1;250;5%;237,5;Cartão de Crédito
13812;2026-01-27;740;22;14;1;850;0%;850;Cartão de Crédito
13813;2025-09-22;1527;25;7;1;310;0%;310;Cartão de Crédito
13814;2026-01-10;2150;30;18;5;160;0%;800;Pix
13815;2025-12-01;1271;42;14;1;35;10%;31,5;Pix
13816;2026-07-10;1640;25;13;2;310;0%;620;Cartão de Crédito
13817;2025-10-07;2240;9;4;1;150;0%;150;Cartão de Crédito
13818;2026-06-02;1910;30;11;1;160;0%;160;Pix
13819;2026-06-03;2278;16;2;1;520;0%;520;Cartão de Crédito
13820;2026-02-06;443;25;10;1;310;0%;310;Cartão de Crédito
13821;2026-08-05;81;20;7;1;190;0%;190;Pix
13822;2026-04-14;914;8;10;1;110;0%;110;Cartão de Crédito
13823;2026-06-08;1823;5;9;1;950;0%;950;Cartão de Débito
13824;2026-03-01;432;36;5;1;550;0%;550;Boleto
13825;2026-03-30;496;37;8;1;140;10%;126;Boleto
13826;2026-04-30;232;3;6;2;250;0%;500;Boleto
13827;2025-12-01;2488;11;7;1;3800;0%;3800;Pix
13828;2025-09-23;2461;42;10;1;35;5%;33,25;Pix
13829;2026-02-09;883;13;3;1;2900;0%;2900;Boleto
13830;2026-08-29;669;14;3;1;350;0%;350;Pix
13831;2025-12-22;1126;8;11;1;110;5%;104,5;Cartão de Crédito
13832;2026-02-28;1801;30;1;1;160;5%;152;Boleto
13833;2025-10-02;1948;5;6;3;950;5%;2707,5;Cartão de Crédito
13834;2026-03-06;1643;3;13;1;250;5%;237,5;Cartão de Crédito
13835;2026-06-24;1988;5;5;1;950;0%;950;Pix
13836;2026-01-17;236;20;13;1;190;0%;190;Pix
13837;2026-08-06;860;8;14;2;110;0%;220;Pix
13838;2026-03-09;1830;17;17;2;650;5%;1235;Cartão de Crédito
13839;2025-12-22;1811;16;3;1;520;0%;520;Cartão de Crédito
13840;2026-08-09;1517;6;4;1;220;5%;209;Cartão de Crédito
13841;2025-10-08;1167;45;4;1;180;0%;180;Pix
13842;2026-01-10;1635;18;16;2;280;0%;560;Cartão de Crédito
13843;2026-05-03;1980;35;13;2;250;0%;500;Cartão de Crédito
13844;2026-05-19;2484;21;12;1;1600;0%;1600;Boleto
13845;2026-07-05;827;24;5;4;380;10%;1368;Cartão de Crédito
13846;2025-11-18;1112;24;13;2;380;0%;760;Cartão de Crédito
13847;2026-05-15;894;30;15;1;160;5%;152;Pix
13848;2025-10-22;2414;8;14;2;110;0%;220;Pix
13849;2026-05-11;1285;41;11;1;45;0%;45;Pix
13850;2026-05-01;2387;39;4;1;290;0%;290;Pix
13851;2025-11-18;124;6;10;1;220;0%;220;Cartão de Crédito
13852;2026-03-02;1082;15;1;2;750;0%;1500;Cartão de Débito
13853;2025-12-04;2205;2;9;2;80;0%;160;Cartão de Crédito
13854;2026-02-11;834;11;18;1;3800;0%;3800;Cartão de Crédito
13855;2026-06-09;567;13;13;1;2900;0%;2900;Boleto
13856;2026-07-10;1831;21;13;5;1600;0%;8000;Pix
13857;2026-07-01;1143;18;4;2;280;0%;560;Cartão de Crédito
13858;2026-01-10;1592;2;13;5;80;0%;400;Cartão de Crédito
13859;2026-05-19;1105;6;18;2;220;0%;440;Pix
13860;2026-06-05;1747;18;17;1;280;0%;280;Pix
13861;2026-07-18;2389;35;13;1;250;0%;250;Cartão de Crédito
13862;2026-07-17;34;2;17;1;80;0%;80;Cartão de Crédito
13863;2026-05-15;2123;6;14;2;220;0%;440;Cartão de Crédito
13864;2026-01-08;2314;18;3;3;280;0%;840;Pix
13865;2026-02-11;501;37;18;1;140;0%;140;Pix
13866;2026-09-01;981;36;11;1;550;0%;550;Cartão de Crédito
13867;2026-07-08;157;2;10;2;80;0%;160;Cartão de Crédito
13868;2026-07-21;217;21;10;1;1600;5%;1520;Cartão de Crédito
13869;2026-02-08;1067;10;15;1;50;10%;45;Cartão de Crédito
13870;2026-02-01;763;44;15;1;55;5%;52,25;Pix
13871;2025-10-09;1855;8;5;1;110;0%;110;Pix
13872;2026-03-16;1230;2;9;1;80;0%;80;Boleto
13873;2026-03-06;617;23;16;2;400;0%;800;Boleto
13874;2026-06-26;1688;16;3;1;520;5%;494;Cartão de Crédito
13875;2025-10-13;2465;30;11;1;160;0%;160;Cartão de Crédito
13876;2026-01-19;1885;7;6;4;320;0%;1280;Pix
13877;2026-06-20;1947;13;9;1;2900;0%;2900;Cartão de Crédito
13878;2025-10-10;1870;31;11;3;120;0%;360;Cartão de Crédito
13879;2025-10-28;1007;11;4;1;3800;0%;3800;Cartão de Crédito
13880;2026-01-19;1564;10;1;3;50;5%;142,5;Cartão de Crédito
13881;2026-01-12;1839;32;18;2;480;0%;960;Pix
13882;2025-12-07;2290;16;1;1;520;0%;520;Cartão de Crédito
13883;2026-01-06;1287;19;14;1;490;0%;490;Cartão de Débito
13884;2026-06-06;2451;15;4;1;750;0%;750;Pix
13885;2026-08-24;77;24;18;1;380;0%;380;Pix
13886;2026-08-11;1525;23;18;1;400;0%;400;Cartão de Crédito
13887;2026-05-23;1968;13;15;1;2900;0%;2900;Cartão de Crédito
13888;2025-09-12;1924;25;12;1;310;0%;310;Cartão de Débito
13889;2025-09-27;436;11;7;1;3800;0%;3800;Cartão de Crédito
13890;2026-07-03;883;40;6;1;600;0%;600;Cartão de Crédito
13891;2026-02-24;1613;28;15;2;420;0%;840;Cartão de Crédito
13892;2026-07-22;1959;12;10;5;180;0%;900;Cartão de Débito
13893;2026-08-24;1616;11;8;3;3800;0%;11400;Pix
13894;2025-10-29;1963;8;16;1;110;10%;99;Pix
13895;2025-10-16;2125;26;13;2;2200;0%;4400;Boleto
13896;2025-12-13;1665;28;14;1;420;0%;420;Cartão de Débito
13897;2026-04-25;2161;36;14;2;550;0%;1100;Cartão de Crédito
13898;2025-10-17;1654;5;8;1;950;0%;950;Cartão de Crédito
13899;2026-01-05;2301;9;13;5;150;0%;750;Boleto
13900;2025-12-27;2188;10;4;1;50;0%;50;Cartão de Crédito
13901;2026-01-13;43;34;7;4;890;5%;3382;Boleto
13902;2025-11-23;1680;29;5;1;380;0%;380;Cartão de Débito
13903;2026-02-14;2113;13;14;1;2900;0%;2900;Cartão de Crédito
13904;2026-02-14;112;5;9;2;950;0%;1900;Pix
13905;2026-04-06;1625;8;12;1;110;10%;99;Pix
13906;2026-01-31;2323;34;16;2;890;0%;1780;Cartão de Crédito
13907;2026-05-01;125;16;11;1;520;0%;520;Cartão de Crédito
13908;2026-01-05;1615;32;10;1;480;0%;480;Cartão de Débito
13909;2026-01-27;1018;23;9;1;400;5%;380;Boleto
13910;2026-06-27;1379;6;10;1;220;0%;220;Pix
13911;2025-11-03;541;21;4;1;1600;0%;1600;Cartão de Crédito
13912;2026-08-12;1905;34;13;1;890;0%;890;Cartão de Crédito
13913;2025-12-08;199;2;18;1;80;0%;80;Cartão de Crédito
13914;2026-08-11;129;20;3;2;190;0%;380;Cartão de Crédito
13915;2026-09-05;724;10;17;1;50;10%;45;Cartão de Crédito
13916;2026-07-24;1023;22;9;1;850;0%;850;Cartão de Crédito
13917;2026-05-29;670;22;18;1;850;0%;850;Cartão de Débito
13918;2025-09-16;97;2;6;1;80;5%;76;Pix
13919;2025-09-21;1456;14;8;4;350;0%;1400;Cartão de Crédito
13920;2026-03-28;1317;12;1;1;180;0%;180;Pix
13921;2026-02-06;1454;10;13;2;50;0%;100;Cartão de Débito
13922;2026-06-07;1747;18;14;1;280;5%;266;Cartão de Crédito
13923;2026-07-15;162;19;2;2;490;0%;980;Boleto
13924;2025-10-22;2463;21;6;1;1600;0%;1600;Cartão de Crédito
13925;2026-01-01;771;3;3;1;250;0%;250;Cartão de Crédito
13926;2026-02-20;545;4;10;1;1400;0%;1400;Pix
13927;2025-09-19;1116;17;4;1;650;0%;650;Boleto
13928;2026-02-19;1869;38;11;1;390;0%;390;Cartão de Crédito
13929;2026-06-02;1094;25;5;1;310;0%;310;Cartão de Crédito
13930;2026-05-06;1734;9;17;2;150;5%;285;Cartão de Crédito
13931;2026-04-13;382;44;6;1;55;0%;55;Pix
13932;2026-05-15;1840;19;7;2;490;0%;980;Boleto
13933;2026-01-13;927;13;8;1;2900;0%;2900;Pix
13934;2026-02-27;1786;23;10;1;400;0%;400;Cartão de Crédito
13935;2025-11-30;82;7;3;5;320;0%;1600;Cartão de Crédito
13936;2026-06-21;1097;29;9;2;380;5%;722;Cartão de Crédito
13937;2026-02-23;1834;23;13;1;400;0%;400;Pix
13938;2026-03-24;344;3;14;2;250;0%;500;Pix
13939;2026-08-20;718;14;12;1;350;0%;350;Cartão de Crédito
13940;2025-10-09;1698;10;10;1;50;0%;50;Cartão de Crédito
13941;2025-10-15;57;29;7;2;380;0%;760;Cartão de Crédito
13942;2025-10-21;2190;4;10;1;1400;0%;1400;Cartão de Crédito
13943;2025-10-14;1995;41;8;2;45;0%;90;Cartão de Crédito
13944;2026-08-20;740;25;14;2;310;0%;620;Cartão de Débito
13945;2026-03-19;576;24;7;1;380;0%;380;Cartão de Crédito
13946;2026-01-20;1754;7;12;1;320;0%;320;Cartão de Crédito
13947;2026-09-05;1483;12;10;1;180;0%;180;Cartão de Crédito
13948;2026-04-19;261;14;5;2;350;5%;665;Boleto
13949;2026-08-15;253;14;8;1;350;0%;350;Cartão de Crédito
13950;2026-06-16;1149;19;14;2;490;0%;980;Pix
13951;2026-05-02;711;20;14;1;190;0%;190;Cartão de Crédito
13952;2026-01-23;1240;19;2;1;490;5%;465,5;Cartão de Crédito
13953;2025-10-20;2466;5;17;2;950;0%;1900;Boleto
13954;2026-07-25;709;6;17;1;220;0%;220;Cartão de Crédito
13955;2026-07-17;470;3;10;1;250;0%;250;Cartão de Crédito
13956;2026-08-25;861;34;11;1;890;0%;890;Pix
13957;2025-12-29;1392;2;9;1;80;5%;76;Pix
13958;2025-12-13;1405;8;14;1;110;0%;110;Boleto
13959;2025-11-15;2183;13;14;2;2900;0%;5800;Cartão de Crédito
13960;2026-08-09;10;15;16;2;750;0%;1500;Cartão de Crédito
13961;2026-09-02;2094;5;3;1;950;0%;950;Cartão de Crédito
13962;2026-01-17;2076;21;10;3;1600;0%;4800;Pix
13963;2026-09-11;1863;5;11;1;950;10%;855;Pix
13964;2025-10-19;1003;10;9;1;50;0%;50;Cartão de Crédito
13965;2025-10-04;1898;8;9;1;110;0%;110;Boleto
13966;2026-07-25;362;18;17;1;280;0%;280;Cartão de Crédito
13967;2026-02-21;76;33;12;1;1200;0%;1200;Cartão de Crédito
13968;2026-09-04;2195;27;5;4;350;0%;1400;Cartão de Crédito
13969;2026-08-20;1067;7;2;3;320;0%;960;Cartão de Crédito
13970;2026-03-08;1292;8;9;1;110;0%;110;Cartão de Crédito
13971;2026-04-13;1440;11;3;1;3800;0%;3800;Pix
13972;2025-11-18;244;35;13;4;250;0%;1000;Cartão de Crédito
13973;2026-07-24;95;19;14;2;490;0%;980;Cartão de Débito
13974;2025-11-06;393;29;12;1;380;0%;380;Boleto
13975;2026-07-12;1861;17;7;2;650;5%;1235;Pix
13976;2026-08-05;1801;40;5;1;600;0%;600;Cartão de Débito
13977;2026-02-27;977;16;1;1;520;0%;520;Cartão de Crédito
13978;2026-01-08;487;1;11;1;4500;5%;4275;Cartão de Crédito
13979;2026-06-12;1118;34;13;1;890;0%;890;Pix
13980;2026-02-17;934;29;9;1;380;0%;380;Cartão de Débito
13981;2026-01-28;524;32;18;2;480;0%;960;Pix
13982;2025-09-20;1313;21;9;2;1600;0%;3200;Cartão de Crédito
13983;2026-08-22;70;26;2;1;2200;0%;2200;Pix
13984;2026-07-08;676;18;7;2;280;0%;560;Cartão de Crédito
13985;2025-11-06;2356;1;12;1;4500;0%;4500;Pix
13986;2025-10-06;1935;3;18;1;250;10%;225;Cartão de Débito
13987;2026-05-24;996;4;1;1;1400;5%;1330;Pix
13988;2026-03-06;774;20;1;1;190;0%;190;Cartão de Débito
13989;2025-10-01;983;8;9;2;110;0%;220;Cartão de Crédito
13990;2026-08-02;857;11;6;2;3800;0%;7600;Cartão de Crédito
13991;2026-07-27;652;40;13;1;600;5%;570;Cartão de Crédito
13992;2025-11-23;103;17;11;1;650;0%;650;Cartão de Crédito
13993;2026-08-26;1493;6;12;1;220;0%;220;Pix
13994;2026-09-08;1419;15;13;1;750;0%;750;Pix
13995;2025-11-26;2069;14;10;1;350;5%;332,5;Cartão de Crédito
13996;2026-07-19;2040;10;12;2;50;0%;100;Cartão de Crédito
13997;2026-03-27;1414;11;15;1;3800;5%;3610;Pix
13998;2026-06-18;900;25;8;1;310;0%;310;Pix
13999;2026-07-13;996;11;10;2;3800;0%;7600;Cartão de Débito
14000;2025-12-27;294;26;1;1;2200;0%;2200;Pix
14001;2026-07-05;1439;44;3;1;55;0%;55;Boleto
14002;2026-06-15;2067;37;17;1;140;0%;140;Pix
14003;2026-03-11;1823;21;18;1;1600;0%;1600;Pix
14004;2026-04-25;2174;4;6;1;1400;0%;1400;Cartão de Crédito
14005;2026-06-10;62;17;11;2;650;0%;1300;Pix
14006;2026-05-16;738;45;17;2;180;0%;360;Pix
14007;2026-01-14;2474;31;15;1;120;0%;120;Pix
14008;2026-06-04;814;44;1;1;55;5%;52,25;Cartão de Crédito
14009;2026-08-27;292;36;18;1;550;0%;550;Pix
14010;2026-07-17;2304;23;14;1;400;0%;400;Cartão de Crédito
14011;2026-03-16;2411;35;17;1;250;5%;237,5;Pix
14012;2026-02-08;1656;30;1;1;160;0%;160;Pix
14013;2026-04-30;1198;10;11;1;50;0%;50;Boleto
14014;2026-04-14;645;7;11;3;320;0%;960;Cartão de Crédito
14015;2026-08-25;1545;43;15;1;65;0%;65;Boleto
14016;2025-09-13;857;4;6;2;1400;0%;2800;Pix
14017;2026-04-29;408;3;18;2;250;0%;500;Pix
14018;2026-08-05;2080;37;15;1;140;0%;140;Cartão de Crédito
14019;2026-03-13;2132;17;15;2;650;0%;1300;Cartão de Crédito
14020;2026-02-27;219;5;18;1;950;0%;950;Pix
14021;2025-09-28;542;25;2;1;310;5%;294,5;Pix
14022;2026-05-18;1399;6;5;2;220;0%;440;Cartão de Crédito
14023;2025-10-05;1033;25;13;2;310;10%;558;Pix
14024;2026-07-08;193;30;15;1;160;0%;160;Boleto
14025;2026-02-06;853;5;1;1;950;0%;950;Cartão de Débito
14026;2026-08-01;1634;6;9;1;220;0%;220;Cartão de Crédito
14027;2026-06-11;1030;4;16;1;1400;0%;1400;Pix
14028;2026-05-23;779;2;6;5;80;5%;380;Cartão de Crédito
14029;2025-10-03;611;4;10;1;1400;10%;1260;Cartão de Débito
14030;2026-07-31;1047;3;9;2;250;5%;475;Pix
14031;2025-09-18;1957;8;8;1;110;0%;110;Boleto
14032;2026-08-03;415;18;16;2;280;0%;560;Pix
14033;2025-10-23;2218;5;1;2;950;0%;1900;Cartão de Crédito
14034;2025-11-12;277;3;6;1;250;0%;250;Cartão de Crédito
14035;2025-10-11;803;22;13;3;850;10%;2295;Cartão de Crédito
14036;2026-05-20;737;42;3;2;35;0%;70;Cartão de Crédito
14037;2026-04-02;1035;12;5;1;180;0%;180;Cartão de Débito
14038;2026-04-21;339;16;13;2;520;0%;1040;Cartão de Crédito
14039;2026-04-12;1722;16;9;1;520;0%;520;Cartão de Crédito
14040;2026-05-17;272;18;1;3;280;0%;840;Pix
14041;2026-05-20;2348;26;8;1;2200;0%;2200;Cartão de Débito
14042;2026-03-08;750;5;15;1;950;0%;950;Cartão de Crédito
14043;2026-03-05;1722;26;12;2;2200;10%;3960;Cartão de Crédito
14044;2025-11-20;103;3;18;2;250;5%;475;Cartão de Crédito
14045;2026-01-16;436;10;7;2;50;0%;100;Pix
14046;2025-09-17;22;28;3;3;420;0%;1260;Cartão de Crédito
14047;2026-03-28;328;32;17;1;480;0%;480;Boleto
14048;2026-01-03;732;20;3;1;190;5%;180,5;Pix
14049;2026-02-28;649;11;2;1;3800;0%;3800;Cartão de Crédito
14050;2025-10-12;2017;23;10;1;400;0%;400;Boleto
14051;2025-10-17;1570;36;13;2;550;0%;1100;Pix
14052;2026-09-11;1097;2;7;3;80;10%;216;Cartão de Crédito
14053;2025-10-01;2253;13;13;1;2900;0%;2900;Boleto
14054;2025-09-24;1216;17;5;1;650;0%;650;Pix
14055;2026-06-23;964;26;4;1;2200;0%;2200;Pix
14056;2026-04-03;2011;3;5;3;250;0%;750;Pix
14057;2025-12-29;536;6;10;1;220;0%;220;Cartão de Crédito
14058;2026-03-26;1033;16;9;1;520;0%;520;Pix
14059;2026-05-12;474;17;2;3;650;0%;1950;Cartão de Crédito
14060;2026-03-25;198;40;13;1;600;0%;600;Cartão de Crédito
14061;2025-10-13;1762;27;15;3;350;0%;1050;Pix
14062;2026-08-07;971;16;16;1;520;0%;520;Cartão de Crédito
14063;2026-05-02;2165;32;18;2;480;0%;960;Cartão de Crédito
14064;2026-07-25;674;31;3;1;120;0%;120;Boleto
14065;2026-01-20;501;19;18;3;490;0%;1470;Cartão de Crédito
14066;2025-11-11;162;8;2;1;110;5%;104,5;Cartão de Crédito
14067;2026-05-05;660;17;1;1;650;5%;617,5;Cartão de Crédito
14068;2026-05-27;1054;20;16;2;190;0%;380;Boleto
14069;2026-07-26;2184;18;2;1;280;0%;280;Boleto
14070;2025-11-04;390;11;15;1;3800;0%;3800;Boleto
14071;2025-10-13;1413;16;13;2;520;0%;1040;Cartão de Crédito
14072;2026-01-28;1905;44;14;1;55;5%;52,25;Pix
14073;2026-02-28;2210;44;12;1;55;5%;52,25;Cartão de Crédito
14074;2026-05-02;1494;14;15;2;350;0%;700;Cartão de Débito
14075;2026-07-12;88;30;8;1;160;0%;160;Cartão de Débito
14076;2026-01-05;1633;26;15;1;2200;0%;2200;Cartão de Crédito
14077;2026-02-22;2413;14;9;1;350;10%;315;Cartão de Crédito
14078;2026-05-20;2471;6;3;1;220;0%;220;Cartão de Crédito
14079;2025-09-22;2389;19;7;4;490;5%;1862;Pix
14080;2026-05-17;2168;37;10;2;140;5%;266;Cartão de Crédito
14081;2026-06-15;1648;18;11;3;280;0%;840;Pix
14082;2025-12-04;890;16;2;1;520;5%;494;Cartão de Crédito
14083;2026-06-14;19;41;10;1;45;0%;45;Cartão de Crédito
14084;2026-02-20;877;37;7;3;140;0%;420;Cartão de Crédito
14085;2026-01-25;869;6;1;3;220;0%;660;Cartão de Crédito
14086;2026-01-25;2231;5;6;2;950;0%;1900;Cartão de Crédito
14087;2025-09-25;1897;5;2;1;950;0%;950;Boleto
14088;2025-09-13;97;28;5;3;420;0%;1260;Cartão de Crédito
14089;2026-04-01;1920;10;12;1;50;0%;50;Cartão de Crédito
14090;2026-03-03;1073;30;15;4;160;10%;576;Cartão de Crédito
14091;2026-03-08;829;9;14;1;150;0%;150;Cartão de Débito
14092;2026-02-07;367;9;14;1;150;0%;150;Cartão de Débito
14093;2025-12-28;2167;31;5;1;120;0%;120;Boleto
14094;2026-03-05;331;8;4;1;110;0%;110;Boleto
14095;2026-05-11;578;26;7;1;2200;0%;2200;Cartão de Débito
14096;2025-10-08;789;7;12;1;320;0%;320;Cartão de Crédito
14097;2026-05-29;672;15;3;1;750;0%;750;Cartão de Crédito
14098;2026-05-13;718;31;13;1;120;5%;114;Cartão de Crédito
14099;2026-01-05;1017;6;1;1;220;5%;209;Cartão de Débito
14100;2026-06-17;217;29;9;1;380;0%;380;Cartão de Crédito
14101;2026-06-22;54;13;18;1;2900;0%;2900;Pix
14102;2026-08-31;2112;14;14;3;350;0%;1050;Cartão de Crédito
14103;2026-09-02;324;22;4;1;850;5%;807,5;Cartão de Crédito
14104;2025-12-06;1505;24;17;5;380;0%;1900;Cartão de Débito
14105;2025-09-22;1240;3;10;1;250;0%;250;Boleto
14106;2026-09-06;949;1;2;1;4500;0%;4500;Cartão de Crédito
14107;2026-04-03;1305;1;15;3;4500;5%;12825;Boleto
14108;2026-05-17;520;3;3;2;250;0%;500;Cartão de Débito
14109;2025-11-02;547;1;15;1;4500;5%;4275;Pix
14110;2025-11-05;1658;42;17;1;35;0%;35;Cartão de Crédito
14111;2025-11-05;4;5;17;1;950;0%;950;Cartão de Crédito
14112;2025-10-30;1860;38;14;1;390;0%;390;Pix
14113;2026-04-19;955;27;12;2;350;0%;700;Cartão de Crédito
14114;2025-11-16;350;11;11;3;3800;0%;11400;Cartão de Débito
14115;2025-11-28;1714;40;16;1;600;0%;600;Pix
14116;2025-12-24;1850;37;4;1;140;0%;140;Cartão de Crédito
14117;2025-10-19;52;31;15;2;120;0%;240;Cartão de Crédito
14118;2025-09-15;1618;14;18;2;350;0%;700;Cartão de Crédito
14119;2026-04-10;2155;20;14;1;190;5%;180,5;Cartão de Crédito
14120;2026-01-30;1717;36;10;2;550;0%;1100;Cartão de Crédito
14121;2025-11-02;1192;3;16;3;250;0%;750;Cartão de Crédito
14122;2026-01-10;1434;17;10;2;650;0%;1300;Boleto
14123;2026-04-18;2250;19;11;4;490;0%;1960;Boleto
14124;2025-12-19;1912;10;10;2;50;0%;100;Cartão de Crédito
14125;2025-12-16;1405;32;6;1;480;0%;480;Cartão de Crédito
14126;2026-02-21;1882;33;15;1;1200;0%;1200;Cartão de Crédito
14127;2026-03-25;2206;25;16;1;310;0%;310;Pix
14128;2026-05-16;906;19;12;1;490;0%;490;Boleto
14129;2025-10-27;1590;5;13;2;950;0%;1900;Cartão de Crédito
14130;2025-09-29;920;22;6;1;850;0%;850;Pix
14131;2026-08-20;1021;10;16;1;50;0%;50;Pix
14132;2025-09-27;409;20;9;3;190;0%;570;Cartão de Crédito
14133;2026-08-24;70;18;12;1;280;0%;280;Pix
14134;2026-09-11;254;26;15;1;2200;0%;2200;Cartão de Débito
14135;2026-08-08;315;2;12;1;80;10%;72;Cartão de Crédito
14136;2026-08-07;400;12;13;1;180;0%;180;Pix
14137;2026-08-19;912;1;5;2;4500;5%;8550;Cartão de Crédito
14138;2026-01-04;238;13;10;1;2900;10%;2610;Boleto
14139;2026-05-19;2013;29;5;1;380;0%;380;Boleto
14140;2026-03-03;2421;11;14;1;3800;0%;3800;Pix
14141;2025-10-20;375;9;12;1;150;0%;150;Cartão de Crédito
14142;2026-08-04;2493;28;12;1;420;5%;399;Pix
14143;2026-08-29;942;3;8;1;250;5%;237,5;Cartão de Crédito
14144;2026-05-28;1193;2;3;1;80;0%;80;Pix
14145;2026-04-01;515;5;1;3;950;5%;2707,5;Pix
14146;2026-04-22;759;23;18;1;400;0%;400;Cartão de Crédito
14147;2026-05-30;357;38;11;1;390;0%;390;Cartão de Débito
14148;2026-09-03;1674;25;13;2;310;0%;620;Cartão de Crédito
14149;2025-10-09;791;12;1;1;180;0%;180;Cartão de Crédito
14150;2026-07-03;2192;9;2;1;150;0%;150;Pix
14151;2026-03-10;344;40;17;2;600;0%;1200;Pix
14152;2025-12-31;1078;23;7;1;400;0%;400;Pix
14153;2026-01-30;2325;3;7;1;250;0%;250;Cartão de Crédito
14154;2026-04-08;1023;23;11;1;400;0%;400;Cartão de Crédito
14155;2026-04-22;2161;4;2;2;1400;0%;2800;Pix
14156;2026-09-01;2140;22;16;2;850;0%;1700;Cartão de Débito
14157;2026-04-26;1020;17;10;3;650;10%;1755;Cartão de Crédito
14158;2026-05-19;594;39;10;1;290;0%;290;Cartão de Crédito
14159;2026-09-06;1068;7;4;1;320;0%;320;Pix
14160;2026-09-07;1739;3;15;1;250;0%;250;Pix
14161;2026-03-29;591;33;4;2;1200;0%;2400;Cartão de Crédito
14162;2026-06-13;2011;1;10;2;4500;0%;9000;Cartão de Crédito
14163;2026-01-13;85;9;14;1;150;0%;150;Cartão de Crédito
14164;2026-02-05;2048;41;10;1;45;5%;42,75;Pix
14165;2025-11-17;2469;28;7;3;420;0%;1260;Pix
14166;2025-11-22;1601;25;17;1;310;0%;310;Boleto
14167;2026-01-10;1237;2;17;1;80;5%;76;Boleto
14168;2026-05-17;100;29;6;2;380;0%;760;Cartão de Crédito
14169;2026-07-07;1375;9;4;1;150;0%;150;Cartão de Crédito
14170;2026-04-15;692;7;18;1;320;0%;320;Pix
14171;2026-09-10;2414;5;2;1;950;0%;950;Cartão de Crédito
14172;2026-06-23;1279;24;12;4;380;0%;1520;Cartão de Crédito
14173;2026-01-25;2156;23;5;1;400;10%;360;Cartão de Crédito
14174;2026-03-24;573;6;15;2;220;0%;440;Cartão de Crédito
14175;2026-05-14;843;17;8;1;650;0%;650;Pix
14176;2025-11-03;767;13;11;3;2900;0%;8700;Cartão de Crédito
14177;2026-06-05;394;19;5;1;490;0%;490;Pix
14178;2026-08-21;2296;3;15;2;250;0%;500;Boleto
14179;2026-04-01;1649;19;8;1;490;0%;490;Pix
14180;2026-01-26;29;31;9;1;120;0%;120;Cartão de Crédito
14181;2025-11-04;1812;39;9;2;290;5%;551;Cartão de Débito
14182;2026-01-23;1916;4;14;1;1400;0%;1400;Cartão de Crédito
14183;2026-03-05;746;8;5;2;110;0%;220;Pix
14184;2026-02-14;1643;7;13;1;320;5%;304;Pix
14185;2026-06-03;1357;25;4;1;310;0%;310;Cartão de Crédito
14186;2026-04-11;2428;31;6;1;120;0%;120;Pix
14187;2025-10-16;1953;30;12;1;160;0%;160;Pix
14188;2025-10-18;1890;23;4;2;400;0%;800;Pix
14189;2026-01-16;1522;2;5;1;80;0%;80;Pix
14190;2026-07-31;2267;18;10;3;280;0%;840;Pix
14191;2026-02-26;1068;30;15;5;160;0%;800;Cartão de Crédito
14192;2025-09-26;1340;8;1;1;110;5%;104,5;Cartão de Crédito
14193;2026-07-29;95;42;12;1;35;5%;33,25;Pix
14194;2026-04-25;1065;1;11;1;4500;0%;4500;Pix
14195;2026-09-10;2157;4;2;1;1400;0%;1400;Cartão de Crédito
14196;2026-05-18;1704;27;14;1;350;0%;350;Cartão de Débito
14197;2026-02-18;2191;10;15;1;50;0%;50;Pix
14198;2026-06-04;1222;40;4;2;600;10%;1080;Pix
14199;2026-01-05;2235;20;8;1;190;0%;190;Cartão de Crédito
14200;2025-11-11;733;14;15;1;350;0%;350;Boleto
14201;2026-04-23;191;21;16;2;1600;0%;3200;Pix
14202;2026-06-13;963;14;7;1;350;0%;350;Boleto
14203;2026-03-10;2485;16;10;2;520;0%;1040;Cartão de Crédito
14204;2026-06-15;723;31;5;3;120;0%;360;Pix
14205;2026-01-21;1485;19;5;1;490;5%;465,5;Pix
14206;2026-02-05;2217;10;18;1;50;0%;50;Boleto
14207;2025-11-11;1585;32;1;2;480;0%;960;Pix
14208;2026-08-17;775;7;12;1;320;0%;320;Cartão de Crédito
14209;2026-01-17;1267;2;4;1;80;0%;80;Cartão de Crédito
14210;2026-05-19;1737;14;12;1;350;0%;350;Pix
14211;2026-02-18;1669;10;4;3;50;10%;135;Cartão de Crédito
14212;2026-01-24;405;26;4;1;2200;0%;2200;Cartão de Crédito
14213;2026-08-08;2371;30;4;1;160;10%;144;Cartão de Débito
14214;2025-09-28;409;27;10;1;350;5%;332,5;Pix
14215;2026-08-22;1895;31;8;5;120;0%;600;Cartão de Crédito
14216;2026-06-29;326;35;6;1;250;0%;250;Cartão de Crédito
14217;2026-07-04;2075;41;8;1;45;0%;45;Cartão de Crédito
14218;2026-02-19;2130;24;9;1;380;0%;380;Cartão de Crédito
14219;2026-02-03;2294;21;1;4;1600;0%;6400;Boleto
14220;2026-08-23;406;19;5;1;490;0%;490;Cartão de Débito
14221;2026-05-04;1945;28;3;1;420;0%;420;Boleto
14222;2025-11-20;1813;1;16;2;4500;0%;9000;Cartão de Crédito
14223;2026-09-04;431;37;11;1;140;0%;140;Cartão de Crédito
14224;2026-03-28;2056;39;11;3;290;0%;870;Boleto
14225;2025-12-20;2465;9;1;1;150;0%;150;Pix
14226;2026-07-11;394;12;15;1;180;0%;180;Cartão de Crédito
14227;2026-02-03;1112;40;16;1;600;10%;540;Cartão de Crédito
14228;2026-06-30;1034;36;1;1;550;0%;550;Cartão de Débito
14229;2026-06-08;9;18;7;1;280;0%;280;Cartão de Crédito
14230;2025-09-26;2204;31;6;1;120;10%;108;Pix
14231;2025-12-06;2320;40;2;2;600;0%;1200;Cartão de Crédito
14232;2026-04-06;1071;2;4;1;80;0%;80;Cartão de Crédito
14233;2026-07-18;1594;11;11;1;3800;0%;3800;Cartão de Crédito
14234;2026-06-23;1211;35;2;1;250;0%;250;Boleto
14235;2025-11-30;2315;40;8;2;600;0%;1200;Boleto
14236;2026-05-07;1724;5;9;1;950;0%;950;Cartão de Crédito
14237;2026-02-23;520;3;14;1;250;0%;250;Boleto
14238;2026-08-05;1307;28;18;1;420;0%;420;Cartão de Crédito
14239;2026-05-01;531;34;17;1;890;10%;801;Cartão de Crédito
14240;2025-09-19;691;28;8;5;420;0%;2100;Cartão de Crédito
14241;2026-06-20;1577;18;11;2;280;0%;560;Cartão de Crédito
14242;2026-04-14;731;1;14;1;4500;0%;4500;Pix
14243;2025-10-04;55;22;18;2;850;0%;1700;Cartão de Crédito
14244;2025-09-16;1496;14;18;3;350;0%;1050;Cartão de Crédito
14245;2025-09-25;493;3;17;1;250;0%;250;Pix
14246;2026-06-21;2095;38;1;1;390;0%;390;Cartão de Crédito
14247;2025-09-15;1014;14;1;1;350;5%;332,5;Boleto
14248;2025-09-12;1361;23;7;1;400;5%;380;Pix
14249;2026-05-03;2204;25;5;1;310;0%;310;Pix
14250;2026-06-18;1628;13;17;1;2900;0%;2900;Cartão de Crédito
14251;2026-05-15;657;5;5;1;950;0%;950;Cartão de Crédito
14252;2025-10-08;781;8;1;3;110;0%;330;Cartão de Crédito
14253;2026-05-02;289;25;2;1;310;0%;310;Pix
14254;2026-06-16;257;15;14;1;750;0%;750;Cartão de Débito
14255;2026-07-01;697;33;6;1;1200;5%;1140;Cartão de Crédito
14256;2025-12-25;2418;22;15;3;850;0%;2550;Cartão de Débito
14257;2026-03-24;1604;16;6;1;520;0%;520;Pix
14258;2025-11-08;1501;7;9;2;320;0%;640;Cartão de Crédito
14259;2025-10-17;1428;32;3;1;480;0%;480;Cartão de Crédito
14260;2026-07-05;2300;15;2;1;750;0%;750;Pix
14261;2026-04-28;11;15;5;1;750;0%;750;Cartão de Débito
14262;2026-05-02;550;4;6;1;1400;10%;1260;Cartão de Crédito
14263;2026-09-02;2435;29;10;2;380;0%;760;Cartão de Crédito
14264;2025-11-30;2289;28;14;1;420;5%;399;Pix
14265;2025-12-31;1361;8;18;1;110;0%;110;Boleto
14266;2026-01-11;1255;10;6;2;50;0%;100;Pix
14267;2026-09-07;1600;20;7;1;190;0%;190;Cartão de Crédito
14268;2026-06-25;2387;5;18;1;950;0%;950;Cartão de Crédito
14269;2026-05-19;1104;8;11;1;110;0%;110;Cartão de Crédito
14270;2026-03-10;2495;40;3;1;600;0%;600;Cartão de Crédito
14271;2025-10-09;2497;31;5;1;120;0%;120;Cartão de Crédito
14272;2026-01-07;983;9;12;3;150;10%;405;Boleto
14273;2026-03-16;2149;21;17;2;1600;0%;3200;Pix
14274;2026-03-09;1866;16;5;1;520;0%;520;Cartão de Crédito
14275;2026-06-02;906;15;9;1;750;0%;750;Cartão de Crédito
14276;2026-04-04;883;15;17;2;750;0%;1500;Pix
14277;2026-07-20;400;18;14;2;280;5%;532;Cartão de Crédito
14278;2025-10-23;2458;25;1;1;310;0%;310;Boleto
14279;2026-03-10;1316;25;18;1;310;0%;310;Cartão de Crédito
14280;2026-05-19;1498;30;7;2;160;10%;288;Cartão de Crédito
14281;2025-09-21;613;35;14;1;250;0%;250;Cartão de Crédito
14282;2025-10-26;1114;43;2;1;65;0%;65;Pix
14283;2026-08-24;2498;8;10;1;110;5%;104,5;Cartão de Crédito
14284;2025-10-15;1756;7;15;1;320;0%;320;Pix
14285;2026-06-28;1343;17;6;1;650;0%;650;Boleto
14286;2026-08-11;173;28;6;2;420;0%;840;Cartão de Crédito
14287;2026-05-07;2441;10;17;1;50;0%;50;Boleto
14288;2026-07-23;393;21;9;5;1600;0%;8000;Cartão de Crédito
14289;2026-02-27;1079;30;18;1;160;0%;160;Pix
14290;2025-10-23;291;39;18;2;290;0%;580;Cartão de Crédito
14291;2026-07-24;496;23;16;4;400;5%;1520;Cartão de Crédito
14292;2026-07-29;663;13;17;1;2900;0%;2900;Boleto
14293;2026-02-02;1382;41;17;1;45;0%;45;Cartão de Crédito
14294;2026-02-13;2196;7;16;1;320;0%;320;Cartão de Crédito
14295;2026-01-28;2404;30;9;1;160;0%;160;Cartão de Crédito
14296;2025-10-03;181;25;6;1;310;5%;294,5;Pix
14297;2026-04-15;754;8;18;3;110;0%;330;Boleto
14298;2026-06-03;1630;24;12;2;380;0%;760;Cartão de Crédito
14299;2026-06-15;91;5;16;1;950;0%;950;Pix
14300;2026-08-14;760;11;1;1;3800;10%;3420;Cartão de Crédito
14301;2025-10-10;2284;25;1;1;310;5%;294,5;Cartão de Crédito
14302;2026-03-13;1872;9;1;2;150;0%;300;Cartão de Crédito
14303;2025-10-23;2335;17;16;1;650;0%;650;Pix
14304;2026-02-05;862;6;11;2;220;0%;440;Cartão de Crédito
14305;2026-04-28;1317;18;5;1;280;0%;280;Cartão de Crédito
14306;2026-08-14;528;9;11;2;150;0%;300;Pix
14307;2026-03-07;1531;6;14;1;220;0%;220;Cartão de Crédito
14308;2026-05-26;101;40;18;3;600;0%;1800;Cartão de Crédito
14309;2026-01-27;1739;3;1;1;250;0%;250;Cartão de Crédito
14310;2025-09-12;426;9;11;2;150;0%;300;Cartão de Crédito
14311;2026-09-02;2303;1;4;1;4500;5%;4275;Pix
14312;2025-11-16;865;11;13;1;3800;0%;3800;Pix
14313;2025-11-29;1120;16;6;1;520;0%;520;Pix
14314;2026-02-09;1170;33;16;1;1200;5%;1140;Cartão de Débito
14315;2026-08-25;153;29;1;1;380;0%;380;Cartão de Crédito
14316;2025-11-20;1413;5;4;2;950;0%;1900;Pix
14317;2026-07-01;163;34;13;1;890;0%;890;Pix
14318;2026-08-11;1837;26;5;3;2200;5%;6270;Cartão de Crédito
14319;2026-02-16;1104;19;14;1;490;0%;490;Cartão de Crédito
14320;2025-10-07;1473;5;16;2;950;0%;1900;Cartão de Crédito
14321;2026-08-30;1985;41;6;1;45;0%;45;Pix
14322;2026-02-06;2182;5;16;1;950;0%;950;Cartão de Crédito
14323;2026-05-18;1184;4;15;2;1400;0%;2800;Pix
14324;2026-03-28;995;11;2;2;3800;0%;7600;Cartão de Débito
14325;2026-08-29;2177;31;7;2;120;0%;240;Cartão de Crédito
14326;2026-03-01;1801;4;5;1;1400;0%;1400;Cartão de Crédito
14327;2026-08-20;2198;14;1;5;350;0%;1750;Boleto
14328;2026-07-25;388;5;2;1;950;0%;950;Boleto
14329;2025-09-30;1711;15;8;2;750;5%;1425;Cartão de Crédito
14330;2026-01-26;1885;19;10;1;490;0%;490;Cartão de Crédito
14331;2026-07-30;330;16;17;1;520;0%;520;Pix
14332;2025-09-19;1082;17;5;1;650;5%;617,5;Pix
14333;2025-10-05;631;14;6;1;350;0%;350;Boleto
14334;2025-12-20;64;16;11;2;520;5%;988;Cartão de Crédito
14335;2026-06-27;1953;1;12;2;4500;0%;9000;Pix
14336;2026-05-03;1021;24;7;1;380;0%;380;Pix
14337;2026-04-21;2275;17;6;2;650;5%;1235;Pix
14338;2026-05-26;1967;17;13;1;650;5%;617,5;Cartão de Crédito
14339;2026-03-07;1841;8;12;2;110;0%;220;Cartão de Débito
14340;2026-03-13;1422;25;5;1;310;0%;310;Boleto
14341;2026-02-28;2085;5;14;2;950;0%;1900;Cartão de Crédito
14342;2026-06-24;1327;25;13;1;310;0%;310;Boleto
14343;2026-06-15;1475;1;1;1;4500;0%;4500;Cartão de Crédito
14344;2026-04-18;1575;4;9;1;1400;10%;1260;Cartão de Débito
14345;2026-05-26;1954;19;17;1;490;5%;465,5;Pix
14346;2025-12-06;1642;30;10;1;160;0%;160;Cartão de Crédito
14347;2026-05-31;1938;26;4;1;2200;0%;2200;Cartão de Crédito
14348;2026-01-04;185;32;2;2;480;0%;960;Pix
14349;2025-10-09;720;16;11;2;520;0%;1040;Cartão de Crédito
14350;2026-03-11;1070;33;13;4;1200;0%;4800;Cartão de Crédito
14351;2026-08-06;1086;22;11;3;850;0%;2550;Cartão de Crédito
14352;2026-01-17;978;10;10;2;50;0%;100;Pix
14353;2026-04-27;2088;18;12;2;280;0%;560;Cartão de Crédito
14354;2025-11-20;2397;6;9;2;220;0%;440;Pix
14355;2026-08-03;2084;27;10;2;350;0%;700;Cartão de Crédito
14356;2026-02-06;1865;9;1;1;150;0%;150;Pix
14357;2026-02-05;485;17;10;1;650;5%;617,5;Pix
14358;2026-03-21;145;33;11;2;1200;0%;2400;Pix
14359;2026-08-19;1580;2;7;1;80;0%;80;Cartão de Crédito
14360;2025-12-21;1976;6;2;1;220;10%;198;Boleto
14361;2026-04-18;2472;31;11;5;120;10%;540;Cartão de Crédito
14362;2026-08-10;434;8;3;1;110;0%;110;Pix
14363;2026-06-06;428;9;13;1;150;0%;150;Cartão de Crédito
14364;2026-08-09;495;15;7;2;750;5%;1425;Cartão de Débito
14365;2026-06-12;1806;45;12;1;180;10%;162;Pix
14366;2026-08-13;1427;1;11;2;4500;10%;8100;Cartão de Crédito
14367;2026-06-27;1145;12;6;3;180;0%;540;Cartão de Crédito
14368;2025-12-12;2355;40;17;1;600;0%;600;Boleto
14369;2025-11-03;783;38;8;1;390;0%;390;Cartão de Crédito
14370;2026-08-09;622;1;10;2;4500;5%;8550;Cartão de Crédito
14371;2025-10-21;1886;28;15;1;420;0%;420;Pix
14372;2025-10-26;332;12;17;3;180;0%;540;Cartão de Crédito
14373;2025-09-14;443;5;13;1;950;0%;950;Cartão de Crédito
14374;2026-04-26;1888;11;10;2;3800;0%;7600;Cartão de Crédito
14375;2025-12-20;1553;6;2;1;220;0%;220;Cartão de Crédito
14376;2026-01-25;2235;1;1;1;4500;0%;4500;Pix
14377;2026-07-12;2129;8;11;1;110;0%;110;Cartão de Débito
14378;2026-07-18;636;8;15;1;110;0%;110;Boleto
14379;2025-11-01;1058;19;8;1;490;5%;465,5;Cartão de Crédito
14380;2026-08-28;1703;20;9;3;190;0%;570;Cartão de Débito
14381;2026-05-10;1036;27;7;1;350;5%;332,5;Cartão de Crédito
14382;2026-08-03;1253;18;16;1;280;0%;280;Pix
14383;2026-03-30;2117;18;18;2;280;0%;560;Cartão de Crédito
14384;2026-07-07;870;33;17;1;1200;0%;1200;Cartão de Crédito
14385;2026-04-13;334;15;13;3;750;0%;2250;Cartão de Crédito
14386;2026-08-01;372;17;17;1;650;0%;650;Cartão de Débito
14387;2026-08-18;1969;3;15;1;250;0%;250;Cartão de Crédito
14388;2026-03-27;1258;17;11;1;650;0%;650;Cartão de Crédito
14389;2026-06-07;229;20;18;4;190;0%;760;Cartão de Crédito
14390;2026-02-08;775;36;3;2;550;0%;1100;Cartão de Crédito
14391;2026-07-25;1697;39;11;2;290;0%;580;Boleto
14392;2025-12-04;276;12;15;2;180;0%;360;Pix
14393;2026-06-27;149;5;1;1;950;10%;855;Cartão de Crédito
14394;2026-02-23;794;4;3;1;1400;0%;1400;Pix
14395;2025-11-19;1720;12;1;1;180;0%;180;Cartão de Crédito
14396;2026-03-20;1305;8;16;2;110;0%;220;Pix
14397;2026-02-12;255;11;5;1;3800;0%;3800;Cartão de Crédito
14398;2026-07-30;2178;5;10;1;950;0%;950;Cartão de Crédito
14399;2026-03-03;1505;3;18;1;250;0%;250;Pix
14400;2026-04-26;1735;6;11;1;220;0%;220;Pix
14401;2026-03-22;2316;17;4;1;650;0%;650;Boleto
14402;2026-08-05;699;25;14;2;310;0%;620;Pix
14403;2026-06-03;371;11;8;1;3800;5%;3610;Cartão de Débito
14404;2025-09-29;2032;30;17;1;160;0%;160;Cartão de Crédito
14405;2026-01-13;1848;9;7;1;150;5%;142,5;Pix
14406;2025-11-06;2131;28;8;1;420;0%;420;Cartão de Crédito
14407;2026-03-09;2382;32;10;1;480;5%;456;Cartão de Débito
14408;2025-11-06;701;18;8;1;280;0%;280;Pix
14409;2026-01-23;1343;4;6;2;1400;0%;2800;Cartão de Crédito
14410;2025-12-24;723;11;12;1;3800;5%;3610;Cartão de Crédito
14411;2026-09-01;2115;41;2;1;45;0%;45;Cartão de Crédito
14412;2025-12-13;1184;22;12;1;850;0%;850;Cartão de Débito
14413;2026-02-22;2048;25;3;1;310;0%;310;Cartão de Débito
14414;2025-11-03;1570;23;6;1;400;5%;380;Boleto
14415;2026-09-05;1906;9;9;1;150;0%;150;Cartão de Crédito
14416;2025-12-27;1364;10;4;3;50;0%;150;Cartão de Crédito
14417;2026-02-03;2446;32;5;5;480;0%;2400;Pix
14418;2026-06-02;1687;23;7;2;400;0%;800;Pix
14419;2025-11-19;2031;26;2;1;2200;0%;2200;Cartão de Débito
14420;2025-11-29;842;20;4;1;190;5%;180,5;Cartão de Crédito
14421;2026-05-07;1051;17;2;1;650;0%;650;Cartão de Crédito
14422;2025-11-17;2150;30;3;2;160;0%;320;Pix
14423;2025-10-04;1558;37;1;1;140;0%;140;Cartão de Crédito
14424;2026-08-01;1985;11;13;2;3800;0%;7600;Cartão de Crédito
14425;2026-01-08;1216;17;9;1;650;0%;650;Cartão de Crédito
14426;2025-12-27;851;3;9;1;250;0%;250;Cartão de Crédito
14427;2026-08-26;1701;14;1;1;350;0%;350;Pix
14428;2025-12-13;1538;13;7;2;2900;0%;5800;Cartão de Crédito
14429;2026-01-15;1502;32;13;1;480;0%;480;Cartão de Crédito
14430;2026-02-01;303;1;13;2;4500;5%;8550;Cartão de Débito
14431;2026-08-04;735;35;18;1;250;0%;250;Cartão de Crédito
14432;2026-08-17;2029;29;2;1;380;0%;380;Cartão de Crédito
14433;2025-12-08;1355;31;5;1;120;0%;120;Cartão de Crédito
14434;2025-10-30;1475;4;3;1;1400;0%;1400;Cartão de Crédito
14435;2026-01-27;933;17;12;1;650;0%;650;Boleto
14436;2025-10-30;1945;3;5;1;250;0%;250;Pix
14437;2026-08-10;811;26;13;1;2200;0%;2200;Pix
14438;2026-05-29;1499;13;2;1;2900;5%;2755;Cartão de Crédito
14439;2026-01-24;1278;1;18;1;4500;0%;4500;Boleto
14440;2026-03-17;695;21;13;1;1600;5%;1520;Cartão de Crédito
14441;2025-10-08;581;45;8;1;180;0%;180;Cartão de Crédito
14442;2026-03-01;1177;9;16;3;150;5%;427,5;Cartão de Crédito
14443;2025-11-29;691;24;9;2;380;0%;760;Pix
14444;2025-09-30;1309;4;12;1;1400;0%;1400;Boleto
14445;2026-01-11;187;38;13;2;390;5%;741;Pix
14446;2025-10-21;475;5;8;3;950;0%;2850;Pix
14447;2026-07-22;70;37;1;1;140;0%;140;Cartão de Crédito
14448;2026-01-26;1498;18;17;1;280;0%;280;Pix
14449;2026-07-18;554;29;16;2;380;0%;760;Cartão de Crédito
14450;2026-03-17;677;31;7;1;120;0%;120;Pix
14451;2026-01-27;211;10;17;1;50;10%;45;Boleto
14452;2026-05-21;147;18;12;1;280;0%;280;Cartão de Crédito
14453;2026-04-14;2304;23;8;1;400;10%;360;Boleto
14454;2026-01-02;1370;25;12;3;310;0%;930;Cartão de Crédito
14455;2026-03-14;1646;33;8;1;1200;5%;1140;Cartão de Crédito
14456;2026-05-30;1519;11;18;1;3800;0%;3800;Cartão de Crédito
14457;2025-10-14;2154;14;5;3;350;10%;945;Cartão de Crédito
14458;2026-06-23;1068;17;7;1;650;5%;617,5;Cartão de Crédito
14459;2026-07-22;2310;14;15;2;350;5%;665;Cartão de Crédito
14460;2026-02-11;2171;9;13;1;150;0%;150;Cartão de Crédito
14461;2026-07-05;2296;30;2;1;160;0%;160;Cartão de Crédito
14462;2025-10-04;1415;43;12;5;65;5%;308,75;Pix
14463;2026-05-20;855;10;7;1;50;0%;50;Pix
14464;2026-06-07;14;22;15;1;850;0%;850;Cartão de Crédito
14465;2026-07-28;516;12;13;2;180;0%;360;Cartão de Crédito
14466;2026-07-31;1591;35;1;1;250;0%;250;Pix
14467;2026-07-04;1184;7;1;3;320;0%;960;Cartão de Crédito
14468;2026-02-14;1032;14;15;1;350;0%;350;Cartão de Crédito
14469;2026-03-20;108;3;4;1;250;5%;237,5;Pix
14470;2026-05-02;1289;32;1;1;480;0%;480;Cartão de Crédito
14471;2026-03-01;1690;21;13;1;1600;0%;1600;Cartão de Crédito
14472;2026-03-08;1324;44;17;1;55;0%;55;Cartão de Crédito
14473;2026-07-13;160;8;13;3;110;0%;330;Boleto
14474;2026-02-24;2191;2;13;1;80;0%;80;Boleto
14475;2026-07-11;2036;12;5;1;180;0%;180;Pix
14476;2025-12-04;828;2;6;2;80;0%;160;Pix
14477;2026-02-07;745;19;2;1;490;0%;490;Cartão de Crédito
14478;2026-01-19;984;11;1;3;3800;0%;11400;Pix
14479;2025-10-13;1636;44;8;1;55;0%;55;Cartão de Crédito
14480;2026-08-31;263;34;4;1;890;0%;890;Pix
14481;2025-10-01;1760;13;16;1;2900;0%;2900;Cartão de Débito
14482;2025-11-02;1009;14;13;1;350;0%;350;Cartão de Débito
14483;2026-01-13;1393;42;3;1;35;0%;35;Cartão de Crédito
14484;2026-08-21;373;22;10;1;850;0%;850;Pix
14485;2025-11-26;203;21;5;1;1600;0%;1600;Pix
14486;2026-06-19;1630;2;4;1;80;5%;76;Pix
14487;2025-11-19;592;19;7;1;490;0%;490;Cartão de Crédito
14488;2025-12-01;2269;12;14;1;180;5%;171;Cartão de Crédito
14489;2026-08-25;495;17;9;1;650;0%;650;Cartão de Crédito
14490;2025-09-13;540;10;10;1;50;0%;50;Cartão de Crédito
14491;2026-02-27;1221;13;5;2;2900;5%;5510;Pix
14492;2025-11-25;1071;31;5;2;120;0%;240;Cartão de Crédito
14493;2025-12-08;1177;12;8;2;180;0%;360;Boleto
14494;2025-09-23;609;4;8;1;1400;0%;1400;Boleto
14495;2026-08-31;539;19;2;2;490;0%;980;Pix
14496;2025-09-19;112;7;4;1;320;5%;304;Cartão de Crédito
14497;2025-12-18;531;3;15;1;250;5%;237,5;Cartão de Crédito
14498;2026-06-08;2473;34;6;1;890;0%;890;Cartão de Crédito
14499;2026-06-17;660;13;9;1;2900;0%;2900;Pix
14500;2026-08-17;966;25;11;1;310;10%;279;Boleto
14501;2025-10-13;2401;40;16;1;600;10%;540;Pix
14502;2026-06-29;393;38;8;1;390;5%;370,5;Cartão de Crédito
14503;2026-03-02;944;12;6;3;180;0%;540;Cartão de Crédito
14504;2026-07-18;1322;17;13;1;650;0%;650;Cartão de Crédito
14505;2025-11-10;1986;27;14;1;350;0%;350;Cartão de Débito
14506;2025-12-15;2411;26;9;2;2200;0%;4400;Cartão de Débito
14507;2026-09-03;2128;3;9;1;250;5%;237,5;Pix
14508;2026-04-08;2000;20;13;1;190;0%;190;Pix
14509;2026-02-05;230;45;18;1;180;10%;162;Cartão de Débito
14510;2026-07-14;1861;10;15;1;50;0%;50;Pix
14511;2026-07-05;1487;22;7;1;850;0%;850;Boleto
14512;2026-03-23;284;25;9;1;310;0%;310;Cartão de Crédito
14513;2025-09-13;2261;2;7;1;80;0%;80;Cartão de Crédito
14514;2025-09-12;1905;3;2;3;250;5%;712,5;Boleto
14515;2026-07-14;221;2;13;1;80;0%;80;Cartão de Crédito
14516;2026-01-15;973;19;13;1;490;0%;490;Pix
14517;2025-10-10;528;32;16;1;480;0%;480;Cartão de Crédito
14518;2025-12-17;500;35;11;1;250;5%;237,5;Pix
14519;2026-04-16;1925;22;6;1;850;0%;850;Pix
14520;2026-04-15;283;12;16;1;180;5%;171;Boleto
14521;2025-12-22;1759;44;6;1;55;0%;55;Cartão de Crédito
14522;2026-07-09;597;15;10;3;750;5%;2137,5;Cartão de Crédito
14523;2026-02-23;2451;32;18;3;480;0%;1440;Pix
14524;2026-07-01;1928;15;15;4;750;0%;3000;Pix
14525;2026-05-02;801;42;18;1;35;0%;35;Cartão de Crédito
14526;2025-12-14;1232;14;7;2;350;0%;700;Cartão de Crédito
14527;2026-05-27;640;18;3;3;280;0%;840;Pix
14528;2026-02-02;1771;19;6;1;490;0%;490;Cartão de Crédito
14529;2026-07-13;656;14;6;1;350;0%;350;Cartão de Crédito
14530;2025-12-16;658;30;17;1;160;0%;160;Cartão de Crédito
14531;2026-01-04;807;7;17;1;320;0%;320;Pix
14532;2025-10-24;807;14;17;1;350;0%;350;Cartão de Crédito
14533;2026-02-25;724;23;6;2;400;0%;800;Cartão de Crédito
14534;2026-01-01;1384;15;1;1;750;0%;750;Pix
14535;2026-03-28;593;5;16;1;950;0%;950;Boleto
14536;2026-08-26;113;6;10;1;220;0%;220;Pix
14537;2025-10-03;393;20;9;1;190;10%;171;Cartão de Crédito
14538;2026-02-12;305;22;6;1;850;0%;850;Cartão de Crédito
14539;2026-02-18;1387;5;6;1;950;5%;902,5;Pix
14540;2025-12-15;2418;36;5;1;550;0%;550;Cartão de Crédito
14541;2026-01-18;1515;27;13;1;350;0%;350;Cartão de Crédito
14542;2026-04-26;108;1;17;1;4500;0%;4500;Cartão de Crédito
14543;2026-08-18;2324;1;8;1;4500;0%;4500;Cartão de Crédito
14544;2026-07-03;929;3;12;1;250;0%;250;Cartão de Crédito
14545;2025-09-29;1146;4;14;1;1400;0%;1400;Cartão de Crédito
14546;2025-12-01;775;14;7;3;350;0%;1050;Cartão de Crédito
14547;2026-08-07;1881;36;9;1;550;0%;550;Pix
14548;2025-11-08;1444;30;7;1;160;5%;152;Cartão de Débito
14549;2026-03-06;2265;30;8;1;160;0%;160;Cartão de Crédito
14550;2025-12-27;2140;15;15;1;750;0%;750;Cartão de Débito
14551;2026-05-30;2386;12;12;2;180;0%;360;Cartão de Crédito
14552;2026-07-28;327;21;1;1;1600;0%;1600;Boleto
14553;2026-03-05;993;37;2;1;140;0%;140;Cartão de Crédito
14554;2026-07-05;1098;16;11;1;520;0%;520;Cartão de Crédito
14555;2026-06-26;1976;4;12;1;1400;5%;1330;Boleto
14556;2026-07-01;1416;2;2;1;80;0%;80;Pix
14557;2026-05-30;759;2;12;3;80;0%;240;Pix
14558;2026-05-14;529;4;8;1;1400;0%;1400;Cartão de Crédito
14559;2025-12-14;783;36;1;5;550;0%;2750;Pix
14560;2025-09-14;1975;36;1;1;550;0%;550;Pix
14561;2026-06-25;1726;1;3;3;4500;0%;13500;Pix
14562;2026-06-24;1785;2;10;1;80;0%;80;Pix
14563;2026-05-27;1221;35;13;1;250;0%;250;Pix
14564;2026-08-26;1870;1;10;1;4500;0%;4500;Pix
14565;2026-05-08;1434;15;6;2;750;0%;1500;Pix
14566;2026-07-26;402;7;9;1;320;5%;304;Pix
14567;2026-06-19;1023;24;12;1;380;5%;361;Pix
14568;2026-08-08;1560;17;12;1;650;0%;650;Pix
14569;2025-10-03;2278;23;13;1;400;0%;400;Cartão de Crédito
14570;2026-07-01;559;39;5;3;290;0%;870;Cartão de Crédito
14571;2026-05-04;3;11;6;1;3800;0%;3800;Cartão de Crédito
14572;2026-03-01;534;24;12;2;380;0%;760;Cartão de Débito
14573;2026-08-03;1083;26;4;3;2200;0%;6600;Cartão de Débito
14574;2025-11-07;255;12;12;1;180;5%;171;Cartão de Crédito
14575;2026-03-12;1682;15;6;1;750;0%;750;Cartão de Débito
14576;2026-08-12;1243;9;3;2;150;0%;300;Cartão de Débito
14577;2025-11-24;1732;6;14;1;220;0%;220;Cartão de Crédito
14578;2026-04-28;1724;22;17;1;850;0%;850;Cartão de Crédito
14579;2025-09-25;2334;34;9;2;890;0%;1780;Cartão de Crédito
14580;2025-10-07;1283;25;13;2;310;0%;620;Cartão de Crédito
14581;2026-02-13;1982;24;2;1;380;0%;380;Cartão de Crédito
14582;2026-01-17;821;11;14;1;3800;0%;3800;Boleto
14583;2026-01-26;699;5;10;2;950;5%;1805;Pix
14584;2026-02-25;814;18;5;1;280;0%;280;Cartão de Crédito
14585;2025-09-24;1762;23;11;2;400;0%;800;Cartão de Crédito
14586;2026-01-28;922;43;5;1;65;0%;65;Pix
14587;2026-04-08;276;1;10;1;4500;5%;4275;Cartão de Crédito
14588;2026-01-02;1223;31;2;2;120;0%;240;Boleto
14589;2026-09-03;851;15;16;2;750;5%;1425;Boleto
14590;2025-10-18;1415;16;5;1;520;0%;520;Cartão de Crédito
14591;2026-09-11;1092;8;7;1;110;5%;104,5;Pix
14592;2025-11-12;177;27;3;2;350;0%;700;Cartão de Crédito
14593;2026-03-02;1685;39;18;1;290;5%;275,5;Pix
14594;2026-01-16;124;18;12;2;280;0%;560;Cartão de Crédito
14595;2026-01-13;320;10;6;1;50;0%;50;Cartão de Crédito
14596;2025-12-04;1489;29;6;1;380;0%;380;Cartão de Crédito
14597;2026-04-05;1130;13;15;5;2900;0%;14500;Boleto
14598;2026-02-03;1795;35;18;1;250;0%;250;Cartão de Crédito
14599;2026-05-07;253;35;14;2;250;0%;500;Pix
14600;2026-04-24;1562;6;10;1;220;0%;220;Pix
14601;2026-02-03;669;15;17;3;750;0%;2250;Cartão de Crédito
14602;2026-04-11;954;2;2;1;80;0%;80;Cartão de Crédito
14603;2026-05-08;123;21;15;2;1600;5%;3040;Cartão de Crédito
14604;2026-06-07;325;18;2;1;280;10%;252;Pix
14605;2025-10-17;151;21;4;1;1600;0%;1600;Pix
14606;2025-11-20;1206;4;10;5;1400;0%;7000;Pix
14607;2026-06-07;38;1;12;2;4500;0%;9000;Cartão de Crédito
14608;2026-03-31;2483;26;10;1;2200;0%;2200;Pix
14609;2025-11-16;430;1;4;2;4500;0%;9000;Cartão de Débito
14610;2026-05-30;1976;5;10;2;950;0%;1900;Cartão de Débito
14611;2026-07-09;81;28;1;1;420;0%;420;Cartão de Crédito
14612;2026-02-02;1050;1;3;3;4500;0%;13500;Cartão de Crédito
14613;2025-10-09;253;1;15;1;4500;0%;4500;Cartão de Crédito
14614;2025-12-07;788;11;3;1;3800;5%;3610;Cartão de Crédito
14615;2026-02-09;2335;9;6;1;150;0%;150;Cartão de Crédito
14616;2025-09-27;1161;9;7;1;150;0%;150;Cartão de Débito
14617;2025-09-20;1697;26;10;1;2200;0%;2200;Cartão de Crédito
14618;2025-10-10;1086;16;3;1;520;0%;520;Pix
14619;2025-11-17;301;16;2;1;520;0%;520;Cartão de Crédito
14620;2026-05-04;165;8;9;1;110;0%;110;Boleto
14621;2026-08-28;848;31;3;1;120;0%;120;Cartão de Crédito
14622;2025-09-26;1426;17;12;1;650;0%;650;Cartão de Crédito
14623;2025-09-16;889;3;3;1;250;5%;237,5;Cartão de Crédito
14624;2026-03-17;2139;32;17;2;480;0%;960;Cartão de Crédito
14625;2026-05-03;2252;2;11;1;80;0%;80;Cartão de Crédito
14626;2025-10-01;1586;2;14;1;80;0%;80;Cartão de Crédito
14627;2025-09-19;1764;22;15;1;850;0%;850;Cartão de Crédito
14628;2026-03-14;475;14;9;2;350;0%;700;Cartão de Crédito
14629;2025-11-10;1085;27;17;1;350;10%;315;Pix
14630;2026-01-06;1416;5;3;1;950;0%;950;Pix
14631;2026-03-01;1652;28;1;1;420;0%;420;Pix
14632;2026-06-29;1439;21;4;1;1600;0%;1600;Pix
14633;2026-01-26;539;35;15;2;250;0%;500;Pix
14634;2026-05-12;212;20;5;5;190;0%;950;Boleto
14635;2025-10-15;1404;2;8;1;80;0%;80;Cartão de Crédito
14636;2026-06-15;1591;15;4;1;750;0%;750;Boleto
14637;2025-11-04;1372;33;4;2;1200;0%;2400;Cartão de Crédito
14638;2025-11-11;325;25;14;1;310;0%;310;Cartão de Crédito
14639;2025-12-10;1929;15;4;1;750;0%;750;Boleto
14640;2026-01-21;852;28;12;1;420;0%;420;Pix
14641;2026-07-24;790;7;9;3;320;0%;960;Cartão de Crédito
14642;2025-11-08;147;21;13;1;1600;0%;1600;Pix
14643;2025-11-04;1728;5;11;1;950;5%;902,5;Cartão de Crédito
14644;2025-09-17;1044;2;16;1;80;5%;76;Cartão de Débito
14645;2025-12-16;1301;4;12;1;1400;0%;1400;Cartão de Crédito
14646;2025-12-31;498;38;2;2;390;0%;780;Boleto
14647;2026-05-24;820;37;16;1;140;0%;140;Cartão de Crédito
14648;2025-10-20;766;19;5;3;490;0%;1470;Boleto
14649;2025-09-15;1797;6;5;1;220;0%;220;Cartão de Crédito
14650;2026-02-23;131;23;18;1;400;5%;380;Pix
14651;2026-08-09;1255;32;11;1;480;10%;432;Cartão de Crédito
14652;2025-12-11;1232;6;1;1;220;0%;220;Cartão de Crédito
14653;2026-06-19;2120;27;14;1;350;0%;350;Cartão de Débito
14654;2025-09-29;2498;1;14;1;4500;0%;4500;Cartão de Débito
14655;2026-08-23;2429;7;5;1;320;0%;320;Cartão de Crédito
14656;2026-02-21;944;14;8;2;350;0%;700;Pix
14657;2026-04-08;160;12;4;1;180;0%;180;Boleto
14658;2026-08-22;62;29;8;1;380;0%;380;Pix
14659;2025-10-20;2420;2;4;1;80;0%;80;Pix
14660;2026-09-08;1102;13;2;1;2900;5%;2755;Cartão de Crédito
14661;2025-09-25;2438;44;17;1;55;0%;55;Pix
14662;2025-11-09;675;2;15;1;80;5%;76;Cartão de Débito
14663;2026-09-09;454;17;5;1;650;0%;650;Cartão de Débito
14664;2026-08-16;757;2;17;3;80;0%;240;Pix
14665;2026-06-05;1833;15;10;1;750;0%;750;Boleto
14666;2025-10-21;1374;35;9;1;250;5%;237,5;Cartão de Crédito
14667;2026-07-27;615;19;12;2;490;10%;882;Pix
14668;2026-01-25;786;39;10;2;290;0%;580;Cartão de Crédito
14669;2026-09-09;1355;3;2;2;250;5%;475;Pix
14670;2025-11-27;1660;11;14;1;3800;0%;3800;Cartão de Crédito
14671;2026-01-23;712;33;16;1;1200;0%;1200;Cartão de Crédito
14672;2026-01-14;2182;5;14;1;950;10%;855;Cartão de Crédito
14673;2026-07-29;2439;29;13;1;380;0%;380;Cartão de Crédito
14674;2026-04-23;1141;21;18;5;1600;0%;8000;Boleto
14675;2025-10-14;341;15;2;1;750;5%;712,5;Cartão de Débito
14676;2026-03-02;288;4;6;1;1400;0%;1400;Cartão de Débito
14677;2026-06-28;556;21;15;2;1600;0%;3200;Pix
14678;2025-11-26;1111;12;7;3;180;0%;540;Cartão de Crédito
14679;2025-09-21;1746;16;16;1;520;0%;520;Cartão de Crédito
14680;2026-05-11;2039;13;17;2;2900;10%;5220;Pix
14681;2026-01-09;1579;8;15;1;110;0%;110;Cartão de Crédito
14682;2026-05-04;2080;4;3;3;1400;0%;4200;Cartão de Crédito
14683;2025-09-17;2021;32;1;1;480;0%;480;Pix
14684;2026-05-31;552;19;9;1;490;0%;490;Pix
14685;2025-10-09;2062;2;8;1;80;0%;80;Pix
14686;2026-08-02;1469;18;3;1;280;0%;280;Pix
14687;2026-09-02;897;40;7;3;600;0%;1800;Boleto
14688;2025-10-31;1456;8;15;3;110;10%;297;Cartão de Crédito
14689;2026-07-04;731;42;2;1;35;0%;35;Pix
14690;2026-06-26;739;2;8;4;80;0%;320;Pix
14691;2026-04-21;1579;31;3;2;120;5%;228;Cartão de Crédito
14692;2026-09-10;1587;26;6;1;2200;0%;2200;Cartão de Crédito
14693;2025-09-20;338;10;15;1;50;5%;47,5;Boleto
14694;2025-11-28;2416;10;11;1;50;0%;50;Cartão de Débito
14695;2025-11-10;576;22;13;3;850;0%;2550;Cartão de Crédito
14696;2026-08-07;1644;41;2;1;45;0%;45;Pix
14697;2026-08-27;2303;17;14;1;650;0%;650;Pix
14698;2026-07-09;1734;31;4;2;120;0%;240;Cartão de Crédito
14699;2025-10-26;82;2;18;2;80;0%;160;Cartão de Débito
14700;2026-01-28;7;31;8;3;120;0%;360;Boleto
14701;2026-07-28;111;23;6;3;400;0%;1200;Cartão de Crédito
14702;2026-08-15;1956;31;13;2;120;0%;240;Cartão de Crédito
14703;2026-05-17;887;25;14;2;310;0%;620;Cartão de Crédito
14704;2025-09-22;2166;1;14;2;4500;0%;9000;Pix
14705;2026-01-07;847;29;7;1;380;0%;380;Pix
14706;2026-07-07;2440;5;12;3;950;0%;2850;Cartão de Crédito
14707;2025-10-04;1603;17;13;2;650;0%;1300;Cartão de Crédito
14708;2026-09-06;1657;25;16;3;310;0%;930;Cartão de Débito
14709;2026-04-19;36;6;11;2;220;0%;440;Cartão de Crédito
14710;2026-03-12;82;5;17;2;950;0%;1900;Pix
14711;2026-08-08;109;37;2;3;140;0%;420;Pix
14712;2026-03-04;200;27;2;2;350;5%;665;Boleto
14713;2026-06-19;894;1;2;2;4500;0%;9000;Cartão de Crédito
14714;2026-04-13;766;10;12;2;50;0%;100;Cartão de Crédito
14715;2025-10-06;2419;14;17;4;350;0%;1400;Cartão de Crédito
14716;2025-09-30;1440;40;12;1;600;10%;540;Pix
14717;2026-04-20;1209;30;10;1;160;0%;160;Cartão de Crédito
14718;2025-10-21;2397;37;10;1;140;0%;140;Cartão de Crédito
14719;2025-10-16;520;24;9;3;380;5%;1083;Cartão de Crédito
14720;2025-12-29;1712;5;3;1;950;5%;902,5;Cartão de Crédito
14721;2026-03-31;198;13;12;1;2900;0%;2900;Cartão de Crédito
14722;2025-09-18;738;4;2;1;1400;0%;1400;Cartão de Crédito
14723;2026-04-25;1635;25;3;1;310;0%;310;Cartão de Crédito
14724;2026-07-06;482;4;17;2;1400;5%;2660;Cartão de Crédito
14725;2025-11-07;1272;6;18;4;220;0%;880;Pix
14726;2025-12-28;1692;20;16;1;190;0%;190;Cartão de Crédito
14727;2026-06-06;1080;6;1;2;220;0%;440;Cartão de Crédito
14728;2026-01-11;549;2;3;2;80;0%;160;Cartão de Crédito
14729;2026-04-30;1813;28;9;4;420;0%;1680;Pix
14730;2026-06-27;384;18;4;2;280;0%;560;Cartão de Crédito
14731;2026-05-14;1784;1;15;1;4500;0%;4500;Pix
14732;2026-03-01;1522;22;1;1;850;0%;850;Cartão de Crédito
14733;2026-09-01;167;31;9;2;120;0%;240;Pix
14734;2025-12-17;2023;3;11;1;250;0%;250;Cartão de Crédito
14735;2026-08-06;816;12;4;2;180;0%;360;Pix
14736;2026-03-01;1826;32;12;2;480;0%;960;Cartão de Crédito
14737;2026-08-08;542;13;6;3;2900;0%;8700;Cartão de Crédito
14738;2026-07-26;1320;8;2;1;110;5%;104,5;Cartão de Crédito
14739;2026-06-14;1015;3;18;1;250;0%;250;Cartão de Débito
14740;2026-04-01;147;1;7;1;4500;0%;4500;Pix
14741;2026-07-07;242;2;7;4;80;0%;320;Cartão de Crédito
14742;2026-04-17;2031;6;10;1;220;5%;209;Boleto
14743;2026-06-23;1759;40;15;1;600;0%;600;Cartão de Crédito
14744;2026-03-15;1621;45;16;2;180;0%;360;Boleto
14745;2026-03-19;834;1;11;3;4500;0%;13500;Cartão de Crédito
14746;2025-10-20;1293;19;8;2;490;0%;980;Cartão de Crédito
14747;2026-01-22;2023;25;10;1;310;0%;310;Cartão de Crédito
14748;2025-12-24;2452;5;5;1;950;0%;950;Pix
14749;2026-05-24;5;3;17;2;250;0%;500;Boleto
14750;2025-11-04;700;34;2;2;890;0%;1780;Cartão de Crédito
14751;2026-05-04;2236;18;2;1;280;0%;280;Cartão de Crédito
14752;2025-09-25;850;23;16;2;400;0%;800;Cartão de Débito
14753;2026-06-15;365;16;1;1;520;10%;468;Cartão de Crédito
14754;2025-11-10;13;31;8;1;120;0%;120;Pix
14755;2026-08-02;587;8;1;3;110;0%;330;Cartão de Crédito
14756;2026-05-27;624;4;8;1;1400;0%;1400;Boleto
14757;2026-01-21;397;9;13;1;150;5%;142,5;Pix
14758;2025-09-16;2447;28;1;1;420;0%;420;Pix
14759;2026-07-04;1901;7;12;1;320;0%;320;Cartão de Crédito
14760;2026-05-20;2131;13;18;1;2900;0%;2900;Boleto
14761;2026-03-12;467;15;13;2;750;10%;1350;Cartão de Débito
14762;2026-04-04;346;21;1;1;1600;5%;1520;Cartão de Crédito
14763;2026-05-25;1624;8;9;1;110;0%;110;Cartão de Débito
14764;2026-02-18;1089;2;2;2;80;0%;160;Cartão de Crédito
14765;2026-02-02;915;10;10;1;50;0%;50;Cartão de Crédito
14766;2026-08-21;1633;8;3;2;110;5%;209;Cartão de Crédito
14767;2026-04-22;579;34;5;1;890;0%;890;Pix
14768;2026-08-31;692;11;15;1;3800;0%;3800;Pix
14769;2026-08-31;1819;11;5;1;3800;0%;3800;Cartão de Débito
14770;2026-04-20;429;27;1;1;350;10%;315;Cartão de Crédito
14771;2026-03-05;1101;1;2;1;4500;5%;4275;Cartão de Crédito
14772;2025-12-07;1563;25;1;1;310;0%;310;Cartão de Crédito
14773;2025-12-13;2144;41;10;2;45;5%;85,5;Pix
14774;2026-04-11;1457;35;11;3;250;0%;750;Boleto
14775;2026-07-08;583;17;3;2;650;0%;1300;Cartão de Crédito
14776;2026-09-09;2173;27;11;1;350;0%;350;Pix
14777;2026-03-27;2216;15;17;3;750;0%;2250;Pix
14778;2026-04-05;1025;22;7;1;850;0%;850;Pix
14779;2025-12-19;2397;5;15;1;950;0%;950;Pix
14780;2026-01-30;1443;18;7;1;280;0%;280;Boleto
14781;2026-07-19;260;10;18;5;50;0%;250;Cartão de Crédito
14782;2025-10-03;722;14;8;2;350;0%;700;Cartão de Crédito
14783;2026-06-16;1205;6;18;2;220;5%;418;Cartão de Crédito
14784;2026-04-25;1682;19;3;1;490;5%;465,5;Pix
14785;2026-08-05;1245;34;10;1;890;0%;890;Cartão de Crédito
14786;2026-01-20;917;24;8;1;380;0%;380;Pix
14787;2026-08-20;1808;32;8;3;480;0%;1440;Cartão de Crédito
14788;2026-03-24;152;43;2;2;65;0%;130;Pix
14789;2026-06-01;1349;22;15;2;850;5%;1615;Cartão de Crédito
14790;2026-03-04;913;2;15;1;80;5%;76;Cartão de Crédito
14791;2026-07-17;1254;6;15;4;220;0%;880;Cartão de Crédito
14792;2026-03-31;886;14;4;2;350;0%;700;Pix
14793;2026-06-09;893;42;9;4;35;0%;140;Pix
14794;2025-12-13;2345;23;1;2;400;0%;800;Pix
14795;2025-09-18;650;6;10;2;220;0%;440;Cartão de Crédito
14796;2026-07-12;680;34;16;3;890;0%;2670;Pix
14797;2026-06-14;1401;25;6;1;310;0%;310;Cartão de Crédito
14798;2025-12-24;1210;22;13;3;850;0%;2550;Cartão de Crédito
14799;2026-08-15;322;5;11;3;950;0%;2850;Cartão de Crédito
14800;2025-10-17;654;29;4;1;380;5%;361;Cartão de Crédito
14801;2026-04-18;2015;33;13;1;1200;0%;1200;Pix
14802;2025-09-14;2143;13;14;1;2900;0%;2900;Pix
14803;2025-10-04;364;26;1;1;2200;0%;2200;Boleto
14804;2026-03-24;1750;37;11;3;140;0%;420;Cartão de Crédito
14805;2026-05-28;1826;23;17;1;400;0%;400;Cartão de Crédito
14806;2026-08-24;656;4;10;5;1400;0%;7000;Pix
14807;2025-11-17;1514;18;14;1;280;0%;280;Cartão de Débito
14808;2026-03-15;2263;18;5;5;280;0%;1400;Cartão de Crédito
14809;2026-07-04;896;21;18;1;1600;0%;1600;Cartão de Crédito
14810;2026-02-27;1027;35;2;1;250;0%;250;Pix
14811;2026-07-30;1232;42;10;2;35;0%;70;Pix
14812;2026-07-29;1380;45;1;2;180;5%;342;Cartão de Crédito
14813;2026-08-30;953;30;18;1;160;0%;160;Cartão de Crédito
14814;2026-04-04;794;22;17;1;850;0%;850;Cartão de Crédito
14815;2025-12-22;1040;10;13;2;50;0%;100;Boleto
14816;2026-03-30;2469;16;1;1;520;0%;520;Pix
14817;2026-06-06;491;31;9;5;120;0%;600;Cartão de Crédito
14818;2026-02-09;2487;25;17;1;310;0%;310;Boleto
14819;2026-03-31;179;13;5;1;2900;0%;2900;Cartão de Crédito
14820;2026-07-18;1657;10;11;2;50;0%;100;Pix
14821;2026-01-05;751;10;18;1;50;5%;47,5;Cartão de Crédito
14822;2026-09-10;914;14;3;2;350;0%;700;Pix
14823;2026-03-07;825;44;1;1;55;0%;55;Cartão de Crédito
14824;2026-05-15;69;40;15;1;600;0%;600;Pix
14825;2026-07-16;428;11;2;1;3800;0%;3800;Pix
14826;2026-02-08;2159;7;16;1;320;5%;304;Cartão de Crédito
14827;2026-06-03;1741;36;1;2;550;0%;1100;Cartão de Crédito
14828;2025-10-20;1471;30;2;1;160;0%;160;Boleto
14829;2026-06-02;926;45;8;1;180;0%;180;Boleto
14830;2026-01-31;1306;7;3;1;320;0%;320;Cartão de Crédito
14831;2025-12-12;2483;12;17;1;180;0%;180;Pix
14832;2025-11-27;2470;14;9;1;350;10%;315;Cartão de Crédito
14833;2026-03-08;1120;10;3;1;50;0%;50;Cartão de Crédito
14834;2026-05-30;855;30;7;1;160;0%;160;Cartão de Crédito
14835;2026-05-24;2295;6;17;1;220;0%;220;Cartão de Crédito
14836;2025-11-06;1247;11;16;2;3800;0%;7600;Cartão de Crédito
14837;2026-09-09;1260;13;5;1;2900;5%;2755;Cartão de Crédito
14838;2026-03-10;97;36;15;1;550;0%;550;Pix
14839;2026-02-16;911;11;17;1;3800;0%;3800;Cartão de Crédito
14840;2025-11-19;188;28;7;1;420;0%;420;Pix
14841;2026-07-13;1457;31;2;1;120;0%;120;Cartão de Crédito
14842;2026-08-10;228;40;15;1;600;0%;600;Pix
14843;2026-05-30;1753;15;15;1;750;0%;750;Cartão de Crédito
14844;2026-04-28;1364;27;11;1;350;0%;350;Pix
14845;2025-09-12;142;12;11;2;180;0%;360;Pix
14846;2025-12-18;1306;11;16;1;3800;5%;3610;Cartão de Débito
14847;2026-08-04;1572;36;2;1;550;0%;550;Cartão de Crédito
14848;2026-08-11;901;37;13;3;140;0%;420;Cartão de Crédito
14849;2026-05-01;856;16;7;2;520;0%;1040;Cartão de Débito
14850;2026-03-30;279;21;9;1;1600;0%;1600;Cartão de Crédito
14851;2025-12-13;1038;8;16;1;110;0%;110;Pix
14852;2026-02-02;347;30;12;2;160;0%;320;Cartão de Crédito
14853;2025-10-29;1780;6;8;4;220;0%;880;Pix
14854;2025-11-27;1295;5;14;1;950;5%;902,5;Cartão de Crédito
14855;2026-04-12;264;34;9;2;890;10%;1602;Cartão de Crédito
14856;2026-05-30;641;27;9;1;350;0%;350;Pix
14857;2026-08-12;992;19;14;1;490;0%;490;Boleto
14858;2026-02-13;2236;19;11;1;490;0%;490;Cartão de Crédito
14859;2025-10-20;1818;21;17;1;1600;10%;1440;Pix
14860;2025-12-03;1842;26;12;1;2200;0%;2200;Pix
14861;2026-05-23;1942;11;7;2;3800;0%;7600;Cartão de Crédito
14862;2025-10-12;1585;21;3;1;1600;0%;1600;Cartão de Crédito
14863;2026-01-23;1602;35;1;1;250;0%;250;Cartão de Crédito
14864;2025-10-22;2018;13;9;1;2900;0%;2900;Cartão de Débito
14865;2025-10-26;2440;8;13;1;110;0%;110;Boleto
14866;2026-02-15;106;30;2;1;160;0%;160;Cartão de Débito
14867;2025-10-13;2410;7;5;1;320;0%;320;Pix
14868;2026-02-26;1689;20;17;2;190;0%;380;Cartão de Débito
14869;2025-12-24;1352;2;14;3;80;0%;240;Pix
14870;2025-11-15;1828;2;17;1;80;0%;80;Cartão de Débito
14871;2026-01-17;2281;31;16;1;120;0%;120;Pix
14872;2026-05-14;1961;11;13;1;3800;5%;3610;Cartão de Débito
14873;2026-02-27;1068;22;1;1;850;0%;850;Cartão de Crédito
14874;2025-11-19;920;29;10;1;380;0%;380;Cartão de Crédito
14875;2026-05-11;498;3;10;5;250;0%;1250;Boleto
14876;2026-03-07;469;20;7;1;190;0%;190;Cartão de Débito
14877;2026-05-01;1117;7;1;1;320;0%;320;Cartão de Crédito
14878;2025-11-16;2178;8;6;2;110;0%;220;Cartão de Crédito
14879;2026-04-14;1459;1;14;5;4500;0%;22500;Pix
14880;2026-03-06;741;27;8;2;350;0%;700;Cartão de Crédito
14881;2026-08-19;1542;22;16;1;850;0%;850;Cartão de Crédito
14882;2026-03-16;1592;40;6;1;600;0%;600;Cartão de Crédito
14883;2026-05-02;1515;1;9;1;4500;0%;4500;Pix
14884;2026-03-05;1059;31;1;2;120;5%;228;Cartão de Crédito
14885;2026-01-09;1250;27;17;2;350;0%;700;Cartão de Débito
14886;2026-07-02;1011;36;15;3;550;0%;1650;Cartão de Crédito
14887;2026-03-15;1467;13;11;3;2900;0%;8700;Pix
14888;2026-01-11;1636;1;10;2;4500;0%;9000;Boleto
14889;2026-07-30;695;25;6;1;310;0%;310;Cartão de Crédito
14890;2026-08-29;202;26;9;1;2200;0%;2200;Cartão de Crédito
14891;2026-04-24;138;20;11;3;190;5%;541,5;Cartão de Crédito
14892;2026-01-21;1065;9;16;1;150;0%;150;Cartão de Débito
14893;2026-04-03;1467;6;17;1;220;5%;209;Boleto
14894;2026-09-09;823;3;1;4;250;0%;1000;Cartão de Crédito
14895;2025-10-16;2303;2;15;1;80;0%;80;Pix
14896;2026-03-28;2485;3;6;2;250;5%;475;Cartão de Crédito
14897;2026-04-28;256;38;9;3;390;0%;1170;Cartão de Crédito
14898;2026-01-12;2095;31;18;1;120;0%;120;Pix
14899;2026-02-28;602;8;17;1;110;10%;99;Boleto
14900;2026-04-30;258;14;12;1;350;0%;350;Boleto
14901;2026-08-31;2121;45;8;1;180;0%;180;Cartão de Crédito
14902;2026-01-28;1092;5;8;2;950;5%;1805;Cartão de Crédito
14903;2025-09-24;539;35;15;5;250;5%;1187,5;Cartão de Crédito
14904;2026-01-12;2250;15;11;1;750;10%;675;Cartão de Crédito
14905;2026-02-18;1108;42;6;1;35;0%;35;Cartão de Crédito
14906;2026-02-02;249;37;5;1;140;0%;140;Cartão de Débito
14907;2026-07-24;1064;31;18;1;120;0%;120;Cartão de Crédito
14908;2025-09-15;1236;15;14;2;750;0%;1500;Cartão de Crédito
14909;2026-06-02;2152;8;13;1;110;0%;110;Cartão de Crédito
14910;2026-09-06;2286;23;2;1;400;5%;380;Pix
14911;2026-06-15;1849;19;13;1;490;0%;490;Boleto
14912;2025-12-23;1045;10;6;1;50;0%;50;Pix
14913;2026-05-19;679;6;10;1;220;0%;220;Pix
14914;2026-04-24;1907;17;4;1;650;0%;650;Cartão de Crédito
14915;2025-11-08;1438;27;15;1;350;0%;350;Pix
14916;2026-06-20;1869;17;7;2;650;10%;1170;Boleto
14917;2026-05-15;2200;19;3;1;490;0%;490;Cartão de Débito
14918;2026-03-05;1666;27;4;3;350;0%;1050;Pix
14919;2026-04-06;643;6;3;1;220;0%;220;Cartão de Débito
14920;2026-05-20;867;5;13;1;950;0%;950;Cartão de Débito
14921;2026-05-12;352;24;8;2;380;0%;760;Pix
14922;2026-06-09;2029;5;7;1;950;0%;950;Cartão de Crédito
14923;2025-10-14;1196;22;1;1;850;0%;850;Cartão de Crédito
14924;2026-09-04;883;28;3;1;420;0%;420;Cartão de Crédito
14925;2026-06-30;481;23;13;2;400;0%;800;Cartão de Crédito
14926;2026-04-17;1702;1;4;3;4500;0%;13500;Cartão de Débito
14927;2026-04-17;695;3;10;1;250;0%;250;Cartão de Crédito
14928;2026-08-23;1627;18;18;1;280;0%;280;Boleto
14929;2026-06-06;2365;27;14;1;350;0%;350;Cartão de Crédito
14930;2026-05-15;1611;25;6;1;310;5%;294,5;Boleto
14931;2025-10-20;2058;7;5;1;320;0%;320;Cartão de Crédito
14932;2025-12-13;1279;4;15;1;1400;0%;1400;Cartão de Crédito
14933;2026-06-30;743;25;5;1;310;0%;310;Cartão de Débito
14934;2026-01-21;2024;15;13;1;750;0%;750;Cartão de Crédito
14935;2026-08-11;2262;7;14;2;320;0%;640;Pix
14936;2026-04-25;174;25;15;2;310;0%;620;Pix
14937;2025-11-03;1608;18;15;2;280;0%;560;Cartão de Crédito
14938;2025-10-29;1097;1;17;1;4500;5%;4275;Cartão de Crédito
14939;2026-08-18;2338;14;12;1;350;5%;332,5;Cartão de Crédito
14940;2026-05-05;2498;18;5;1;280;0%;280;Pix
14941;2026-03-01;1869;25;18;2;310;0%;620;Cartão de Crédito
14942;2026-03-20;707;8;7;4;110;0%;440;Pix
14943;2026-02-20;620;15;17;1;750;0%;750;Cartão de Crédito
14944;2025-10-10;107;4;7;2;1400;0%;2800;Pix
14945;2026-02-08;288;35;8;3;250;5%;712,5;Cartão de Crédito
14946;2026-04-26;980;24;9;3;380;5%;1083;Cartão de Crédito
14947;2026-03-05;1104;14;5;1;350;5%;332,5;Cartão de Crédito
14948;2026-02-05;1960;7;4;3;320;0%;960;Pix
14949;2025-10-15;1417;14;11;1;350;5%;332,5;Boleto
14950;2026-06-04;761;33;6;1;1200;0%;1200;Pix
14951;2025-10-15;2283;8;4;1;110;0%;110;Cartão de Crédito
14952;2026-06-28;1365;16;3;1;520;0%;520;Cartão de Crédito
14953;2026-04-27;378;1;1;1;4500;0%;4500;Cartão de Crédito
14954;2026-04-30;107;38;14;1;390;0%;390;Cartão de Crédito
14955;2026-05-03;1934;6;14;1;220;0%;220;Pix
14956;2026-08-19;2482;2;7;1;80;0%;80;Cartão de Crédito
14957;2025-11-10;859;12;4;1;180;5%;171;Pix
14958;2026-03-31;1220;5;11;3;950;0%;2850;Cartão de Crédito
14959;2026-01-14;2268;12;7;2;180;0%;360;Cartão de Crédito
14960;2025-12-19;1640;28;10;1;420;0%;420;Pix
14961;2025-12-03;1429;27;11;2;350;5%;665;Cartão de Crédito
14962;2025-09-16;914;12;12;1;180;0%;180;Boleto
14963;2026-01-15;996;18;6;2;280;0%;560;Boleto
14964;2025-10-27;136;11;4;1;3800;10%;3420;Cartão de Crédito
14965;2025-12-03;1382;26;10;2;2200;5%;4180;Cartão de Crédito
14966;2026-09-04;1653;1;15;4;4500;0%;18000;Cartão de Crédito
14967;2026-02-26;2441;42;3;1;35;0%;35;Pix
14968;2026-02-08;2373;18;12;1;280;0%;280;Cartão de Crédito
14969;2026-07-01;1840;30;16;1;160;0%;160;Cartão de Crédito
14970;2025-10-03;953;4;4;2;1400;5%;2660;Boleto
14971;2026-09-06;1967;6;1;1;220;0%;220;Cartão de Crédito
14972;2026-03-15;1756;10;18;2;50;0%;100;Cartão de Débito
14973;2026-08-14;516;30;12;1;160;0%;160;Cartão de Crédito
14974;2026-06-21;804;30;6;1;160;0%;160;Cartão de Crédito
14975;2025-10-03;275;28;9;1;420;10%;378;Boleto
14976;2025-12-31;1351;38;10;2;390;0%;780;Cartão de Crédito
14977;2026-03-20;1591;43;7;1;65;5%;61,75;Cartão de Crédito
14978;2026-04-02;1929;3;17;1;250;0%;250;Cartão de Crédito
14979;2026-06-02;944;2;14;3;80;0%;240;Cartão de Crédito
14980;2026-05-26;1776;17;8;1;650;0%;650;Cartão de Crédito
14981;2026-04-14;1231;23;10;1;400;0%;400;Pix
14982;2026-02-17;2374;3;17;2;250;0%;500;Boleto
14983;2025-11-10;125;2;13;2;80;0%;160;Pix
14984;2025-12-20;542;18;14;1;280;0%;280;Cartão de Crédito
14985;2026-04-29;791;5;5;1;950;0%;950;Cartão de Crédito
14986;2026-08-02;112;16;13;1;520;5%;494;Cartão de Crédito
14987;2026-09-10;95;8;9;2;110;0%;220;Cartão de Débito
14988;2025-11-22;2378;3;10;1;250;0%;250;Cartão de Crédito
14989;2025-11-26;2498;8;5;3;110;5%;313,5;Cartão de Crédito
14990;2025-10-21;367;38;6;1;390;0%;390;Cartão de Crédito
14991;2026-01-26;1831;6;9;1;220;0%;220;Pix
14992;2025-12-29;1398;25;2;1;310;0%;310;Boleto
14993;2026-04-20;2467;28;16;1;420;0%;420;Pix
14994;2026-06-16;695;9;2;1;150;0%;150;Cartão de Crédito
14995;2026-07-03;2372;12;7;1;180;10%;162;Cartão de Crédito
14996;2026-05-27;1967;15;5;2;750;0%;1500;Cartão de Crédito
14997;2025-11-11;387;11;5;1;3800;5%;3610;Cartão de Débito
14998;2025-09-21;883;4;17;1;1400;0%;1400;Cartão de Crédito
14999;2025-11-28;2426;42;17;1;35;0%;35;Cartão de Débito
15000;2025-12-19;2407;10;2;1;50;0%;50;Pix
15001;2025-11-04;1512;35;1;2;250;0%;500;Cartão de Crédito
15002;2026-08-19;1506;25;12;1;310;0%;310;Cartão de Crédito
15003;2026-02-11;2008;35;14;1;250;0%;250;Cartão de Crédito
15004;2025-10-22;1781;18;18;1;280;0%;280;Cartão de Crédito
15005;2025-10-13;1591;2;17;2;80;0%;160;Cartão de Crédito
15006;2025-09-29;973;15;2;1;750;0%;750;Cartão de Crédito
15007;2026-02-17;127;43;1;1;65;0%;65;Cartão de Crédito
15008;2026-02-26;1107;13;14;1;2900;0%;2900;Cartão de Crédito
15009;2026-06-05;70;17;3;1;650;0%;650;Pix
15010;2026-09-05;822;4;4;4;1400;10%;5040;Cartão de Crédito
15011;2026-01-30;866;40;8;1;600;0%;600;Cartão de Crédito
15012;2026-04-13;4;9;12;1;150;10%;135;Cartão de Crédito
15013;2026-05-22;1074;11;7;4;3800;0%;15200;Cartão de Crédito
15014;2025-12-16;420;8;4;1;110;0%;110;Cartão de Crédito
15015;2025-11-12;1410;32;9;2;480;0%;960;Pix
15016;2026-07-03;1362;20;5;2;190;0%;380;Cartão de Crédito
15017;2026-07-04;336;9;16;2;150;0%;300;Cartão de Crédito
15018;2026-07-13;442;3;13;1;250;0%;250;Cartão de Crédito
15019;2026-07-27;194;3;3;1;250;0%;250;Boleto
15020;2026-01-10;1554;8;10;1;110;0%;110;Boleto
15021;2025-10-15;2008;4;14;1;1400;0%;1400;Cartão de Crédito
15022;2026-02-21;2331;8;5;1;110;0%;110;Pix
15023;2025-09-21;1510;26;10;1;2200;0%;2200;Cartão de Crédito
15024;2026-06-16;836;14;13;1;350;0%;350;Pix
15025;2025-09-24;2335;14;1;4;350;0%;1400;Cartão de Crédito
15026;2025-10-20;1723;39;17;3;290;5%;826,5;Cartão de Crédito
15027;2025-09-18;440;1;3;3;4500;0%;13500;Pix
15028;2026-03-05;888;28;14;2;420;0%;840;Boleto
15029;2025-09-21;1577;29;10;1;380;0%;380;Cartão de Crédito
15030;2025-12-28;2493;38;10;1;390;10%;351;Cartão de Crédito
15031;2026-03-17;802;10;9;1;50;0%;50;Cartão de Crédito
15032;2026-07-20;2019;6;7;1;220;0%;220;Cartão de Crédito
15033;2025-11-15;241;10;1;1;50;5%;47,5;Pix
15034;2026-07-07;1696;4;2;2;1400;0%;2800;Cartão de Débito
15035;2025-11-10;1523;12;7;1;180;5%;171;Cartão de Crédito
15036;2026-03-02;826;7;1;1;320;0%;320;Cartão de Crédito
15037;2026-03-14;903;14;6;1;350;0%;350;Cartão de Débito
15038;2026-03-07;1770;13;6;1;2900;0%;2900;Pix
15039;2026-02-16;2297;6;18;1;220;0%;220;Pix
15040;2026-06-26;2210;30;1;4;160;0%;640;Pix
15041;2026-02-12;2441;3;16;1;250;0%;250;Boleto
15042;2025-10-04;1085;20;14;2;190;0%;380;Cartão de Crédito
15043;2026-01-31;2259;44;11;1;55;0%;55;Pix
15044;2026-02-24;1460;22;4;2;850;0%;1700;Cartão de Crédito
15045;2026-08-27;1657;35;7;1;250;0%;250;Boleto
15046;2025-12-04;1159;29;2;2;380;0%;760;Cartão de Crédito
15047;2026-03-01;1846;33;10;1;1200;5%;1140;Cartão de Crédito
15048;2025-11-02;330;33;7;1;1200;0%;1200;Cartão de Débito
15049;2026-03-20;816;39;4;1;290;0%;290;Cartão de Crédito
15050;2026-07-29;7;36;8;1;550;0%;550;Pix
15051;2026-06-01;2373;40;3;1;600;0%;600;Cartão de Crédito
15052;2026-09-02;1624;20;13;1;190;0%;190;Cartão de Crédito
15053;2026-05-24;1805;12;1;2;180;0%;360;Cartão de Crédito
15054;2026-07-28;1476;1;5;1;4500;5%;4275;Cartão de Crédito
15055;2025-10-19;2079;2;11;2;80;0%;160;Boleto
15056;2026-08-24;2066;6;13;1;220;0%;220;Boleto
15057;2026-06-10;176;43;9;1;65;0%;65;Cartão de Crédito
15058;2026-09-02;775;2;9;1;80;0%;80;Pix
15059;2025-11-24;2417;18;1;2;280;5%;532;Pix
15060;2025-09-28;2109;13;17;1;2900;0%;2900;Cartão de Crédito
15061;2026-07-09;586;18;11;2;280;0%;560;Pix
15062;2026-06-15;1329;13;16;1;2900;0%;2900;Cartão de Crédito
15063;2026-06-02;819;11;18;2;3800;0%;7600;Cartão de Débito
15064;2025-10-05;786;7;16;1;320;0%;320;Cartão de Crédito
15065;2025-09-24;878;9;15;2;150;0%;300;Pix
15066;2026-05-11;845;21;3;1;1600;0%;1600;Cartão de Crédito
15067;2025-11-29;212;10;12;1;50;5%;47,5;Cartão de Crédito
15068;2026-06-21;2274;13;14;1;2900;0%;2900;Pix
15069;2026-06-29;1253;8;17;1;110;0%;110;Cartão de Crédito
15070;2026-03-12;841;19;2;1;490;5%;465,5;Cartão de Crédito
15071;2026-05-03;1033;29;17;1;380;0%;380;Cartão de Crédito
15072;2026-05-04;2258;21;3;1;1600;0%;1600;Cartão de Crédito
15073;2025-12-17;1050;17;1;1;650;0%;650;Pix
15074;2026-07-12;1430;2;4;1;80;0%;80;Boleto
15075;2026-01-30;59;28;11;2;420;5%;798;Pix
15076;2025-10-11;295;23;18;2;400;0%;800;Cartão de Débito
15077;2025-11-02;995;7;13;1;320;0%;320;Boleto
15078;2025-10-20;2025;2;2;1;80;0%;80;Boleto
15079;2025-09-13;153;31;9;1;120;5%;114;Boleto
15080;2026-06-02;1466;25;10;1;310;0%;310;Cartão de Crédito
15081;2026-08-14;448;1;5;1;4500;0%;4500;Cartão de Crédito
15082;2026-08-27;788;35;9;1;250;0%;250;Pix
15083;2026-05-29;425;13;1;1;2900;0%;2900;Cartão de Crédito
15084;2026-07-07;1165;6;11;1;220;0%;220;Cartão de Crédito
15085;2025-12-05;1304;31;11;1;120;5%;114;Cartão de Crédito
15086;2026-01-17;2344;43;13;1;65;5%;61,75;Cartão de Crédito
15087;2025-11-25;1324;3;12;1;250;0%;250;Cartão de Crédito
15088;2026-04-20;321;29;9;1;380;5%;361;Cartão de Crédito
15089;2026-01-27;415;33;5;1;1200;0%;1200;Boleto
15090;2026-08-17;2311;37;18;1;140;0%;140;Cartão de Crédito
15091;2026-04-28;251;35;3;1;250;0%;250;Cartão de Crédito
15092;2025-10-11;782;32;5;1;480;0%;480;Cartão de Crédito
15093;2025-11-13;1366;7;5;1;320;0%;320;Cartão de Crédito
15094;2026-07-10;1048;26;4;2;2200;0%;4400;Cartão de Crédito
15095;2026-05-24;1767;20;4;2;190;5%;361;Cartão de Crédito
15096;2025-11-07;395;22;10;1;850;0%;850;Cartão de Débito
15097;2026-06-02;960;28;6;2;420;0%;840;Cartão de Crédito
15098;2026-01-18;155;23;13;1;400;0%;400;Pix
15099;2026-03-06;556;9;14;2;150;0%;300;Boleto
15100;2025-10-21;540;8;4;1;110;0%;110;Pix
15101;2026-03-29;1692;12;10;5;180;5%;855;Cartão de Crédito
15102;2026-06-03;361;5;2;2;950;0%;1900;Boleto
15103;2025-09-12;316;4;3;1;1400;0%;1400;Cartão de Crédito
15104;2025-12-05;849;37;8;1;140;0%;140;Cartão de Crédito
15105;2026-09-03;94;4;4;5;1400;5%;6650;Cartão de Crédito
15106;2026-04-14;1863;17;13;1;650;0%;650;Pix
15107;2026-03-03;1511;9;13;1;150;0%;150;Boleto
15108;2026-08-11;1904;8;8;2;110;0%;220;Pix
15109;2025-12-16;907;18;18;1;280;0%;280;Cartão de Crédito
15110;2026-08-09;788;22;13;1;850;10%;765;Cartão de Crédito
15111;2026-05-28;1260;5;4;1;950;0%;950;Cartão de Crédito
15112;2026-02-09;987;5;10;1;950;0%;950;Pix
15113;2026-02-03;1611;15;6;2;750;0%;1500;Cartão de Crédito
15114;2025-12-10;2070;1;1;2;4500;0%;9000;Cartão de Crédito
15115;2026-05-19;1081;24;2;2;380;0%;760;Cartão de Crédito
15116;2026-02-19;819;25;17;2;310;0%;620;Cartão de Crédito
15117;2026-08-23;2341;24;1;1;380;0%;380;Cartão de Crédito
15118;2026-03-06;1505;16;1;1;520;0%;520;Boleto
15119;2026-07-23;1108;2;6;1;80;0%;80;Boleto
15120;2026-06-07;282;3;14;3;250;0%;750;Pix
15121;2026-06-17;948;18;13;1;280;0%;280;Pix
15122;2025-11-29;1358;9;15;3;150;0%;450;Cartão de Crédito
15123;2026-05-21;734;23;3;1;400;10%;360;Boleto
15124;2025-09-25;2056;15;16;1;750;0%;750;Pix
15125;2025-12-15;1913;20;10;1;190;0%;190;Pix
15126;2025-11-13;207;25;12;1;310;0%;310;Cartão de Crédito
15127;2026-07-07;326;24;12;1;380;5%;361;Cartão de Crédito
15128;2026-05-05;2346;5;17;1;950;10%;855;Pix
15129;2025-10-25;1529;4;11;1;1400;0%;1400;Pix
15130;2026-03-03;374;12;18;3;180;10%;486;Cartão de Crédito
15131;2026-02-18;2429;35;12;1;250;0%;250;Boleto
15132;2026-03-19;686;17;14;3;650;0%;1950;Pix
15133;2026-01-21;1011;29;11;1;380;0%;380;Boleto
15134;2025-11-22;565;28;4;3;420;0%;1260;Pix
15135;2026-05-17;813;43;5;1;65;0%;65;Boleto
15136;2026-06-21;1252;19;5;1;490;0%;490;Pix
15137;2026-01-25;2149;11;16;1;3800;0%;3800;Cartão de Crédito
15138;2026-08-07;703;14;18;1;350;5%;332,5;Cartão de Débito
15139;2025-10-12;664;5;1;1;950;0%;950;Pix
15140;2025-11-30;312;7;15;1;320;0%;320;Cartão de Crédito
15141;2025-12-09;1573;8;11;1;110;5%;104,5;Pix
15142;2025-11-05;1000;10;9;1;50;0%;50;Cartão de Crédito
15143;2025-11-25;135;12;10;2;180;0%;360;Cartão de Crédito
15144;2026-07-29;1375;34;16;1;890;0%;890;Cartão de Débito
15145;2026-06-03;456;20;8;2;190;0%;380;Pix
15146;2025-11-05;1192;2;12;3;80;0%;240;Cartão de Crédito
15147;2026-03-25;562;21;12;2;1600;5%;3040;Cartão de Crédito
15148;2026-01-06;249;2;7;3;80;0%;240;Cartão de Crédito
15149;2025-10-12;568;5;9;1;950;0%;950;Pix
15150;2025-10-15;900;19;1;3;490;0%;1470;Cartão de Crédito
15151;2025-09-19;474;28;4;1;420;0%;420;Pix
15152;2025-12-28;270;13;10;1;2900;0%;2900;Pix
15153;2026-04-17;1239;6;10;1;220;5%;209;Pix
15154;2025-12-15;343;10;10;2;50;0%;100;Cartão de Crédito
15155;2026-01-17;1905;13;16;1;2900;0%;2900;Cartão de Crédito
15156;2026-05-27;114;22;12;1;850;0%;850;Cartão de Crédito
15157;2026-03-02;566;26;5;2;2200;5%;4180;Pix
15158;2026-05-14;1943;34;1;1;890;0%;890;Pix
15159;2026-08-16;520;22;14;1;850;5%;807,5;Pix
15160;2025-10-09;1253;45;15;1;180;0%;180;Cartão de Crédito
15161;2026-04-04;1938;23;17;3;400;0%;1200;Pix
15162;2026-04-30;753;3;12;1;250;0%;250;Cartão de Crédito
15163;2026-04-06;2424;13;14;1;2900;0%;2900;Cartão de Crédito
15164;2026-08-09;1253;11;3;1;3800;0%;3800;Cartão de Crédito
15165;2025-10-14;868;10;12;1;50;0%;50;Boleto
15166;2025-09-19;1835;42;14;1;35;10%;31,5;Pix
15167;2026-02-07;1558;30;15;1;160;5%;152;Pix
15168;2025-12-06;1832;1;13;1;4500;0%;4500;Cartão de Crédito
15169;2025-12-18;892;17;14;1;650;0%;650;Pix
15170;2026-05-29;108;3;2;1;250;0%;250;Cartão de Crédito
15171;2026-04-26;464;12;4;2;180;0%;360;Pix
15172;2026-07-24;1158;1;16;2;4500;5%;8550;Cartão de Crédito
15173;2026-02-19;196;28;12;1;420;0%;420;Cartão de Crédito
15174;2026-08-03;754;14;5;2;350;0%;700;Pix
15175;2025-10-05;390;21;3;1;1600;0%;1600;Pix
15176;2025-11-24;1981;20;1;1;190;0%;190;Cartão de Débito
15177;2026-02-03;584;5;5;1;950;0%;950;Cartão de Crédito
15178;2026-09-05;1513;38;8;1;390;0%;390;Cartão de Crédito
15179;2026-01-10;567;6;7;1;220;0%;220;Boleto
15180;2026-06-21;352;22;10;1;850;0%;850;Pix
15181;2026-01-08;870;7;4;1;320;0%;320;Cartão de Crédito
15182;2026-04-08;305;13;14;4;2900;0%;11600;Cartão de Débito
15183;2026-04-07;1932;35;10;1;250;0%;250;Pix
15184;2026-08-25;1260;4;14;2;1400;0%;2800;Cartão de Crédito
15185;2026-07-07;1993;3;2;3;250;10%;675;Cartão de Crédito
15186;2026-05-19;469;23;4;2;400;5%;760;Cartão de Crédito
15187;2026-07-18;2159;33;11;1;1200;10%;1080;Cartão de Crédito
15188;2025-10-16;451;8;4;1;110;0%;110;Pix
15189;2026-03-20;2024;14;18;2;350;0%;700;Pix
15190;2026-05-02;526;38;8;2;390;0%;780;Cartão de Crédito
15191;2026-07-07;246;30;7;1;160;0%;160;Pix
15192;2026-05-23;482;1;11;1;4500;10%;4050;Boleto
15193;2026-08-09;1512;15;17;1;750;5%;712,5;Cartão de Crédito
15194;2026-04-05;43;1;6;2;4500;5%;8550;Pix
15195;2026-04-05;1235;25;5;1;310;0%;310;Cartão de Crédito
15196;2025-12-28;1652;21;6;1;1600;0%;1600;Cartão de Crédito
15197;2026-02-13;1389;23;17;1;400;5%;380;Cartão de Crédito
15198;2026-06-14;1170;21;13;1;1600;0%;1600;Pix
15199;2026-07-06;846;18;15;1;280;0%;280;Cartão de Crédito
15200;2025-10-17;1152;30;15;2;160;0%;320;Pix
15201;2026-08-09;2259;30;16;1;160;0%;160;Cartão de Crédito
15202;2026-03-08;106;14;17;3;350;0%;1050;Boleto
15203;2026-08-21;95;19;12;2;490;0%;980;Boleto
15204;2026-08-08;1883;36;3;1;550;0%;550;Pix
15205;2025-10-16;2039;5;17;1;950;0%;950;Pix
15206;2026-01-22;1257;23;9;2;400;10%;720;Cartão de Débito
15207;2025-10-07;248;6;5;1;220;0%;220;Boleto
15208;2026-05-19;1067;11;17;1;3800;0%;3800;Pix
15209;2026-07-17;1047;19;6;4;490;10%;1764;Cartão de Crédito
15210;2026-01-31;1257;11;8;2;3800;5%;7220;Cartão de Débito
15211;2026-04-26;2489;27;7;1;350;10%;315;Cartão de Crédito
15212;2026-04-07;1597;37;14;1;140;0%;140;Boleto
15213;2025-10-08;1174;27;10;1;350;0%;350;Cartão de Crédito
15214;2026-06-14;1628;13;15;2;2900;0%;5800;Cartão de Débito
15215;2025-11-10;490;6;18;1;220;0%;220;Pix
15216;2026-06-07;312;26;14;5;2200;0%;11000;Cartão de Crédito
15217;2025-10-16;2155;23;6;3;400;0%;1200;Cartão de Crédito
15218;2026-05-20;1805;41;8;1;45;0%;45;Cartão de Crédito
15219;2026-02-10;1825;6;15;1;220;0%;220;Cartão de Crédito
15220;2026-02-06;2409;33;14;1;1200;10%;1080;Cartão de Crédito
15221;2026-04-24;2122;29;10;1;380;0%;380;Cartão de Crédito
15222;2026-03-22;514;9;15;1;150;0%;150;Cartão de Débito
15223;2026-01-10;993;3;4;1;250;0%;250;Cartão de Crédito
15224;2026-08-05;2116;25;17;1;310;0%;310;Cartão de Débito
15225;2025-11-04;1302;32;14;2;480;0%;960;Cartão de Crédito
15226;2026-05-23;1340;15;10;1;750;0%;750;Cartão de Débito
15227;2025-11-12;875;8;11;2;110;5%;209;Pix
15228;2026-01-31;1442;11;11;1;3800;0%;3800;Cartão de Crédito
15229;2026-08-16;1795;16;15;1;520;0%;520;Cartão de Crédito
15230;2026-08-04;123;10;15;1;50;0%;50;Cartão de Crédito
15231;2026-07-16;250;2;16;1;80;0%;80;Boleto
15232;2026-04-26;227;14;10;1;350;0%;350;Pix
15233;2026-08-01;1529;9;11;3;150;0%;450;Pix
15234;2025-12-28;110;41;1;1;45;0%;45;Cartão de Crédito
15235;2025-10-18;1987;12;7;1;180;0%;180;Pix
15236;2025-11-04;1074;10;4;1;50;0%;50;Pix
15237;2025-11-28;1929;1;6;1;4500;0%;4500;Cartão de Crédito
15238;2026-03-10;2408;16;6;3;520;0%;1560;Cartão de Débito
15239;2025-11-06;752;28;18;1;420;0%;420;Cartão de Crédito
15240;2026-03-13;1565;35;15;1;250;0%;250;Cartão de Crédito
15241;2026-08-31;521;9;9;1;150;0%;150;Cartão de Crédito
15242;2025-10-08;1503;18;12;1;280;0%;280;Cartão de Crédito
15243;2026-03-06;666;5;11;1;950;0%;950;Cartão de Crédito
15244;2025-11-04;2041;28;16;1;420;0%;420;Cartão de Crédito
15245;2026-02-06;2179;15;12;5;750;0%;3750;Boleto
15246;2026-04-20;1314;39;5;1;290;0%;290;Boleto
15247;2026-08-10;1653;40;10;1;600;0%;600;Cartão de Crédito
15248;2025-11-30;1105;13;7;2;2900;0%;5800;Pix
15249;2026-04-24;1261;11;5;2;3800;5%;7220;Pix
15250;2026-05-28;554;2;5;1;80;0%;80;Boleto
15251;2025-09-24;758;9;5;2;150;0%;300;Pix
15252;2025-10-08;1128;12;3;1;180;0%;180;Cartão de Crédito
15253;2025-09-13;1714;12;10;1;180;0%;180;Pix
15254;2026-07-01;1663;24;2;2;380;0%;760;Boleto
15255;2026-05-04;664;38;13;1;390;10%;351;Cartão de Crédito
15256;2026-03-05;641;12;2;3;180;0%;540;Cartão de Crédito
15257;2026-08-29;438;25;9;1;310;10%;279;Pix
15258;2026-06-01;1890;36;14;2;550;0%;1100;Cartão de Crédito
15259;2025-10-06;1685;20;15;2;190;0%;380;Pix
15260;2026-01-08;1799;5;6;1;950;0%;950;Cartão de Crédito
15261;2026-03-22;138;21;2;2;1600;0%;3200;Cartão de Crédito
15262;2026-07-02;978;8;6;1;110;0%;110;Cartão de Crédito
15263;2025-11-11;2347;37;11;1;140;5%;133;Pix
15264;2026-03-30;800;22;6;1;850;0%;850;Cartão de Crédito
15265;2025-10-12;1534;3;1;1;250;0%;250;Pix
15266;2026-04-16;1423;4;2;1;1400;0%;1400;Pix
15267;2026-04-03;2328;29;13;1;380;0%;380;Cartão de Crédito
15268;2026-07-30;465;1;11;5;4500;0%;22500;Cartão de Crédito
15269;2026-06-15;2130;4;9;1;1400;0%;1400;Cartão de Crédito
15270;2026-01-29;1439;23;5;5;400;5%;1900;Cartão de Crédito
15271;2026-01-01;1626;12;9;1;180;5%;171;Cartão de Crédito
15272;2026-07-06;1083;2;3;3;80;5%;228;Cartão de Crédito
15273;2025-11-03;112;45;2;1;180;5%;171;Boleto
15274;2026-08-24;699;41;2;1;45;0%;45;Boleto
15275;2026-06-14;2334;29;13;2;380;0%;760;Pix
15276;2026-05-21;1655;25;2;1;310;0%;310;Pix
15277;2026-02-11;240;37;14;1;140;0%;140;Pix
15278;2025-11-24;1004;34;6;1;890;0%;890;Boleto
15279;2025-10-31;1486;6;4;2;220;5%;418;Cartão de Crédito
15280;2026-09-03;1910;10;11;1;50;10%;45;Pix
15281;2025-11-14;2468;10;13;3;50;0%;150;Pix
15282;2026-05-12;2418;26;6;1;2200;0%;2200;Cartão de Crédito
15283;2026-07-04;1671;15;1;1;750;0%;750;Cartão de Débito
15284;2026-03-03;2143;31;14;3;120;0%;360;Cartão de Crédito
15285;2026-03-12;960;26;3;1;2200;5%;2090;Boleto
15286;2026-01-28;868;45;9;1;180;0%;180;Boleto
15287;2025-12-12;736;24;2;1;380;0%;380;Boleto
15288;2026-05-23;192;33;10;1;1200;0%;1200;Boleto
15289;2026-01-01;323;23;2;5;400;10%;1800;Cartão de Crédito
15290;2026-05-03;1874;5;6;2;950;0%;1900;Pix
15291;2025-12-05;588;24;18;2;380;0%;760;Cartão de Débito
15292;2026-05-08;1040;22;11;1;850;5%;807,5;Boleto
15293;2026-05-29;2321;20;7;2;190;0%;380;Cartão de Crédito
15294;2026-04-04;1994;25;10;1;310;0%;310;Pix
15295;2025-12-05;2215;18;13;2;280;0%;560;Boleto
15296;2025-09-28;337;8;16;3;110;0%;330;Pix
15297;2026-03-31;1930;13;17;1;2900;0%;2900;Pix
15298;2026-04-30;875;5;17;1;950;0%;950;Cartão de Crédito
15299;2026-06-03;235;22;4;2;850;0%;1700;Pix
15300;2025-11-04;262;15;7;1;750;0%;750;Pix
15301;2025-09-28;1434;22;6;1;850;0%;850;Cartão de Crédito
15302;2026-08-29;2378;19;5;2;490;0%;980;Cartão de Crédito
15303;2025-12-27;2170;9;8;1;150;0%;150;Cartão de Crédito
15304;2026-03-17;674;3;5;2;250;5%;475;Boleto
15305;2025-12-28;1907;37;16;4;140;10%;504;Boleto
15306;2026-03-02;182;14;9;1;350;0%;350;Pix
15307;2026-02-05;2148;38;1;1;390;10%;351;Cartão de Crédito
15308;2026-04-03;992;15;6;1;750;0%;750;Pix
15309;2026-01-25;1142;36;18;3;550;0%;1650;Cartão de Crédito
15310;2026-08-26;2497;24;13;2;380;0%;760;Cartão de Débito
15311;2026-06-20;1026;17;14;1;650;10%;585;Pix
15312;2025-09-29;1142;5;4;1;950;0%;950;Cartão de Crédito
15313;2026-09-12;694;17;14;1;650;5%;617,5;Cartão de Crédito
15314;2025-11-04;1623;5;12;1;950;0%;950;Cartão de Débito
15315;2026-02-25;1274;26;5;3;2200;0%;6600;Cartão de Crédito
15316;2026-05-09;2399;23;8;2;400;0%;800;Cartão de Crédito
15317;2025-12-21;2409;17;16;1;650;5%;617,5;Cartão de Crédito
15318;2025-10-10;542;7;4;1;320;10%;288;Cartão de Crédito
15319;2026-02-11;1561;8;3;1;110;5%;104,5;Cartão de Crédito
15320;2026-03-28;143;6;10;1;220;0%;220;Cartão de Crédito
15321;2026-05-12;1557;26;3;1;2200;5%;2090;Cartão de Crédito
15322;2025-10-07;610;22;14;1;850;0%;850;Pix
15323;2026-08-16;1503;40;9;1;600;0%;600;Cartão de Crédito
15324;2026-02-09;339;39;2;1;290;5%;275,5;Boleto
15325;2026-01-25;813;24;16;1;380;0%;380;Cartão de Débito
15326;2026-05-08;136;19;6;1;490;0%;490;Pix
15327;2026-07-25;1698;19;15;2;490;0%;980;Cartão de Crédito
15328;2025-09-28;1353;37;1;2;140;0%;280;Cartão de Crédito
15329;2025-12-26;1317;12;14;2;180;0%;360;Cartão de Crédito
15330;2025-12-07;974;11;15;1;3800;0%;3800;Cartão de Débito
15331;2025-12-16;1124;30;13;2;160;0%;320;Cartão de Crédito
15332;2026-08-19;1100;42;11;1;35;0%;35;Cartão de Crédito
15333;2026-04-03;40;8;10;1;110;0%;110;Cartão de Crédito
15334;2026-06-14;1464;10;3;1;50;0%;50;Pix
15335;2025-10-25;2397;9;2;1;150;0%;150;Cartão de Crédito
15336;2026-04-07;1312;5;13;2;950;0%;1900;Cartão de Crédito
15337;2026-01-10;721;41;6;1;45;0%;45;Cartão de Crédito
15338;2026-08-22;1656;13;16;1;2900;0%;2900;Cartão de Crédito
15339;2026-07-18;292;2;4;2;80;0%;160;Cartão de Crédito
15340;2025-10-21;2013;30;17;1;160;0%;160;Cartão de Crédito
15341;2026-03-03;468;12;6;1;180;0%;180;Cartão de Débito
15342;2026-03-08;2469;42;6;1;35;0%;35;Pix
15343;2026-08-26;1861;31;6;1;120;0%;120;Pix
15344;2026-07-06;317;20;13;1;190;0%;190;Pix
15345;2026-07-14;1193;18;5;1;280;0%;280;Cartão de Crédito
15346;2025-11-25;536;41;5;1;45;5%;42,75;Cartão de Crédito
15347;2026-03-09;1011;35;18;3;250;0%;750;Pix
15348;2026-01-21;290;17;18;2;650;0%;1300;Pix
15349;2026-04-26;1354;5;16;1;950;5%;902,5;Cartão de Crédito
15350;2026-03-30;355;9;16;2;150;0%;300;Pix
15351;2026-04-07;1534;36;16;2;550;5%;1045;Pix
15352;2025-12-03;655;18;9;1;280;0%;280;Cartão de Crédito
15353;2026-03-17;2134;10;17;1;50;0%;50;Cartão de Crédito
15354;2026-01-10;1786;3;14;1;250;0%;250;Cartão de Crédito
15355;2025-09-19;2047;3;18;1;250;0%;250;Cartão de Crédito
15356;2025-12-31;963;4;10;3;1400;0%;4200;Cartão de Crédito
15357;2025-10-06;2105;13;7;1;2900;0%;2900;Cartão de Crédito
15358;2025-12-20;1933;33;17;2;1200;0%;2400;Cartão de Crédito
15359;2026-01-01;1608;10;4;1;50;5%;47,5;Cartão de Débito
15360;2026-03-11;2361;28;6;1;420;0%;420;Pix
15361;2026-03-30;1699;3;17;1;250;0%;250;Pix
15362;2026-04-07;1567;24;17;4;380;0%;1520;Cartão de Débito
15363;2025-09-24;2221;5;1;1;950;0%;950;Cartão de Crédito
15364;2026-05-16;2412;14;12;3;350;0%;1050;Cartão de Crédito
15365;2026-04-13;1376;12;8;1;180;0%;180;Pix
15366;2025-10-08;104;5;2;1;950;0%;950;Cartão de Crédito
15367;2025-12-16;587;6;16;3;220;0%;660;Cartão de Crédito
15368;2026-03-17;56;32;7;1;480;0%;480;Cartão de Crédito
15369;2026-09-01;1676;7;1;1;320;0%;320;Pix
15370;2026-02-02;1927;11;1;1;3800;0%;3800;Pix
15371;2026-07-25;637;12;18;1;180;5%;171;Pix
15372;2025-09-30;962;12;8;1;180;10%;162;Pix
15373;2026-05-01;357;3;9;2;250;5%;475;Pix
15374;2025-11-23;457;12;7;1;180;0%;180;Pix
15375;2026-05-11;1183;16;15;2;520;0%;1040;Cartão de Crédito
15376;2025-12-11;2044;12;8;1;180;0%;180;Cartão de Crédito
15377;2026-07-05;719;8;5;4;110;0%;440;Boleto
15378;2026-08-28;1670;18;17;1;280;0%;280;Cartão de Crédito
15379;2026-07-27;1141;12;11;1;180;0%;180;Cartão de Crédito
15380;2026-01-23;647;4;16;2;1400;0%;2800;Cartão de Crédito
15381;2026-04-13;516;30;8;2;160;0%;320;Boleto
15382;2026-01-16;1619;17;17;1;650;0%;650;Cartão de Crédito
15383;2025-12-30;579;37;10;3;140;0%;420;Pix
15384;2025-09-27;1931;41;6;1;45;0%;45;Cartão de Crédito
15385;2026-06-02;351;7;12;2;320;0%;640;Pix
15386;2026-07-22;2058;19;4;1;490;0%;490;Cartão de Crédito
15387;2026-07-31;1706;20;3;1;190;0%;190;Pix
15388;2026-08-18;2053;40;1;1;600;0%;600;Cartão de Crédito
15389;2026-07-10;2074;6;1;5;220;0%;1100;Cartão de Crédito
15390;2026-07-16;2189;16;18;2;520;10%;936;Cartão de Crédito
15391;2025-10-13;1077;25;1;2;310;0%;620;Cartão de Crédito
15392;2026-07-28;852;11;8;1;3800;0%;3800;Pix
15393;2026-04-01;725;27;15;1;350;0%;350;Cartão de Crédito
15394;2025-11-26;1101;3;10;1;250;0%;250;Pix
15395;2026-02-27;521;42;6;1;35;0%;35;Pix
15396;2026-05-17;1473;2;9;2;80;5%;152;Cartão de Débito
15397;2025-11-20;1597;14;16;1;350;5%;332,5;Cartão de Crédito
15398;2026-01-09;549;2;16;2;80;0%;160;Cartão de Crédito
15399;2025-12-12;760;34;5;1;890;0%;890;Pix
15400;2025-11-03;1292;2;12;1;80;0%;80;Pix
15401;2026-01-11;599;14;11;3;350;0%;1050;Cartão de Débito
15402;2025-10-07;395;8;13;1;110;0%;110;Pix
15403;2026-07-25;2370;7;7;1;320;5%;304;Pix
15404;2025-12-16;2322;9;15;1;150;5%;142,5;Cartão de Crédito
15405;2026-01-19;1481;4;4;1;1400;0%;1400;Cartão de Crédito
15406;2025-10-25;1617;9;11;2;150;10%;270;Cartão de Crédito
15407;2026-09-06;281;12;14;2;180;5%;342;Cartão de Débito
15408;2025-09-14;2240;16;13;1;520;0%;520;Pix
15409;2025-12-09;1214;13;11;2;2900;0%;5800;Cartão de Crédito
15410;2025-11-05;921;10;7;1;50;0%;50;Cartão de Crédito
15411;2026-07-06;1742;10;14;3;50;0%;150;Cartão de Crédito
15412;2025-09-14;1397;28;15;4;420;0%;1680;Pix
15413;2026-02-24;611;41;13;2;45;5%;85,5;Cartão de Crédito
15414;2026-04-02;1249;25;16;1;310;10%;279;Cartão de Crédito
15415;2025-10-15;383;16;17;1;520;0%;520;Cartão de Crédito
15416;2025-10-25;870;42;5;1;35;5%;33,25;Pix
15417;2026-08-15;16;35;15;1;250;0%;250;Cartão de Crédito
15418;2025-11-30;792;19;4;4;490;0%;1960;Cartão de Débito
15419;2026-07-07;358;35;18;4;250;0%;1000;Cartão de Crédito
15420;2026-01-24;1637;20;11;1;190;10%;171;Cartão de Débito
15421;2026-03-17;223;3;14;3;250;0%;750;Boleto
15422;2026-01-01;1773;7;17;1;320;0%;320;Cartão de Crédito
15423;2026-03-05;260;5;13;3;950;0%;2850;Cartão de Débito
15424;2026-05-04;1723;29;12;5;380;5%;1805;Cartão de Débito
15425;2026-03-12;2378;22;3;3;850;0%;2550;Pix
15426;2026-07-14;1553;35;14;1;250;0%;250;Boleto
15427;2026-07-08;1814;20;13;1;190;0%;190;Pix
15428;2025-10-13;753;33;5;1;1200;0%;1200;Cartão de Crédito
15429;2025-12-22;1550;42;9;3;35;0%;105;Cartão de Crédito
15430;2026-02-15;2344;28;12;1;420;0%;420;Pix
15431;2026-08-29;427;18;10;2;280;0%;560;Pix
15432;2026-01-10;1845;34;1;2;890;10%;1602;Pix
15433;2026-01-27;808;1;9;1;4500;0%;4500;Cartão de Crédito
15434;2025-11-30;1216;4;4;1;1400;10%;1260;Cartão de Crédito
15435;2026-04-14;637;41;14;1;45;0%;45;Cartão de Crédito
15436;2025-12-22;491;5;16;2;950;5%;1805;Pix
15437;2026-05-09;1923;28;9;1;420;0%;420;Pix
15438;2026-09-09;1120;8;5;2;110;0%;220;Cartão de Débito
15439;2025-12-13;595;19;4;1;490;0%;490;Cartão de Crédito
15440;2025-12-16;1236;8;5;1;110;0%;110;Pix
15441;2026-08-08;442;19;16;1;490;0%;490;Cartão de Crédito
15442;2025-12-19;2103;12;3;2;180;10%;324;Cartão de Débito
15443;2026-08-20;2361;11;1;2;3800;5%;7220;Cartão de Débito
15444;2026-01-09;1055;21;15;1;1600;0%;1600;Cartão de Crédito
15445;2025-12-25;426;21;15;1;1600;0%;1600;Cartão de Crédito
15446;2026-02-26;414;14;2;2;350;0%;700;Pix
15447;2026-08-16;724;6;12;1;220;0%;220;Cartão de Crédito
15448;2026-06-15;969;6;18;2;220;0%;440;Cartão de Crédito
15449;2026-02-26;61;26;17;2;2200;0%;4400;Pix
15450;2025-12-26;964;29;6;1;380;0%;380;Boleto
15451;2026-05-12;415;45;1;3;180;5%;513;Cartão de Crédito
15452;2026-02-11;1287;3;7;1;250;0%;250;Cartão de Crédito
15453;2026-02-24;359;18;7;1;280;5%;266;Cartão de Crédito
15454;2026-02-21;1747;13;7;1;2900;5%;2755;Cartão de Débito
15455;2026-08-22;1208;3;8;1;250;0%;250;Pix
15456;2025-10-15;1801;30;3;1;160;0%;160;Pix
15457;2026-07-18;265;28;13;2;420;0%;840;Cartão de Crédito
15458;2026-01-07;802;20;12;1;190;10%;171;Pix
15459;2026-01-23;1828;18;3;1;280;0%;280;Cartão de Crédito
15460;2026-09-06;1469;2;9;1;80;0%;80;Pix
15461;2025-12-29;996;31;17;2;120;0%;240;Cartão de Crédito
15462;2025-12-06;1326;10;10;1;50;0%;50;Pix
15463;2025-11-06;1986;12;14;1;180;0%;180;Cartão de Crédito
15464;2026-06-17;2341;6;5;2;220;0%;440;Cartão de Crédito
15465;2026-08-30;603;8;2;1;110;0%;110;Cartão de Crédito
15466;2026-04-03;2210;9;5;2;150;0%;300;Pix
15467;2026-06-30;2425;13;9;2;2900;0%;5800;Cartão de Crédito
15468;2026-03-05;2258;23;2;1;400;0%;400;Pix
15469;2025-12-09;2099;33;10;1;1200;5%;1140;Cartão de Crédito
15470;2026-03-08;1888;25;4;1;310;0%;310;Pix
15471;2026-08-23;2281;5;14;3;950;0%;2850;Cartão de Crédito
15472;2026-07-02;410;2;17;1;80;0%;80;Pix
15473;2025-10-25;1750;22;6;1;850;0%;850;Cartão de Crédito
15474;2026-03-20;1202;5;7;1;950;0%;950;Pix
15475;2025-11-05;1239;5;11;1;950;5%;902,5;Cartão de Crédito
15476;2026-01-17;1714;5;11;2;950;0%;1900;Pix
15477;2025-11-02;821;22;7;2;850;0%;1700;Cartão de Crédito
15478;2026-06-03;1777;9;4;4;150;0%;600;Cartão de Crédito
15479;2026-01-04;1697;4;15;1;1400;0%;1400;Pix
15480;2026-09-01;1192;45;13;1;180;0%;180;Pix
15481;2025-10-23;1766;19;4;1;490;0%;490;Pix
15482;2026-04-19;45;4;11;3;1400;0%;4200;Pix
15483;2026-01-29;988;38;8;1;390;0%;390;Cartão de Crédito
15484;2026-05-01;82;16;16;3;520;0%;1560;Pix
15485;2026-08-20;971;7;13;1;320;10%;288;Cartão de Crédito
15486;2026-05-10;321;10;5;1;50;5%;47,5;Cartão de Débito
15487;2026-05-25;1064;21;16;1;1600;5%;1520;Boleto
15488;2025-09-14;1711;7;12;1;320;0%;320;Pix
15489;2026-01-12;320;19;6;5;490;0%;2450;Cartão de Crédito
15490;2025-11-06;1858;16;17;3;520;0%;1560;Pix
15491;2026-07-13;1240;8;1;3;110;0%;330;Boleto
15492;2026-08-17;1589;3;15;1;250;0%;250;Cartão de Crédito
15493;2025-11-22;2434;7;14;5;320;5%;1520;Cartão de Crédito
15494;2026-04-28;577;35;2;1;250;5%;237,5;Cartão de Crédito
15495;2026-01-29;365;18;18;1;280;0%;280;Cartão de Débito
15496;2026-04-20;696;16;7;1;520;0%;520;Cartão de Crédito
15497;2025-10-15;434;4;13;1;1400;0%;1400;Pix
15498;2026-04-27;2261;21;15;1;1600;5%;1520;Cartão de Crédito
15499;2026-02-19;2287;4;13;4;1400;0%;5600;Cartão de Crédito
15500;2026-08-31;1057;9;16;5;150;0%;750;Boleto
15501;2026-01-22;59;40;4;3;600;0%;1800;Pix
15502;2026-07-20;590;21;12;1;1600;0%;1600;Pix
15503;2026-03-07;1011;35;4;1;250;0%;250;Pix
15504;2026-05-01;1372;8;11;1;110;0%;110;Cartão de Crédito
15505;2025-09-12;1067;40;13;4;600;0%;2400;Cartão de Crédito
15506;2025-11-03;1780;16;4;1;520;0%;520;Boleto
15507;2026-02-10;959;1;18;3;4500;0%;13500;Cartão de Crédito
15508;2026-01-29;201;34;8;1;890;0%;890;Cartão de Crédito
15509;2026-07-17;1909;27;5;4;350;0%;1400;Cartão de Crédito
15510;2026-03-24;1953;1;11;2;4500;0%;9000;Boleto
15511;2026-02-03;1416;24;15;1;380;0%;380;Boleto
15512;2026-04-14;2413;41;2;2;45;0%;90;Cartão de Crédito
15513;2026-07-06;1206;38;3;1;390;0%;390;Cartão de Crédito
15514;2026-01-22;531;16;12;1;520;0%;520;Pix
15515;2026-08-15;254;28;12;1;420;0%;420;Cartão de Crédito
15516;2026-03-31;806;29;14;1;380;0%;380;Cartão de Débito
15517;2026-08-24;231;37;7;1;140;0%;140;Pix
15518;2026-05-30;1353;38;11;1;390;0%;390;Pix
15519;2025-12-03;2078;8;17;3;110;5%;313,5;Pix
15520;2025-12-16;778;38;4;2;390;0%;780;Cartão de Crédito
15521;2025-12-28;609;19;14;1;490;0%;490;Cartão de Crédito
15522;2026-05-18;2097;4;7;1;1400;0%;1400;Cartão de Crédito
15523;2026-02-17;831;15;12;1;750;5%;712,5;Cartão de Crédito
15524;2026-06-13;1495;13;4;2;2900;0%;5800;Cartão de Crédito
15525;2026-07-19;1898;2;15;1;80;0%;80;Cartão de Crédito
15526;2026-04-09;1013;6;17;2;220;0%;440;Cartão de Crédito
15527;2026-03-16;2097;10;13;2;50;0%;100;Boleto
15528;2026-09-07;2358;6;5;1;220;5%;209;Cartão de Crédito
15529;2025-11-23;1369;10;9;2;50;0%;100;Pix
15530;2026-01-06;1998;34;14;1;890;0%;890;Cartão de Crédito
15531;2025-12-21;1725;29;13;1;380;5%;361;Pix
15532;2025-12-11;2059;18;16;1;280;5%;266;Cartão de Crédito
15533;2025-10-31;315;18;15;1;280;5%;266;Pix
15534;2025-11-10;1791;3;12;1;250;0%;250;Cartão de Débito
15535;2025-12-29;1403;28;11;2;420;0%;840;Pix
15536;2026-03-08;800;22;9;1;850;5%;807,5;Cartão de Crédito
15537;2026-03-20;196;4;14;1;1400;0%;1400;Pix
15538;2026-08-18;2328;25;17;1;310;0%;310;Boleto
15539;2026-07-24;1380;21;17;3;1600;0%;4800;Cartão de Crédito
15540;2026-08-14;527;3;9;1;250;5%;237,5;Cartão de Crédito
15541;2026-06-14;1692;26;8;3;2200;5%;6270;Boleto
15542;2025-10-13;2486;26;15;1;2200;0%;2200;Cartão de Débito
15543;2026-09-07;617;1;17;2;4500;5%;8550;Cartão de Crédito
15544;2026-03-01;1333;21;9;1;1600;5%;1520;Cartão de Débito
15545;2025-11-13;1830;10;7;1;50;0%;50;Cartão de Crédito
15546;2026-09-05;1226;24;8;1;380;0%;380;Pix
15547;2025-10-25;1279;13;4;1;2900;0%;2900;Pix
15548;2026-01-24;651;15;3;1;750;0%;750;Pix
15549;2026-03-13;1034;6;10;1;220;0%;220;Pix
15550;2025-09-28;2375;6;13;1;220;0%;220;Cartão de Crédito
15551;2026-05-06;1595;9;5;1;150;0%;150;Boleto
15552;2026-02-18;585;11;18;1;3800;0%;3800;Cartão de Débito
15553;2026-03-15;2026;21;9;1;1600;0%;1600;Cartão de Crédito
15554;2025-09-28;1267;5;1;4;950;0%;3800;Cartão de Crédito
15555;2026-03-20;651;4;16;2;1400;0%;2800;Cartão de Crédito
15556;2026-08-03;1906;9;1;1;150;5%;142,5;Cartão de Crédito
15557;2025-12-23;1509;25;9;1;310;5%;294,5;Boleto
15558;2026-05-06;1766;8;13;4;110;0%;440;Cartão de Crédito
15559;2026-01-08;205;12;15;1;180;0%;180;Cartão de Crédito
15560;2026-08-15;1809;26;16;1;2200;5%;2090;Pix
15561;2026-02-23;316;39;1;1;290;0%;290;Pix
15562;2026-07-07;116;19;13;1;490;0%;490;Cartão de Débito
15563;2026-09-07;1449;28;4;1;420;0%;420;Cartão de Crédito
15564;2026-07-27;1159;18;1;1;280;0%;280;Cartão de Crédito
15565;2026-05-19;695;22;8;2;850;0%;1700;Pix
15566;2026-02-02;1672;24;4;3;380;0%;1140;Pix
15567;2026-03-16;172;21;9;1;1600;0%;1600;Cartão de Crédito
15568;2025-11-11;257;6;16;1;220;0%;220;Cartão de Crédito
15569;2025-10-07;2103;25;5;2;310;0%;620;Cartão de Crédito
15570;2026-06-27;621;7;5;1;320;0%;320;Pix
15571;2025-10-08;2407;9;5;1;150;0%;150;Pix
15572;2026-02-21;361;2;7;1;80;0%;80;Pix
15573;2026-07-25;117;3;1;5;250;0%;1250;Pix
15574;2025-12-12;2397;25;12;2;310;5%;589;Pix
15575;2025-10-04;263;21;3;1;1600;5%;1520;Pix
15576;2026-02-14;1808;11;9;1;3800;0%;3800;Pix
15577;2026-08-23;1826;20;6;2;190;0%;380;Pix
15578;2026-07-24;2344;3;2;1;250;5%;237,5;Cartão de Crédito
15579;2026-09-09;1424;44;12;1;55;0%;55;Cartão de Crédito
15580;2026-02-23;519;3;8;2;250;5%;475;Cartão de Crédito
15581;2026-05-16;2065;2;7;3;80;5%;228;Boleto
15582;2026-09-02;115;29;9;1;380;0%;380;Cartão de Crédito
15583;2026-07-22;2026;18;12;1;280;5%;266;Pix
15584;2026-05-15;1200;24;11;2;380;5%;722;Pix
15585;2026-03-23;2229;1;10;4;4500;0%;18000;Cartão de Débito
15586;2026-02-04;559;8;13;2;110;10%;198;Boleto
15587;2026-01-08;802;31;7;1;120;0%;120;Cartão de Crédito
15588;2026-01-15;2286;42;18;2;35;0%;70;Boleto
15589;2026-02-16;1698;26;11;1;2200;0%;2200;Cartão de Crédito
15590;2025-10-15;2338;28;2;1;420;0%;420;Cartão de Débito
15591;2025-12-27;1192;4;18;2;1400;5%;2660;Cartão de Crédito
15592;2025-12-23;218;5;18;2;950;10%;1710;Cartão de Crédito
15593;2025-11-21;1207;15;3;1;750;0%;750;Cartão de Crédito
15594;2025-12-27;169;30;4;1;160;10%;144;Boleto
15595;2026-04-16;201;1;13;1;4500;0%;4500;Cartão de Crédito
15596;2026-08-16;1044;31;9;2;120;0%;240;Cartão de Débito
15597;2026-07-06;169;21;7;1;1600;0%;1600;Cartão de Crédito
15598;2026-03-18;2319;21;8;2;1600;0%;3200;Cartão de Crédito
15599;2026-02-07;487;2;16;1;80;0%;80;Cartão de Crédito
15600;2026-08-27;1983;20;7;1;190;0%;190;Pix
15601;2025-12-25;1167;16;8;1;520;5%;494;Cartão de Crédito
15602;2026-09-09;174;44;15;1;55;0%;55;Pix
15603;2025-11-07;2241;32;5;1;480;0%;480;Cartão de Crédito
15604;2025-11-02;2177;35;6;1;250;0%;250;Cartão de Crédito
15605;2025-10-29;1569;1;1;2;4500;0%;9000;Pix
15606;2026-04-22;772;33;6;1;1200;0%;1200;Cartão de Débito
15607;2026-01-02;275;11;17;2;3800;5%;7220;Boleto
15608;2026-03-23;1890;1;17;4;4500;5%;17100;Cartão de Crédito
15609;2025-11-09;348;13;1;1;2900;5%;2755;Cartão de Crédito
15610;2026-06-17;249;25;5;1;310;0%;310;Pix
15611;2026-01-10;2219;20;18;1;190;0%;190;Cartão de Crédito
15612;2026-01-13;1635;35;16;1;250;0%;250;Cartão de Crédito
15613;2025-09-15;576;26;12;1;2200;0%;2200;Cartão de Crédito
15614;2026-04-30;2491;27;11;1;350;5%;332,5;Cartão de Crédito
15615;2026-01-12;1466;2;14;2;80;0%;160;Cartão de Crédito
15616;2026-02-17;1108;25;3;3;310;0%;930;Cartão de Crédito
15617;2025-10-17;2482;3;7;1;250;0%;250;Boleto
15618;2026-03-09;1196;26;15;1;2200;0%;2200;Cartão de Crédito
15619;2026-09-02;758;37;17;3;140;0%;420;Cartão de Crédito
15620;2026-03-31;1020;13;13;1;2900;0%;2900;Pix
15621;2025-12-04;1255;18;1;2;280;5%;532;Cartão de Crédito
15622;2026-08-17;643;23;8;1;400;0%;400;Pix
15623;2026-05-27;1075;13;5;2;2900;0%;5800;Boleto
15624;2025-10-11;924;37;3;1;140;0%;140;Pix
15625;2026-05-13;1414;37;3;3;140;5%;399;Boleto
15626;2026-01-23;1314;19;1;1;490;0%;490;Boleto
15627;2026-07-19;182;29;1;2;380;0%;760;Pix
15628;2026-08-13;784;6;12;3;220;0%;660;Cartão de Débito
15629;2026-05-15;568;16;17;1;520;5%;494;Boleto
15630;2026-03-23;990;6;11;1;220;0%;220;Pix
15631;2026-01-10;2361;33;3;1;1200;0%;1200;Cartão de Crédito
15632;2025-09-24;1569;17;16;5;650;0%;3250;Cartão de Crédito
15633;2026-01-05;902;41;7;1;45;0%;45;Cartão de Crédito
15634;2026-06-05;755;9;15;2;150;0%;300;Cartão de Crédito
15635;2026-03-27;1311;44;7;1;55;0%;55;Pix
15636;2026-02-10;2213;11;2;2;3800;0%;7600;Pix
15637;2025-12-12;1229;12;13;1;180;0%;180;Boleto
15638;2026-03-31;2135;1;6;1;4500;0%;4500;Pix
15639;2026-01-10;2283;34;12;3;890;0%;2670;Boleto
15640;2026-06-19;1414;27;11;2;350;0%;700;Boleto
15641;2025-12-14;112;31;3;2;120;0%;240;Pix
15642;2025-09-12;459;6;12;2;220;0%;440;Pix
15643;2026-08-25;1271;13;10;1;2900;0%;2900;Cartão de Crédito
15644;2026-02-16;2256;31;10;3;120;0%;360;Cartão de Crédito
15645;2026-05-21;2436;14;5;1;350;0%;350;Boleto
15646;2025-09-14;1830;33;9;2;1200;5%;2280;Pix
15647;2025-10-11;1501;41;4;1;45;0%;45;Pix
15648;2026-08-31;2251;8;15;2;110;10%;198;Cartão de Crédito
15649;2025-09-19;774;3;5;1;250;5%;237,5;Cartão de Débito
15650;2025-12-08;421;34;15;1;890;0%;890;Cartão de Crédito
15651;2026-05-03;1345;10;2;1;50;0%;50;Pix
15652;2025-11-19;1411;3;9;1;250;0%;250;Cartão de Crédito
15653;2026-07-30;2446;7;17;1;320;0%;320;Boleto
15654;2026-01-13;2352;34;3;1;890;0%;890;Pix
15655;2025-09-25;856;10;6;2;50;10%;90;Cartão de Crédito
15656;2025-09-15;1124;8;4;1;110;0%;110;Cartão de Crédito
15657;2025-10-08;941;14;16;3;350;0%;1050;Cartão de Débito
15658;2025-11-18;2082;13;3;1;2900;10%;2610;Boleto
15659;2025-10-10;616;13;15;3;2900;0%;8700;Cartão de Crédito
15660;2025-12-09;2439;39;11;2;290;0%;580;Cartão de Crédito
15661;2026-04-29;1339;22;12;1;850;0%;850;Pix
15662;2025-11-09;638;38;14;1;390;0%;390;Cartão de Crédito
15663;2025-12-30;1898;3;2;1;250;0%;250;Pix
15664;2026-08-07;229;3;16;4;250;0%;1000;Cartão de Crédito
15665;2026-07-19;1747;11;7;2;3800;0%;7600;Pix
15666;2025-12-27;95;6;6;3;220;0%;660;Boleto
15667;2025-12-02;1430;31;4;2;120;0%;240;Boleto
15668;2026-05-09;1586;36;14;1;550;0%;550;Boleto
15669;2026-04-23;2182;19;6;2;490;0%;980;Pix
15670;2025-11-11;673;26;16;1;2200;0%;2200;Cartão de Crédito
15671;2026-02-05;1712;38;6;1;390;5%;370,5;Cartão de Crédito
15672;2025-11-01;852;6;7;1;220;5%;209;Cartão de Crédito
15673;2026-02-14;1493;21;12;5;1600;0%;8000;Boleto
15674;2026-06-26;726;25;12;2;310;0%;620;Cartão de Crédito
15675;2026-04-03;1436;22;13;3;850;0%;2550;Cartão de Crédito
15676;2025-12-02;262;5;6;1;950;0%;950;Cartão de Crédito
15677;2026-07-15;1336;10;2;1;50;0%;50;Cartão de Crédito
15678;2026-07-07;2322;29;10;2;380;5%;722;Pix
15679;2026-02-11;308;20;10;2;190;0%;380;Cartão de Crédito
15680;2026-05-25;1493;9;7;1;150;0%;150;Cartão de Débito
15681;2026-04-24;1752;24;7;1;380;0%;380;Pix
15682;2026-05-01;2276;4;6;1;1400;0%;1400;Boleto
15683;2026-03-09;1710;19;10;1;490;5%;465,5;Pix
15684;2026-05-30;1450;12;18;1;180;0%;180;Cartão de Crédito
15685;2026-04-19;1277;21;16;2;1600;0%;3200;Cartão de Débito
15686;2026-04-23;1711;21;12;2;1600;0%;3200;Pix
15687;2026-08-17;1325;9;16;2;150;0%;300;Cartão de Crédito
15688;2026-05-18;19;40;11;1;600;0%;600;Cartão de Crédito
15689;2025-11-11;2297;13;14;1;2900;0%;2900;Cartão de Crédito
15690;2026-03-18;215;36;13;2;550;0%;1100;Pix
15691;2026-05-07;2454;12;14;1;180;10%;162;Cartão de Crédito
15692;2026-02-02;1381;11;3;1;3800;10%;3420;Cartão de Crédito
15693;2025-11-01;1533;21;1;1;1600;0%;1600;Cartão de Crédito
15694;2026-02-19;563;19;11;1;490;0%;490;Pix
15695;2026-04-11;2061;17;15;1;650;0%;650;Cartão de Crédito
15696;2025-09-13;1272;26;6;1;2200;10%;1980;Pix
15697;2026-04-17;1075;32;13;2;480;5%;912;Pix
15698;2026-07-21;2047;9;12;1;150;0%;150;Pix
15699;2025-10-05;2235;23;2;1;400;5%;380;Cartão de Crédito
15700;2026-02-12;1628;20;14;1;190;0%;190;Cartão de Crédito
15701;2025-09-15;1597;39;8;3;290;5%;826,5;Cartão de Crédito
15702;2026-05-29;752;40;17;1;600;5%;570;Boleto
15703;2026-03-21;130;22;10;1;850;0%;850;Pix
15704;2025-11-03;1711;28;5;1;420;0%;420;Cartão de Crédito
15705;2026-05-07;1353;29;1;1;380;0%;380;Boleto
15706;2026-07-31;667;36;1;2;550;0%;1100;Cartão de Crédito
15707;2026-08-05;647;19;6;1;490;0%;490;Cartão de Crédito
15708;2026-03-02;716;19;4;1;490;0%;490;Cartão de Crédito
15709;2025-12-15;919;39;18;1;290;0%;290;Cartão de Crédito
15710;2025-09-18;715;5;10;1;950;0%;950;Pix
15711;2026-01-25;1566;9;5;4;150;0%;600;Boleto
15712;2026-05-22;1549;8;8;1;110;0%;110;Boleto
15713;2026-02-24;393;16;10;1;520;0%;520;Pix
15714;2026-05-31;1901;19;9;1;490;0%;490;Pix
15715;2026-07-11;1931;17;3;1;650;0%;650;Cartão de Débito
15716;2026-02-20;400;5;5;1;950;0%;950;Cartão de Débito
15717;2026-08-22;2447;15;11;2;750;5%;1425;Boleto
15718;2026-01-31;1515;19;18;1;490;5%;465,5;Cartão de Crédito
15719;2026-07-15;985;30;18;1;160;0%;160;Cartão de Crédito
15720;2026-02-19;916;33;8;1;1200;0%;1200;Boleto
15721;2026-02-28;2049;21;10;1;1600;0%;1600;Cartão de Crédito
15722;2026-07-01;2495;6;3;1;220;0%;220;Cartão de Crédito
15723;2026-04-21;2419;3;12;1;250;0%;250;Pix
15724;2026-01-04;1427;2;11;1;80;0%;80;Pix
15725;2025-11-24;547;10;18;1;50;0%;50;Boleto
15726;2026-05-12;1318;11;3;1;3800;5%;3610;Cartão de Débito
15727;2025-11-17;29;30;2;1;160;0%;160;Cartão de Crédito
15728;2025-10-15;2246;15;3;2;750;0%;1500;Cartão de Crédito
15729;2026-05-24;1237;35;15;2;250;0%;500;Pix
15730;2026-01-17;260;23;4;1;400;5%;380;Cartão de Crédito
15731;2025-10-22;1177;30;14;1;160;0%;160;Cartão de Crédito
15732;2026-01-12;860;38;14;2;390;0%;780;Cartão de Crédito
15733;2025-09-25;2313;27;18;1;350;0%;350;Cartão de Crédito
15734;2026-07-21;395;1;2;1;4500;0%;4500;Cartão de Crédito
15735;2026-02-20;12;7;10;2;320;10%;576;Pix
15736;2026-08-22;1320;29;13;1;380;0%;380;Pix
15737;2026-08-03;418;17;15;4;650;5%;2470;Cartão de Crédito
15738;2026-08-10;1103;3;2;2;250;5%;475;Cartão de Crédito
15739;2025-09-26;1484;41;16;1;45;0%;45;Cartão de Crédito
15740;2026-03-18;2130;43;7;1;65;0%;65;Cartão de Crédito
15741;2026-01-24;1192;14;12;2;350;10%;630;Pix
15742;2026-07-16;1117;19;6;1;490;0%;490;Pix
15743;2025-10-27;68;4;10;1;1400;0%;1400;Cartão de Crédito
15744;2025-12-04;69;7;17;1;320;5%;304;Cartão de Crédito
15745;2026-02-09;368;37;17;3;140;0%;420;Cartão de Crédito
15746;2025-12-16;2234;43;14;1;65;5%;61,75;Cartão de Débito
15747;2026-02-23;1112;2;2;5;80;0%;400;Boleto
15748;2026-05-08;2242;14;15;1;350;0%;350;Cartão de Crédito
15749;2025-12-10;1329;1;11;1;4500;0%;4500;Pix
15750;2025-09-29;1529;32;10;1;480;5%;456;Cartão de Crédito
15751;2025-11-12;1371;10;4;1;50;0%;50;Pix
15752;2026-07-19;198;5;7;1;950;0%;950;Cartão de Débito
15753;2026-05-04;1515;20;15;1;190;0%;190;Cartão de Crédito
15754;2026-05-08;10;21;15;1;1600;0%;1600;Cartão de Crédito
15755;2026-07-05;1553;5;1;2;950;0%;1900;Cartão de Débito
15756;2026-08-27;1647;6;3;1;220;5%;209;Pix
15757;2026-08-21;1736;26;9;3;2200;0%;6600;Pix
15758;2025-11-08;866;13;12;1;2900;0%;2900;Pix
15759;2025-11-02;704;27;18;1;350;0%;350;Cartão de Crédito
15760;2026-01-24;2280;30;7;1;160;0%;160;Cartão de Crédito
15761;2026-03-25;2462;23;11;1;400;0%;400;Cartão de Crédito
15762;2026-03-15;2409;24;12;1;380;0%;380;Cartão de Crédito
15763;2026-06-14;656;1;16;2;4500;0%;9000;Pix
15764;2026-05-07;253;4;14;1;1400;0%;1400;Cartão de Crédito
15765;2026-07-07;539;29;5;3;380;0%;1140;Pix
15766;2026-04-12;2454;44;4;1;55;5%;52,25;Pix
15767;2026-03-22;1592;27;9;2;350;5%;665;Cartão de Crédito
15768;2026-07-15;118;30;14;1;160;0%;160;Pix
15769;2025-09-22;2146;42;6;1;35;0%;35;Pix
15770;2026-05-24;1740;10;4;1;50;0%;50;Boleto
15771;2025-09-21;45;5;6;5;950;5%;4512,5;Pix
15772;2026-09-11;923;30;12;1;160;0%;160;Boleto
15773;2025-10-21;564;26;1;1;2200;0%;2200;Cartão de Crédito
15774;2026-07-28;1061;16;12;1;520;0%;520;Cartão de Crédito
15775;2026-07-09;1572;16;4;1;520;5%;494;Cartão de Débito
15776;2026-03-02;1923;13;7;1;2900;10%;2610;Cartão de Débito
15777;2026-09-07;1069;18;9;1;280;5%;266;Boleto
15778;2025-12-20;2304;16;12;2;520;0%;1040;Boleto
15779;2026-08-03;1734;14;7;1;350;0%;350;Boleto
15780;2025-12-25;1953;19;12;1;490;0%;490;Boleto
15781;2026-06-29;2097;31;9;2;120;0%;240;Cartão de Crédito
15782;2026-07-12;349;24;8;1;380;0%;380;Pix
15783;2026-06-15;1940;17;17;1;650;0%;650;Pix
15784;2026-05-24;12;15;4;1;750;0%;750;Cartão de Crédito
15785;2026-06-26;2113;35;3;2;250;0%;500;Boleto
15786;2026-07-31;359;15;4;3;750;0%;2250;Cartão de Crédito
15787;2026-01-08;958;19;16;3;490;0%;1470;Cartão de Crédito
15788;2026-07-21;1335;27;6;1;350;0%;350;Cartão de Crédito
15789;2025-12-27;828;11;4;2;3800;0%;7600;Pix
15790;2026-01-26;964;3;6;1;250;10%;225;Cartão de Crédito
15791;2026-01-31;334;2;15;1;80;0%;80;Cartão de Crédito
15792;2025-09-18;1906;14;4;1;350;0%;350;Pix
15793;2025-11-25;2006;31;17;1;120;5%;114;Pix
15794;2026-05-18;2465;13;14;1;2900;0%;2900;Cartão de Crédito
15795;2026-01-12;1007;40;17;1;600;0%;600;Cartão de Crédito
15796;2026-05-18;168;6;17;1;220;0%;220;Cartão de Crédito
15797;2025-10-17;787;41;6;1;45;0%;45;Cartão de Crédito
15798;2025-12-09;207;17;17;1;650;0%;650;Boleto
15799;2025-11-23;742;9;2;1;150;0%;150;Cartão de Crédito
15800;2026-02-15;1155;40;17;1;600;0%;600;Boleto
15801;2026-02-09;980;12;11;1;180;0%;180;Pix
15802;2025-11-08;2473;16;16;1;520;0%;520;Pix
15803;2026-06-02;2302;6;4;2;220;0%;440;Boleto
15804;2026-04-12;1047;15;12;1;750;5%;712,5;Cartão de Crédito
15805;2026-05-13;457;7;2;2;320;0%;640;Cartão de Crédito
15806;2026-02-07;579;5;11;4;950;5%;3610;Cartão de Crédito
15807;2026-07-27;2422;8;1;1;110;0%;110;Cartão de Crédito
15808;2025-09-19;764;37;17;3;140;0%;420;Pix
15809;2026-02-09;673;44;5;1;55;0%;55;Cartão de Crédito
15810;2026-01-30;400;26;16;1;2200;0%;2200;Pix
15811;2025-10-04;510;15;18;3;750;0%;2250;Cartão de Crédito
15812;2026-08-12;915;15;4;1;750;0%;750;Cartão de Débito
15813;2026-01-12;2026;9;16;1;150;0%;150;Pix
15814;2026-08-24;1130;38;7;1;390;0%;390;Boleto
15815;2026-01-21;144;5;8;1;950;0%;950;Cartão de Crédito
15816;2025-10-12;1399;29;16;1;380;0%;380;Pix
15817;2026-07-02;699;19;11;3;490;0%;1470;Pix
15818;2026-09-09;373;17;16;1;650;0%;650;Pix
15819;2026-01-04;914;3;8;1;250;0%;250;Pix
15820;2026-03-08;2133;3;4;4;250;0%;1000;Pix
15821;2026-01-09;1674;26;17;1;2200;0%;2200;Pix
15822;2025-12-04;665;25;2;2;310;0%;620;Boleto
15823;2025-10-23;1371;37;5;3;140;0%;420;Cartão de Crédito
15824;2026-07-22;1993;2;14;1;80;0%;80;Pix
15825;2026-06-22;1508;20;10;1;190;0%;190;Boleto
15826;2026-04-06;720;26;3;3;2200;5%;6270;Cartão de Crédito
15827;2025-10-29;1579;15;15;1;750;0%;750;Pix
15828;2025-09-16;220;40;14;1;600;5%;570;Cartão de Crédito
15829;2025-12-05;179;45;17;1;180;0%;180;Cartão de Crédito
15830;2025-11-21;434;16;5;1;520;0%;520;Cartão de Crédito
15831;2026-01-27;41;38;15;2;390;0%;780;Boleto
15832;2026-08-14;1547;15;14;1;750;0%;750;Boleto
15833;2026-02-04;1384;9;7;4;150;0%;600;Cartão de Crédito
15834;2026-03-30;625;16;5;1;520;0%;520;Cartão de Crédito
15835;2025-11-10;1005;6;11;1;220;0%;220;Pix
15836;2025-10-04;412;14;4;1;350;0%;350;Cartão de Crédito
15837;2026-01-12;1110;29;9;3;380;0%;1140;Cartão de Crédito
15838;2026-07-19;1545;13;18;3;2900;0%;8700;Boleto
15839;2026-08-30;2376;15;11;1;750;0%;750;Boleto
15840;2025-09-25;2417;15;5;3;750;5%;2137,5;Cartão de Crédito
15841;2026-06-27;339;1;17;1;4500;0%;4500;Pix
15842;2026-02-05;2084;18;9;1;280;0%;280;Cartão de Crédito
15843;2026-03-13;1113;25;9;2;310;0%;620;Pix
15844;2026-07-13;1799;45;5;1;180;0%;180;Pix
15845;2026-03-11;1208;7;15;4;320;0%;1280;Pix
15846;2025-11-26;226;11;10;2;3800;5%;7220;Cartão de Crédito
15847;2026-05-20;1027;8;10;3;110;0%;330;Cartão de Crédito
15848;2025-11-15;442;11;15;1;3800;0%;3800;Boleto
15849;2026-03-15;1688;15;8;2;750;0%;1500;Boleto
15850;2026-06-30;1054;15;1;3;750;0%;2250;Cartão de Crédito
15851;2026-01-24;1574;10;11;1;50;0%;50;Pix
15852;2025-11-02;1162;1;10;2;4500;0%;9000;Cartão de Crédito
15853;2026-01-22;1250;8;14;2;110;0%;220;Pix
15854;2026-09-02;1488;9;16;2;150;0%;300;Cartão de Crédito
15855;2026-02-17;2117;2;3;1;80;0%;80;Cartão de Débito
15856;2026-02-08;1304;17;6;1;650;0%;650;Pix
15857;2026-02-21;552;18;17;1;280;0%;280;Cartão de Débito
15858;2026-05-31;2188;19;13;1;490;0%;490;Cartão de Crédito
15859;2026-02-11;1553;25;11;1;310;0%;310;Cartão de Crédito
15860;2025-09-20;2295;15;8;1;750;0%;750;Cartão de Crédito
15861;2025-09-24;1025;2;8;1;80;0%;80;Pix
15862;2025-10-24;1949;26;18;2;2200;0%;4400;Boleto
15863;2026-02-09;636;18;3;1;280;0%;280;Pix
15864;2026-01-11;2442;31;4;1;120;0%;120;Cartão de Crédito
15865;2026-01-04;1790;1;16;1;4500;0%;4500;Pix
15866;2026-03-05;1068;44;17;1;55;10%;49,5;Cartão de Crédito
15867;2026-01-02;880;1;16;2;4500;0%;9000;Pix
15868;2026-05-18;1982;10;5;2;50;5%;95;Boleto
15869;2026-04-25;500;16;12;2;520;0%;1040;Pix
15870;2026-01-18;621;4;6;4;1400;0%;5600;Pix
15871;2026-01-21;474;24;6;1;380;0%;380;Pix
15872;2026-02-21;7;20;7;2;190;0%;380;Boleto
15873;2026-06-08;863;4;9;2;1400;0%;2800;Cartão de Crédito
15874;2025-11-01;763;35;10;1;250;0%;250;Pix
15875;2026-05-13;563;19;6;2;490;5%;931;Cartão de Crédito
15876;2026-01-07;1865;5;5;2;950;0%;1900;Cartão de Crédito
15877;2025-10-04;1821;27;10;1;350;0%;350;Cartão de Crédito
15878;2025-10-17;2455;3;16;1;250;0%;250;Cartão de Crédito
15879;2026-03-07;887;32;16;1;480;5%;456;Cartão de Crédito
15880;2025-10-07;213;27;14;1;350;5%;332,5;Cartão de Crédito
15881;2026-01-10;661;2;8;3;80;0%;240;Cartão de Crédito
15882;2026-07-14;2475;11;18;3;3800;0%;11400;Cartão de Crédito
15883;2026-08-17;2276;28;16;1;420;10%;378;Cartão de Débito
15884;2026-05-03;860;33;8;2;1200;10%;2160;Cartão de Crédito
15885;2026-03-21;653;2;4;1;80;0%;80;Cartão de Débito
15886;2025-09-12;2175;19;11;1;490;5%;465,5;Cartão de Débito
15887;2026-06-10;775;36;15;2;550;0%;1100;Pix
15888;2026-03-18;1460;11;18;1;3800;0%;3800;Boleto
15889;2025-12-12;1701;18;8;1;280;0%;280;Cartão de Débito
15890;2025-12-02;359;1;17;1;4500;0%;4500;Cartão de Débito
15891;2026-07-18;1152;18;12;4;280;0%;1120;Boleto
15892;2025-11-02;250;39;18;2;290;0%;580;Cartão de Débito
15893;2026-06-06;1420;23;17;1;400;0%;400;Pix
15894;2026-06-27;2370;14;17;2;350;0%;700;Cartão de Crédito
15895;2026-09-10;383;16;17;4;520;0%;2080;Cartão de Crédito
15896;2025-11-13;409;19;9;2;490;0%;980;Cartão de Crédito
15897;2025-12-13;2300;40;4;3;600;0%;1800;Cartão de Crédito
15898;2026-05-24;2295;34;8;1;890;0%;890;Cartão de Crédito
15899;2026-02-05;553;38;1;1;390;0%;390;Pix
15900;2026-04-10;1046;25;7;2;310;0%;620;Cartão de Crédito
15901;2025-12-23;2410;28;11;1;420;0%;420;Cartão de Crédito
15902;2026-03-04;771;42;10;1;35;0%;35;Pix
15903;2025-12-21;769;4;10;2;1400;0%;2800;Cartão de Crédito
15904;2026-06-27;1859;31;4;1;120;0%;120;Cartão de Crédito
15905;2026-07-14;1822;13;5;1;2900;0%;2900;Cartão de Crédito
15906;2026-07-29;52;7;9;1;320;0%;320;Pix
15907;2025-10-07;2315;2;7;1;80;0%;80;Boleto
15908;2025-12-15;1193;40;5;1;600;0%;600;Cartão de Crédito
15909;2026-01-31;803;2;2;1;80;0%;80;Cartão de Crédito
15910;2025-09-24;332;27;15;2;350;0%;700;Pix
15911;2026-01-05;458;9;13;1;150;0%;150;Cartão de Crédito
15912;2025-12-19;908;10;5;1;50;0%;50;Pix
15913;2026-02-09;932;1;1;1;4500;0%;4500;Cartão de Crédito
15914;2026-08-14;2113;13;16;1;2900;0%;2900;Cartão de Crédito
15915;2025-12-08;1253;3;9;1;250;0%;250;Cartão de Crédito
15916;2026-05-15;2060;33;8;1;1200;0%;1200;Cartão de Crédito
15917;2026-07-02;117;6;16;1;220;0%;220;Cartão de Crédito
15918;2025-11-11;555;8;3;1;110;5%;104,5;Cartão de Débito
15919;2025-12-06;1499;31;16;2;120;0%;240;Pix
15920;2026-07-26;2211;41;14;1;45;0%;45;Cartão de Crédito
15921;2026-07-16;320;1;2;2;4500;0%;9000;Boleto
15922;2025-11-26;1243;24;4;1;380;0%;380;Cartão de Crédito
15923;2026-06-30;2061;37;6;2;140;0%;280;Cartão de Crédito
15924;2026-05-11;667;21;9;1;1600;0%;1600;Boleto
15925;2026-02-07;1475;13;6;2;2900;0%;5800;Cartão de Crédito
15926;2025-10-01;1805;39;13;1;290;0%;290;Pix
15927;2026-07-01;2388;5;3;2;950;0%;1900;Cartão de Crédito
15928;2026-03-13;588;35;18;5;250;0%;1250;Cartão de Crédito
15929;2025-12-28;350;10;3;1;50;0%;50;Cartão de Crédito
15930;2026-06-28;1899;7;16;1;320;0%;320;Pix
15931;2026-05-29;2361;31;12;1;120;5%;114;Pix
15932;2025-11-05;1746;7;13;2;320;5%;608;Cartão de Crédito
15933;2026-03-14;231;22;4;1;850;0%;850;Cartão de Débito
15934;2026-06-12;198;5;2;1;950;10%;855;Pix
15935;2026-03-21;1131;12;10;1;180;5%;171;Cartão de Crédito
15936;2025-09-22;590;17;15;1;650;5%;617,5;Cartão de Crédito
15937;2026-04-24;1597;27;2;1;350;0%;350;Cartão de Crédito
15938;2025-11-10;518;6;8;2;220;0%;440;Cartão de Crédito
15939;2025-10-31;1594;7;5;1;320;0%;320;Cartão de Crédito
15940;2026-03-04;1931;24;12;2;380;0%;760;Cartão de Crédito
15941;2025-10-29;101;39;2;1;290;0%;290;Pix
15942;2025-09-21;884;3;13;1;250;0%;250;Cartão de Crédito
15943;2026-04-10;2202;29;12;2;380;0%;760;Boleto
15944;2026-05-11;1279;34;8;1;890;0%;890;Cartão de Crédito
15945;2026-07-08;1945;17;8;2;650;0%;1300;Cartão de Crédito
15946;2026-06-19;1107;8;15;1;110;0%;110;Boleto
15947;2026-08-05;374;12;18;1;180;0%;180;Boleto
15948;2026-01-27;1500;12;17;1;180;0%;180;Cartão de Crédito
15949;2025-10-20;1591;14;8;2;350;0%;700;Pix
15950;2025-10-06;723;32;4;5;480;0%;2400;Cartão de Crédito
15951;2025-12-10;2426;26;3;1;2200;0%;2200;Boleto
15952;2026-06-13;652;8;7;1;110;0%;110;Pix
15953;2026-04-08;794;1;16;1;4500;0%;4500;Cartão de Crédito
15954;2025-11-19;1353;6;4;1;220;5%;209;Cartão de Débito
15955;2025-10-29;571;7;17;1;320;0%;320;Pix
15956;2025-09-28;843;19;3;1;490;0%;490;Cartão de Débito
15957;2025-10-08;632;4;13;2;1400;0%;2800;Cartão de Crédito
15958;2025-11-29;953;18;15;1;280;0%;280;Cartão de Crédito
15959;2025-09-24;1487;23;2;3;400;0%;1200;Cartão de Crédito
15960;2026-03-27;1862;28;10;1;420;0%;420;Cartão de Crédito
15961;2026-06-24;715;19;12;1;490;0%;490;Cartão de Crédito
15962;2025-12-02;625;34;6;3;890;0%;2670;Cartão de Crédito
15963;2026-02-25;1153;28;13;1;420;0%;420;Pix
15964;2026-03-03;1142;28;16;1;420;0%;420;Boleto
15965;2026-03-23;912;37;3;1;140;5%;133;Boleto
15966;2026-04-21;2466;8;3;1;110;10%;99;Cartão de Débito
15967;2026-02-11;1518;14;12;1;350;0%;350;Cartão de Crédito
15968;2026-07-13;220;3;7;1;250;0%;250;Cartão de Crédito
15969;2026-03-28;1386;17;8;5;650;0%;3250;Boleto
15970;2026-03-12;1156;4;6;1;1400;0%;1400;Cartão de Crédito
15971;2025-12-25;1807;25;6;2;310;0%;620;Cartão de Crédito
15972;2026-01-20;1790;14;14;1;350;0%;350;Boleto
15973;2026-05-01;1573;16;5;2;520;0%;1040;Cartão de Crédito
15974;2025-12-06;1677;27;16;1;350;0%;350;Cartão de Crédito
15975;2026-03-30;303;28;16;1;420;0%;420;Pix
15976;2026-02-14;1804;21;1;1;1600;0%;1600;Pix
15977;2026-02-01;1457;34;11;2;890;0%;1780;Cartão de Crédito
15978;2025-12-06;585;9;10;1;150;5%;142,5;Cartão de Crédito
15979;2025-12-08;178;45;12;1;180;0%;180;Cartão de Crédito
15980;2026-07-14;1749;31;9;1;120;0%;120;Cartão de Crédito
15981;2025-11-26;1501;10;10;3;50;0%;150;Cartão de Crédito
15982;2026-07-18;1843;30;18;1;160;0%;160;Cartão de Crédito
15983;2025-10-08;1538;17;9;2;650;0%;1300;Cartão de Crédito
15984;2026-01-07;1976;6;3;2;220;5%;418;Pix
15985;2026-07-25;1631;7;2;2;320;0%;640;Boleto
15986;2026-09-02;775;7;10;3;320;0%;960;Cartão de Crédito
15987;2026-05-31;1990;40;8;1;600;5%;570;Cartão de Crédito
15988;2025-10-17;445;5;14;1;950;0%;950;Cartão de Crédito
15989;2025-10-05;504;1;12;1;4500;0%;4500;Boleto
15990;2026-03-25;1406;3;8;1;250;0%;250;Cartão de Débito
15991;2026-06-28;2470;22;12;1;850;5%;807,5;Cartão de Crédito
15992;2025-12-15;377;14;4;2;350;10%;630;Pix
15993;2026-08-05;1303;17;9;3;650;0%;1950;Cartão de Crédito
15994;2025-12-14;1045;23;1;3;400;0%;1200;Cartão de Crédito
15995;2025-10-29;1423;4;1;2;1400;0%;2800;Cartão de Crédito
15996;2026-08-24;1070;6;7;1;220;0%;220;Cartão de Crédito
15997;2026-08-05;1906;5;2;2;950;0%;1900;Cartão de Crédito
15998;2026-09-07;2150;23;14;2;400;0%;800;Cartão de Débito
15999;2026-06-19;110;39;17;2;290;0%;580;Cartão de Crédito
16000;2026-06-01;987;6;11;2;220;0%;440;Pix
16001;2026-06-08;1513;1;12;1;4500;0%;4500;Boleto
16002;2026-05-27;920;4;14;1;1400;5%;1330;Cartão de Crédito
16003;2026-01-23;1314;12;9;3;180;0%;540;Cartão de Crédito
16004;2026-08-02;2302;35;15;1;250;5%;237,5;Pix
16005;2026-03-22;1839;1;16;2;4500;0%;9000;Cartão de Crédito
16006;2026-01-23;545;18;12;1;280;0%;280;Pix
16007;2026-02-08;664;19;2;1;490;0%;490;Pix
16008;2026-02-14;873;5;13;1;950;0%;950;Cartão de Crédito
16009;2026-06-10;687;7;16;1;320;0%;320;Cartão de Crédito
16010;2026-02-26;1654;4;17;3;1400;0%;4200;Pix
16011;2026-01-20;2397;4;16;1;1400;0%;1400;Pix
16012;2026-08-22;2163;15;11;1;750;0%;750;Cartão de Crédito
16013;2025-10-13;1856;28;17;2;420;0%;840;Boleto
16014;2026-08-06;1766;22;16;1;850;5%;807,5;Cartão de Crédito
16015;2025-12-13;1301;22;8;2;850;0%;1700;Pix
16016;2025-10-11;2096;20;4;1;190;0%;190;Cartão de Crédito
16017;2026-03-01;2171;10;1;1;50;0%;50;Cartão de Débito
16018;2026-06-17;1656;19;15;1;490;0%;490;Cartão de Crédito
16019;2026-06-06;2439;17;9;2;650;0%;1300;Cartão de Crédito
16020;2026-03-22;444;36;4;1;550;0%;550;Cartão de Crédito
16021;2026-07-17;912;36;6;1;550;0%;550;Boleto
16022;2026-02-04;1691;39;16;3;290;0%;870;Cartão de Crédito
16023;2025-10-18;2305;11;5;2;3800;0%;7600;Cartão de Crédito
16024;2026-05-07;1378;4;6;2;1400;0%;2800;Boleto
16025;2025-12-31;1799;3;4;1;250;0%;250;Cartão de Crédito
16026;2025-09-22;35;16;5;1;520;5%;494;Cartão de Crédito
16027;2026-07-27;1508;19;13;2;490;0%;980;Cartão de Crédito
16028;2025-12-18;1304;1;3;1;4500;0%;4500;Cartão de Crédito
16029;2026-06-25;1991;3;12;1;250;5%;237,5;Cartão de Débito
16030;2026-05-01;228;2;12;1;80;0%;80;Cartão de Crédito
16031;2025-12-25;742;14;2;2;350;0%;700;Cartão de Crédito
16032;2026-06-27;1007;27;13;1;350;0%;350;Cartão de Crédito
16033;2025-10-21;907;21;1;1;1600;0%;1600;Cartão de Débito
16034;2025-10-15;1182;29;10;2;380;0%;760;Cartão de Crédito
16035;2026-04-08;1121;1;4;1;4500;5%;4275;Pix
16036;2026-07-27;1976;33;6;1;1200;0%;1200;Cartão de Crédito
16037;2026-09-10;2312;16;10;1;520;0%;520;Cartão de Crédito
16038;2025-10-18;235;6;7;2;220;10%;396;Boleto
16039;2026-04-18;2020;20;11;2;190;0%;380;Cartão de Crédito
16040;2026-06-10;59;13;13;1;2900;0%;2900;Cartão de Crédito
16041;2026-06-29;910;25;5;1;310;0%;310;Pix
16042;2026-09-10;2148;5;9;1;950;0%;950;Cartão de Crédito
16043;2025-10-02;291;19;3;1;490;5%;465,5;Boleto
16044;2026-05-03;318;34;7;1;890;10%;801;Cartão de Crédito
16045;2025-09-29;1018;45;16;3;180;0%;540;Cartão de Crédito
16046;2025-09-26;1884;12;4;1;180;10%;162;Cartão de Crédito
16047;2026-06-09;1084;3;14;3;250;0%;750;Cartão de Débito
16048;2026-05-04;2421;12;2;2;180;10%;324;Boleto
16049;2026-06-21;1906;20;16;3;190;10%;513;Boleto
16050;2026-09-04;959;9;16;3;150;0%;450;Boleto
16051;2025-12-31;433;30;14;1;160;10%;144;Boleto
16052;2026-07-01;587;4;15;1;1400;0%;1400;Pix
16053;2026-03-07;2497;6;6;1;220;0%;220;Boleto
16054;2026-05-21;1268;2;14;1;80;0%;80;Cartão de Crédito
16055;2025-10-06;346;6;2;1;220;0%;220;Cartão de Crédito
16056;2025-09-20;1638;4;15;3;1400;10%;3780;Pix
16057;2026-05-10;1197;6;2;2;220;0%;440;Boleto
16058;2025-09-12;2435;19;15;1;490;0%;490;Cartão de Crédito
16059;2025-10-10;259;43;17;1;65;0%;65;Cartão de Crédito
16060;2025-12-31;542;22;12;1;850;0%;850;Pix
16061;2026-07-31;1632;13;13;1;2900;0%;2900;Cartão de Crédito
16062;2025-10-18;2229;33;1;1;1200;0%;1200;Pix
16063;2026-03-24;385;5;1;2;950;0%;1900;Boleto
16064;2026-06-08;1388;32;8;1;480;0%;480;Boleto
16065;2026-05-02;168;35;1;1;250;5%;237,5;Pix
16066;2026-05-25;256;11;1;1;3800;0%;3800;Cartão de Crédito
16067;2025-11-02;26;45;5;2;180;5%;342;Cartão de Crédito
16068;2025-11-22;543;4;4;2;1400;0%;2800;Cartão de Crédito
16069;2025-12-07;1622;13;18;5;2900;0%;14500;Cartão de Crédito
16070;2026-01-01;172;9;11;2;150;5%;285;Cartão de Crédito
16071;2025-10-31;147;28;4;1;420;0%;420;Pix
16072;2025-10-21;2237;26;3;2;2200;5%;4180;Boleto
16073;2026-03-24;2320;41;7;2;45;0%;90;Cartão de Débito
16074;2026-01-27;2409;7;4;1;320;5%;304;Cartão de Crédito
16075;2025-09-14;1565;8;15;1;110;0%;110;Cartão de Crédito
16076;2026-04-23;2123;19;16;1;490;0%;490;Pix
16077;2025-10-15;163;38;4;1;390;0%;390;Cartão de Crédito
16078;2026-02-03;1249;18;3;3;280;10%;756;Cartão de Crédito
16079;2025-10-23;1744;4;8;2;1400;5%;2660;Cartão de Crédito
16080;2025-12-12;2289;3;5;1;250;0%;250;Cartão de Crédito
16081;2025-11-28;1487;33;4;4;1200;5%;4560;Boleto
16082;2026-06-29;1562;34;9;3;890;5%;2536,5;Cartão de Débito
16083;2025-11-20;2417;7;11;1;320;0%;320;Cartão de Crédito
16084;2026-05-29;1582;29;4;1;380;0%;380;Pix
16085;2026-04-21;1828;24;5;4;380;0%;1520;Cartão de Crédito
16086;2025-11-06;258;9;16;1;150;0%;150;Cartão de Crédito
16087;2025-09-22;639;27;11;2;350;0%;700;Boleto
16088;2026-01-19;1235;20;13;1;190;0%;190;Boleto
16089;2026-02-20;1339;6;2;1;220;0%;220;Boleto
16090;2025-12-01;1129;39;6;1;290;0%;290;Cartão de Crédito
16091;2025-10-24;2123;13;5;1;2900;0%;2900;Pix
16092;2026-02-25;1079;15;17;1;750;0%;750;Cartão de Crédito
16093;2025-10-07;1358;21;15;1;1600;0%;1600;Pix
16094;2026-03-07;1347;10;1;2;50;0%;100;Cartão de Débito
16095;2025-12-08;1206;31;5;1;120;0%;120;Pix
16096;2026-01-18;567;15;14;2;750;0%;1500;Boleto
16097;2025-12-31;1004;19;12;2;490;0%;980;Cartão de Crédito
16098;2025-12-12;931;1;4;2;4500;5%;8550;Cartão de Crédito
16099;2026-08-15;1897;11;11;1;3800;0%;3800;Cartão de Crédito
16100;2026-02-06;2062;34;15;1;890;0%;890;Cartão de Crédito
16101;2026-05-24;512;22;7;1;850;0%;850;Cartão de Crédito
16102;2025-11-29;10;7;5;1;320;0%;320;Cartão de Crédito
16103;2025-09-20;1641;7;3;1;320;0%;320;Cartão de Crédito
16104;2026-08-31;846;24;5;1;380;0%;380;Cartão de Crédito
16105;2025-09-19;963;41;4;1;45;10%;40,5;Pix
16106;2026-06-07;1702;15;15;1;750;0%;750;Cartão de Crédito
16107;2026-04-17;1894;15;9;3;750;0%;2250;Cartão de Crédito
16108;2026-02-16;2122;45;6;1;180;0%;180;Cartão de Crédito
16109;2025-12-12;2091;27;16;1;350;0%;350;Pix
16110;2026-06-22;45;16;16;1;520;0%;520;Pix
16111;2025-12-20;254;33;2;1;1200;0%;1200;Cartão de Débito
16112;2026-02-12;1772;6;8;1;220;0%;220;Pix
16113;2025-09-28;2370;19;13;1;490;0%;490;Pix
16114;2026-04-13;1604;10;15;3;50;0%;150;Cartão de Crédito
16115;2026-04-23;716;15;13;1;750;0%;750;Pix
16116;2025-09-28;642;3;14;1;250;0%;250;Cartão de Crédito
16117;2026-08-11;1278;23;3;4;400;5%;1520;Pix
16118;2026-08-04;171;22;9;1;850;0%;850;Cartão de Crédito
16119;2026-09-12;2019;23;4;1;400;0%;400;Cartão de Crédito
16120;2026-04-12;1220;22;11;2;850;0%;1700;Pix
16121;2026-01-21;1314;38;17;1;390;0%;390;Cartão de Crédito
16122;2026-01-25;1248;11;14;2;3800;5%;7220;Cartão de Crédito
16123;2026-03-07;1917;7;15;1;320;0%;320;Cartão de Crédito
16124;2025-11-11;1005;12;15;3;180;0%;540;Cartão de Crédito
16125;2025-11-07;1412;31;7;4;120;0%;480;Cartão de Débito
16126;2026-01-20;686;18;15;3;280;0%;840;Cartão de Crédito
16127;2026-05-27;2384;15;7;1;750;5%;712,5;Cartão de Crédito
16128;2026-08-03;715;39;17;2;290;5%;551;Pix
16129;2026-05-07;881;31;5;1;120;0%;120;Pix
16130;2025-12-09;1919;13;13;1;2900;0%;2900;Cartão de Crédito
16131;2026-04-18;1313;25;9;3;310;0%;930;Pix
16132;2026-06-12;1186;21;5;1;1600;0%;1600;Cartão de Crédito
16133;2026-05-25;1250;32;10;1;480;0%;480;Pix
16134;2026-04-19;1251;22;11;1;850;0%;850;Cartão de Crédito
16135;2026-07-30;1127;3;2;1;250;0%;250;Pix
16136;2025-12-17;124;14;1;1;350;0%;350;Cartão de Crédito
16137;2025-11-30;411;21;10;1;1600;0%;1600;Pix
16138;2026-01-09;1576;20;14;2;190;5%;361;Boleto
16139;2026-02-26;2308;20;10;2;190;10%;342;Cartão de Crédito
16140;2026-03-14;825;31;18;1;120;5%;114;Boleto
16141;2026-06-22;706;14;7;3;350;5%;997,5;Cartão de Crédito
16142;2025-11-20;1020;19;10;3;490;0%;1470;Pix
16143;2026-03-01;1003;7;7;1;320;0%;320;Cartão de Crédito
16144;2026-03-09;1588;16;14;2;520;10%;936;Cartão de Crédito
16145;2026-06-02;664;42;5;2;35;0%;70;Cartão de Crédito
16146;2026-06-07;2453;35;14;1;250;5%;237,5;Cartão de Crédito
16147;2026-03-17;1984;30;12;1;160;0%;160;Cartão de Crédito
16148;2026-02-14;2478;41;5;2;45;0%;90;Cartão de Crédito
16149;2026-08-18;22;20;8;2;190;10%;342;Boleto
16150;2026-09-05;2242;24;1;1;380;0%;380;Cartão de Crédito
16151;2025-11-08;827;19;8;1;490;0%;490;Pix
16152;2026-08-03;1912;19;13;1;490;0%;490;Boleto
16153;2025-10-19;320;35;12;1;250;0%;250;Pix
16154;2026-08-22;1872;31;16;1;120;5%;114;Boleto
16155;2025-09-16;407;10;10;1;50;0%;50;Cartão de Débito
16156;2025-10-27;472;41;3;1;45;0%;45;Boleto
16157;2026-03-13;2165;31;4;2;120;0%;240;Cartão de Crédito
16158;2026-08-03;1559;39;5;2;290;0%;580;Cartão de Débito
16159;2025-12-29;284;1;12;1;4500;0%;4500;Boleto
16160;2026-01-14;2497;25;9;1;310;0%;310;Cartão de Crédito
16161;2025-12-03;2248;3;3;1;250;0%;250;Cartão de Crédito
16162;2025-11-08;1468;42;18;1;35;5%;33,25;Pix
16163;2026-05-06;1659;6;11;1;220;0%;220;Cartão de Débito
16164;2025-10-01;2363;3;3;3;250;0%;750;Cartão de Débito
16165;2026-03-23;828;19;15;1;490;0%;490;Boleto
16166;2026-08-04;1493;23;1;1;400;0%;400;Cartão de Crédito
16167;2026-03-19;1799;2;5;1;80;0%;80;Cartão de Crédito
16168;2025-11-12;1519;42;3;1;35;0%;35;Boleto
16169;2025-10-01;2473;2;18;1;80;0%;80;Cartão de Crédito
16170;2025-10-29;255;5;1;1;950;0%;950;Boleto
16171;2026-08-07;2369;18;9;4;280;0%;1120;Cartão de Crédito
16172;2026-02-09;906;41;1;2;45;0%;90;Pix
16173;2025-09-30;570;30;15;2;160;0%;320;Cartão de Crédito
16174;2026-05-19;923;5;5;2;950;0%;1900;Cartão de Crédito
16175;2025-09-19;1537;32;11;3;480;0%;1440;Cartão de Crédito
16176;2026-04-03;2318;35;10;2;250;0%;500;Cartão de Débito
16177;2025-11-25;1829;26;14;1;2200;0%;2200;Cartão de Crédito
16178;2026-07-30;773;30;18;2;160;0%;320;Pix
16179;2025-09-16;2156;20;6;1;190;0%;190;Cartão de Crédito
16180;2026-03-26;810;14;6;1;350;0%;350;Cartão de Crédito
16181;2026-04-01;1824;8;14;1;110;5%;104,5;Cartão de Crédito
16182;2026-01-05;412;3;3;1;250;0%;250;Cartão de Crédito
16183;2026-02-17;1010;6;3;1;220;0%;220;Cartão de Crédito
16184;2025-10-13;1880;18;11;1;280;0%;280;Pix
16185;2026-01-07;2445;14;17;1;350;0%;350;Boleto
16186;2026-05-13;322;2;9;1;80;0%;80;Pix
16187;2025-11-06;1091;19;6;1;490;0%;490;Cartão de Crédito
16188;2026-04-21;1196;31;5;1;120;0%;120;Cartão de Crédito
16189;2026-07-12;905;40;1;2;600;5%;1140;Cartão de Crédito
16190;2026-03-23;1054;20;13;1;190;0%;190;Pix
16191;2025-11-08;1153;33;7;1;1200;5%;1140;Cartão de Crédito
16192;2026-05-29;827;21;17;1;1600;0%;1600;Pix
16193;2025-10-14;1692;8;16;1;110;5%;104,5;Pix
16194;2026-02-12;551;25;18;1;310;0%;310;Cartão de Crédito
16195;2026-07-13;1282;12;10;4;180;5%;684;Cartão de Crédito
16196;2025-10-08;1458;17;18;1;650;10%;585;Cartão de Crédito
16197;2026-02-04;1944;32;9;1;480;0%;480;Boleto
16198;2026-01-16;2285;20;10;1;190;0%;190;Cartão de Crédito
16199;2026-05-20;1377;20;5;2;190;0%;380;Cartão de Crédito
16200;2026-05-30;2415;22;16;1;850;0%;850;Cartão de Crédito
16201;2025-12-03;1251;9;11;3;150;5%;427,5;Cartão de Débito
16202;2026-07-19;1877;1;18;2;4500;5%;8550;Cartão de Crédito
16203;2026-07-10;2225;45;6;1;180;0%;180;Pix
16204;2025-12-16;1179;12;11;1;180;0%;180;Cartão de Débito
16205;2026-03-07;1209;8;1;1;110;0%;110;Cartão de Crédito
16206;2026-08-11;1146;2;5;1;80;0%;80;Cartão de Crédito
16207;2025-11-13;88;6;1;1;220;5%;209;Cartão de Crédito
16208;2025-11-08;1230;32;13;1;480;0%;480;Boleto
16209;2025-11-11;449;17;16;1;650;0%;650;Pix
16210;2026-04-28;2158;17;11;1;650;0%;650;Cartão de Crédito
16211;2026-02-02;1523;26;7;2;2200;0%;4400;Cartão de Crédito
16212;2026-06-28;129;28;12;1;420;5%;399;Pix
16213;2026-04-25;2239;19;13;1;490;0%;490;Cartão de Débito
16214;2026-03-27;525;1;14;1;4500;10%;4050;Cartão de Crédito
16215;2026-07-13;724;28;7;1;420;0%;420;Pix
16216;2026-01-11;2321;20;11;1;190;0%;190;Boleto
16217;2026-01-13;35;9;2;1;150;0%;150;Pix
16218;2026-08-21;524;8;12;1;110;0%;110;Boleto
16219;2026-03-10;801;11;11;1;3800;0%;3800;Cartão de Crédito
16220;2026-08-15;751;28;12;1;420;0%;420;Pix
16221;2026-04-04;845;12;15;1;180;5%;171;Cartão de Crédito
16222;2026-05-19;894;36;4;2;550;0%;1100;Cartão de Crédito
16223;2025-12-10;1470;7;6;1;320;5%;304;Cartão de Crédito
16224;2026-02-18;1484;36;17;1;550;0%;550;Boleto
16225;2026-05-20;131;37;4;1;140;0%;140;Cartão de Crédito
16226;2026-01-03;390;12;4;1;180;0%;180;Cartão de Crédito
16227;2025-10-14;1823;32;12;2;480;5%;912;Pix
16228;2025-11-13;2010;14;8;1;350;0%;350;Cartão de Crédito
16229;2026-08-19;845;30;12;2;160;5%;304;Boleto
16230;2026-06-24;804;45;14;1;180;0%;180;Boleto
16231;2025-11-23;1205;5;6;1;950;0%;950;Cartão de Crédito
16232;2025-11-14;1380;6;3;1;220;0%;220;Cartão de Débito
16233;2026-03-04;1757;43;10;1;65;5%;61,75;Cartão de Crédito
16234;2026-02-18;903;44;18;1;55;5%;52,25;Cartão de Crédito
16235;2026-05-23;2244;31;16;1;120;0%;120;Cartão de Crédito
16236;2025-10-17;1875;23;3;1;400;0%;400;Pix
16237;2026-01-08;1326;9;7;2;150;0%;300;Cartão de Débito
16238;2026-03-09;2104;30;3;2;160;0%;320;Cartão de Crédito
16239;2025-10-10;1433;29;9;1;380;0%;380;Cartão de Crédito
16240;2026-06-14;714;14;11;1;350;10%;315;Cartão de Crédito
16241;2026-04-21;652;31;16;1;120;0%;120;Pix
16242;2025-12-30;1739;2;9;2;80;5%;152;Cartão de Crédito
16243;2025-12-22;828;11;4;1;3800;0%;3800;Cartão de Crédito
16244;2026-04-20;338;2;5;1;80;0%;80;Cartão de Crédito
16245;2025-09-12;2456;6;5;1;220;0%;220;Cartão de Crédito
16246;2026-06-20;1724;7;18;2;320;0%;640;Boleto
16247;2026-08-16;1949;19;18;5;490;0%;2450;Pix
16248;2026-02-09;628;5;16;1;950;0%;950;Cartão de Débito
16249;2026-05-16;1354;9;4;1;150;5%;142,5;Cartão de Crédito
16250;2026-02-20;911;21;13;1;1600;0%;1600;Cartão de Crédito
16251;2026-08-14;1802;11;5;1;3800;0%;3800;Cartão de Crédito
16252;2025-10-06;2417;5;15;2;950;0%;1900;Cartão de Crédito
16253;2026-03-12;148;20;13;5;190;0%;950;Pix
16254;2026-03-23;2429;6;4;5;220;0%;1100;Pix
16255;2026-08-28;527;36;18;1;550;0%;550;Boleto
16256;2026-02-19;1622;8;17;1;110;0%;110;Boleto
16257;2026-02-27;2316;22;9;1;850;0%;850;Boleto
16258;2026-02-08;323;20;14;1;190;0%;190;Cartão de Crédito
16259;2026-02-05;2343;1;8;2;4500;5%;8550;Cartão de Crédito
16260;2025-12-26;407;10;3;2;50;0%;100;Cartão de Crédito
16261;2025-10-26;1311;25;13;2;310;0%;620;Cartão de Débito
16262;2026-08-04;2220;11;11;1;3800;0%;3800;Cartão de Crédito
16263;2026-02-18;117;3;6;1;250;0%;250;Boleto
16264;2026-03-29;513;16;4;1;520;0%;520;Cartão de Crédito
16265;2026-06-04;170;19;13;1;490;0%;490;Cartão de Crédito
16266;2026-09-01;41;19;8;1;490;0%;490;Cartão de Crédito
16267;2026-04-09;1024;27;6;1;350;0%;350;Boleto
16268;2026-01-08;1513;29;4;1;380;0%;380;Pix
16269;2026-06-20;1333;3;6;1;250;0%;250;Pix
16270;2025-11-25;2436;20;3;1;190;0%;190;Pix
16271;2026-04-18;1451;26;13;1;2200;0%;2200;Cartão de Crédito
16272;2025-10-29;817;9;2;1;150;0%;150;Cartão de Crédito
16273;2026-04-25;985;38;17;4;390;0%;1560;Cartão de Crédito
16274;2026-04-24;322;28;10;3;420;0%;1260;Cartão de Crédito
16275;2026-05-31;1185;2;11;1;80;0%;80;Cartão de Crédito
16276;2026-01-28;1262;2;7;1;80;0%;80;Boleto
16277;2025-09-27;17;15;15;2;750;0%;1500;Pix
16278;2026-08-08;1198;2;11;1;80;0%;80;Cartão de Crédito
16279;2026-08-23;1847;34;16;1;890;0%;890;Pix
16280;2026-05-10;1192;45;4;1;180;0%;180;Cartão de Débito
16281;2026-08-09;1203;8;14;2;110;5%;209;Pix
16282;2026-03-08;411;14;17;1;350;0%;350;Pix
16283;2025-12-28;398;34;13;1;890;0%;890;Pix
16284;2026-01-15;822;1;6;2;4500;0%;9000;Cartão de Crédito
16285;2026-03-18;909;10;8;1;50;10%;45;Pix
16286;2026-09-08;1776;38;7;1;390;0%;390;Pix
16287;2025-10-02;1362;3;15;1;250;5%;237,5;Pix
16288;2026-03-11;1898;44;17;3;55;0%;165;Boleto
16289;2026-03-25;1655;43;2;1;65;0%;65;Cartão de Crédito
16290;2026-05-02;240;4;6;1;1400;0%;1400;Cartão de Crédito
16291;2026-03-03;96;3;15;1;250;0%;250;Cartão de Crédito
16292;2026-03-26;1752;3;14;1;250;0%;250;Cartão de Crédito
16293;2025-10-04;1584;10;12;1;50;5%;47,5;Pix
16294;2025-09-21;2112;15;12;4;750;0%;3000;Cartão de Débito
16295;2026-09-11;607;1;14;1;4500;5%;4275;Cartão de Crédito
16296;2025-10-23;194;1;14;2;4500;0%;9000;Cartão de Crédito
16297;2026-06-01;1679;36;12;1;550;0%;550;Cartão de Crédito
16298;2026-03-08;857;26;5;1;2200;0%;2200;Cartão de Crédito
16299;2026-03-28;1044;40;16;3;600;0%;1800;Boleto
16300;2026-01-28;440;36;9;2;550;0%;1100;Pix
16301;2025-10-14;740;28;9;1;420;0%;420;Cartão de Crédito
16302;2025-09-19;1065;19;7;2;490;0%;980;Boleto
16303;2026-06-30;1786;10;17;2;50;10%;90;Pix
16304;2026-02-04;2109;2;7;1;80;10%;72;Pix
16305;2026-02-21;2389;16;13;1;520;0%;520;Cartão de Débito
16306;2025-10-07;30;16;1;1;520;0%;520;Cartão de Crédito
16307;2025-10-16;2262;29;5;1;380;5%;361;Cartão de Crédito
16308;2025-09-15;2104;14;16;2;350;0%;700;Cartão de Crédito
16309;2025-11-05;1588;11;7;1;3800;0%;3800;Cartão de Crédito
16310;2026-06-10;2259;25;4;2;310;0%;620;Cartão de Crédito
16311;2026-07-12;883;15;5;1;750;0%;750;Pix
16312;2026-05-14;333;39;4;1;290;0%;290;Cartão de Crédito
16313;2026-05-29;2427;4;8;1;1400;0%;1400;Cartão de Crédito
16314;2026-06-25;434;2;18;2;80;5%;152;Cartão de Crédito
16315;2026-05-14;2474;5;5;1;950;0%;950;Pix
16316;2025-10-31;1693;27;11;2;350;0%;700;Cartão de Débito
16317;2025-09-13;399;8;17;1;110;10%;99;Cartão de Débito
16318;2025-10-19;1907;7;12;1;320;0%;320;Pix
16319;2026-05-03;1725;3;1;2;250;0%;500;Cartão de Crédito
16320;2025-11-03;2095;18;2;2;280;10%;504;Pix
16321;2026-06-05;1766;5;15;1;950;0%;950;Cartão de Crédito
16322;2026-08-28;1309;7;5;3;320;5%;912;Cartão de Crédito
16323;2025-11-15;1686;10;5;1;50;0%;50;Pix
16324;2026-02-15;2446;4;3;1;1400;0%;1400;Cartão de Crédito
16325;2026-03-01;528;20;17;2;190;0%;380;Cartão de Crédito
16326;2026-07-23;921;25;6;1;310;5%;294,5;Pix
16327;2026-05-31;440;8;13;2;110;10%;198;Cartão de Crédito
16328;2026-04-23;1381;3;3;2;250;0%;500;Cartão de Crédito
16329;2026-05-19;2004;13;7;1;2900;0%;2900;Pix
16330;2025-10-21;845;3;3;2;250;0%;500;Pix
16331;2026-07-23;1888;18;10;1;280;10%;252;Cartão de Crédito
16332;2026-06-30;1008;24;4;1;380;5%;361;Pix
16333;2026-01-12;1336;17;5;2;650;0%;1300;Cartão de Crédito
16334;2026-09-12;2003;16;14;1;520;0%;520;Boleto
16335;2025-12-14;1412;2;11;1;80;0%;80;Pix
16336;2026-07-24;1012;22;16;1;850;0%;850;Pix
16337;2026-04-16;1516;24;3;2;380;0%;760;Cartão de Crédito
16338;2025-10-29;2125;18;5;3;280;5%;798;Cartão de Crédito
16339;2026-02-23;1792;10;14;1;50;0%;50;Pix
16340;2026-07-29;1383;8;4;2;110;0%;220;Cartão de Crédito
16341;2026-03-27;879;5;4;3;950;0%;2850;Cartão de Crédito
16342;2026-05-03;695;34;16;1;890;0%;890;Cartão de Crédito
16343;2025-10-30;1351;13;9;1;2900;0%;2900;Cartão de Crédito
16344;2026-06-12;796;32;14;2;480;5%;912;Pix
16345;2025-12-09;2192;5;3;1;950;0%;950;Pix
16346;2025-12-20;1177;26;4;2;2200;5%;4180;Pix
16347;2026-01-09;1368;3;1;1;250;0%;250;Pix
16348;2025-12-17;827;4;10;1;1400;10%;1260;Cartão de Crédito
16349;2026-04-05;51;5;16;1;950;5%;902,5;Boleto
16350;2026-02-18;2428;18;14;1;280;10%;252;Cartão de Crédito
16351;2026-08-02;2069;1;15;1;4500;0%;4500;Cartão de Crédito
16352;2026-02-25;1827;12;10;3;180;5%;513;Pix
16353;2026-08-08;1212;42;14;1;35;0%;35;Pix
16354;2026-09-05;1292;25;10;1;310;0%;310;Cartão de Crédito
16355;2026-09-09;1037;12;18;1;180;0%;180;Pix
16356;2025-11-23;471;30;17;1;160;0%;160;Cartão de Crédito
16357;2026-05-20;892;30;18;1;160;0%;160;Cartão de Crédito
16358;2026-08-15;725;9;4;1;150;0%;150;Cartão de Débito
16359;2025-11-16;1352;3;11;1;250;0%;250;Cartão de Débito
16360;2026-05-31;2226;45;16;3;180;0%;540;Cartão de Crédito
16361;2026-05-11;1145;36;2;3;550;0%;1650;Pix
16362;2026-03-10;238;37;7;3;140;0%;420;Pix
16363;2025-10-15;1395;17;3;2;650;0%;1300;Cartão de Crédito
16364;2025-12-27;1272;15;13;1;750;0%;750;Cartão de Crédito
16365;2026-03-22;221;23;18;1;400;5%;380;Pix
16366;2026-09-07;1704;5;11;2;950;0%;1900;Cartão de Crédito
16367;2026-09-01;1713;19;14;2;490;0%;980;Pix
16368;2026-08-31;898;1;18;1;4500;0%;4500;Cartão de Crédito
16369;2026-05-21;1092;43;10;1;65;0%;65;Pix
16370;2026-05-15;2016;13;3;2;2900;10%;5220;Cartão de Débito
16371;2026-01-06;1262;7;3;2;320;5%;608;Cartão de Crédito
16372;2025-12-05;1391;15;8;1;750;0%;750;Boleto
16373;2026-08-06;2125;37;8;4;140;0%;560;Cartão de Crédito
16374;2026-01-24;358;4;1;4;1400;0%;5600;Cartão de Crédito
16375;2026-04-17;1510;36;15;1;550;0%;550;Pix
16376;2025-11-20;1825;14;14;1;350;0%;350;Pix
16377;2026-03-26;1502;32;14;5;480;0%;2400;Pix
16378;2025-12-01;175;16;14;2;520;0%;1040;Boleto
16379;2026-05-25;202;4;8;2;1400;0%;2800;Cartão de Crédito
16380;2026-07-19;955;30;7;2;160;5%;304;Cartão de Crédito
16381;2026-03-23;1805;21;16;4;1600;5%;6080;Pix
16382;2026-05-02;1049;9;10;1;150;0%;150;Pix
16383;2025-10-30;138;19;18;1;490;0%;490;Cartão de Crédito
16384;2026-01-18;832;14;16;1;350;5%;332,5;Cartão de Crédito
16385;2025-11-13;459;22;17;1;850;0%;850;Cartão de Crédito
16386;2025-12-16;226;16;1;1;520;0%;520;Cartão de Crédito
16387;2026-01-01;1128;9;2;1;150;0%;150;Pix
16388;2026-07-27;1006;35;11;1;250;5%;237,5;Cartão de Débito
16389;2026-05-31;751;16;16;1;520;0%;520;Boleto
16390;2026-08-28;465;8;16;1;110;0%;110;Cartão de Crédito
16391;2025-12-22;554;19;2;2;490;0%;980;Cartão de Crédito
16392;2025-12-29;327;18;1;1;280;0%;280;Boleto
16393;2026-04-23;1628;18;13;2;280;5%;532;Cartão de Crédito
16394;2026-02-03;1785;23;12;1;400;0%;400;Cartão de Crédito
16395;2025-10-31;2055;22;9;1;850;0%;850;Cartão de Crédito
16396;2026-05-13;2084;25;17;1;310;0%;310;Cartão de Débito
16397;2026-05-25;1913;13;17;2;2900;0%;5800;Cartão de Crédito
16398;2026-06-20;2098;9;10;2;150;0%;300;Pix
16399;2026-03-10;2051;19;16;1;490;5%;465,5;Pix
16400;2026-07-26;1457;34;15;1;890;0%;890;Pix
16401;2026-09-05;2380;3;16;1;250;0%;250;Pix
16402;2025-10-25;406;11;10;3;3800;0%;11400;Cartão de Crédito
16403;2026-07-15;355;19;15;2;490;0%;980;Cartão de Crédito
16404;2026-07-17;1204;27;14;1;350;5%;332,5;Cartão de Crédito
16405;2025-10-16;222;19;13;1;490;0%;490;Pix
16406;2026-07-10;725;16;8;2;520;5%;988;Pix
16407;2026-08-04;2340;41;12;1;45;0%;45;Pix
16408;2025-10-31;85;27;18;1;350;0%;350;Cartão de Crédito
16409;2026-08-10;837;22;5;1;850;0%;850;Cartão de Débito
16410;2026-05-22;2117;9;13;1;150;0%;150;Pix
16411;2026-03-31;2131;21;14;3;1600;0%;4800;Boleto
16412;2026-06-16;2484;13;17;1;2900;0%;2900;Cartão de Crédito
16413;2026-02-13;599;6;1;2;220;0%;440;Cartão de Crédito
16414;2025-09-22;938;2;6;1;80;0%;80;Cartão de Crédito
16415;2026-03-28;1356;25;2;1;310;0%;310;Cartão de Crédito
16416;2026-08-06;936;2;2;2;80;5%;152;Pix
16417;2026-02-21;573;11;9;1;3800;5%;3610;Pix
16418;2025-10-30;396;23;9;1;400;0%;400;Cartão de Crédito
16419;2025-12-07;162;25;15;1;310;5%;294,5;Cartão de Crédito
16420;2026-04-08;1532;45;4;1;180;0%;180;Cartão de Crédito
16421;2026-01-04;885;1;11;1;4500;0%;4500;Cartão de Crédito
16422;2025-12-12;2306;26;10;1;2200;0%;2200;Boleto
16423;2026-07-16;1531;35;16;3;250;0%;750;Cartão de Crédito
16424;2026-04-23;218;11;8;1;3800;0%;3800;Pix
16425;2026-09-11;2334;5;14;2;950;0%;1900;Cartão de Crédito
16426;2026-08-30;290;9;1;1;150;10%;135;Cartão de Débito
16427;2026-06-15;1108;38;6;1;390;0%;390;Pix
16428;2026-07-11;1958;26;2;1;2200;0%;2200;Cartão de Crédito
16429;2026-02-13;1300;18;7;1;280;0%;280;Pix
16430;2026-06-06;1738;44;18;1;55;10%;49,5;Cartão de Crédito
16431;2026-04-27;1632;20;3;1;190;0%;190;Cartão de Crédito
16432;2025-11-24;2326;26;15;1;2200;0%;2200;Cartão de Crédito
16433;2026-04-10;2011;42;13;1;35;0%;35;Cartão de Crédito
16434;2025-11-28;466;14;7;1;350;0%;350;Cartão de Crédito
16435;2026-03-02;1229;33;11;2;1200;0%;2400;Pix
16436;2026-04-06;280;31;9;2;120;10%;216;Cartão de Crédito
16437;2026-01-06;494;8;12;1;110;0%;110;Cartão de Crédito
16438;2025-12-22;2098;2;7;2;80;0%;160;Pix
16439;2026-08-28;1246;25;18;2;310;0%;620;Cartão de Crédito
16440;2026-08-06;2361;44;12;1;55;10%;49,5;Cartão de Crédito
16441;2026-01-15;272;31;6;2;120;0%;240;Pix
16442;2025-10-07;131;4;17;1;1400;5%;1330;Pix
16443;2026-02-28;2364;18;2;2;280;0%;560;Cartão de Crédito
16444;2026-02-18;196;1;1;3;4500;0%;13500;Cartão de Crédito
16445;2025-12-10;1146;3;4;1;250;5%;237,5;Cartão de Crédito
16446;2026-08-24;1848;11;2;2;3800;0%;7600;Cartão de Crédito
16447;2025-12-31;1657;27;9;2;350;0%;700;Pix
16448;2025-12-14;998;17;16;1;650;0%;650;Cartão de Crédito
16449;2026-01-17;892;15;3;1;750;0%;750;Cartão de Crédito
16450;2025-12-25;1225;28;5;1;420;0%;420;Cartão de Crédito
16451;2026-02-18;257;35;10;4;250;5%;950;Cartão de Crédito
16452;2026-07-29;1802;7;4;1;320;0%;320;Pix
16453;2026-06-01;2345;17;16;1;650;5%;617,5;Pix
16454;2026-04-01;666;39;3;2;290;0%;580;Cartão de Crédito
16455;2026-05-15;1922;9;10;1;150;0%;150;Pix
16456;2025-11-23;2498;31;6;1;120;0%;120;Cartão de Crédito
16457;2025-11-01;144;4;4;1;1400;0%;1400;Cartão de Crédito
16458;2026-05-23;557;17;16;2;650;0%;1300;Cartão de Crédito
16459;2026-01-26;2220;28;5;1;420;0%;420;Cartão de Crédito
16460;2025-10-23;1396;19;3;5;490;0%;2450;Cartão de Crédito
16461;2026-05-15;1381;16;1;1;520;0%;520;Cartão de Crédito
16462;2026-05-21;2325;16;14;2;520;5%;988;Pix
16463;2026-01-10;329;2;8;1;80;5%;76;Cartão de Crédito
16464;2025-11-24;1122;34;2;1;890;10%;801;Boleto
16465;2026-08-17;1125;1;13;2;4500;0%;9000;Pix
16466;2025-10-23;1720;1;11;1;4500;0%;4500;Cartão de Crédito
16467;2025-10-29;2500;15;13;2;750;0%;1500;Pix
16468;2026-03-31;704;5;16;2;950;5%;1805;Cartão de Crédito
16469;2025-10-29;1132;18;12;1;280;0%;280;Pix
16470;2026-05-17;212;26;14;2;2200;5%;4180;Boleto
16471;2026-02-21;2177;20;14;5;190;0%;950;Cartão de Crédito
16472;2026-05-29;1786;5;6;1;950;0%;950;Pix
16473;2025-12-30;1810;36;17;1;550;0%;550;Cartão de Crédito
16474;2026-03-21;1838;5;15;1;950;0%;950;Boleto
16475;2025-10-31;1897;6;4;2;220;0%;440;Pix
16476;2025-12-12;270;10;7;3;50;0%;150;Boleto
16477;2026-09-02;2479;36;3;2;550;0%;1100;Pix
16478;2026-05-22;1556;21;16;1;1600;0%;1600;Pix
16479;2025-09-12;2005;24;1;1;380;0%;380;Boleto
16480;2025-09-12;521;18;6;2;280;0%;560;Cartão de Crédito
16481;2026-08-09;1797;26;14;2;2200;0%;4400;Cartão de Débito
16482;2025-12-03;1134;3;10;1;250;0%;250;Cartão de Crédito
16483;2026-03-03;750;4;15;1;1400;0%;1400;Pix
16484;2026-05-28;1189;19;7;1;490;0%;490;Boleto
16485;2025-09-12;44;16;8;3;520;0%;1560;Pix
16486;2026-07-19;2233;8;16;1;110;0%;110;Cartão de Crédito
16487;2026-05-26;164;43;14;3;65;0%;195;Pix
16488;2026-02-05;1736;34;11;1;890;0%;890;Pix
16489;2026-06-27;1260;13;3;2;2900;10%;5220;Cartão de Crédito
16490;2026-08-15;2214;14;14;1;350;0%;350;Pix
16491;2026-06-16;1246;15;17;1;750;0%;750;Cartão de Crédito
16492;2026-05-19;1114;34;7;1;890;0%;890;Cartão de Crédito
16493;2026-09-04;731;39;1;1;290;0%;290;Cartão de Crédito
16494;2025-12-28;2382;4;5;3;1400;0%;4200;Cartão de Crédito
16495;2025-12-06;1549;2;18;2;80;10%;144;Pix
16496;2026-04-06;2053;28;16;1;420;5%;399;Cartão de Crédito
16497;2025-09-25;848;12;16;3;180;0%;540;Cartão de Crédito
16498;2026-03-18;1525;44;16;3;55;5%;156,75;Cartão de Crédito
16499;2026-06-11;1508;13;10;4;2900;0%;11600;Cartão de Crédito
16500;2026-02-26;1983;22;13;5;850;0%;4250;Pix
16501;2026-02-25;879;2;1;1;80;0%;80;Cartão de Crédito
16502;2026-07-05;588;27;9;1;350;0%;350;Pix
16503;2026-04-14;1180;19;7;2;490;0%;980;Cartão de Crédito
16504;2025-09-21;2070;11;4;1;3800;0%;3800;Pix
16505;2026-01-03;529;28;5;1;420;0%;420;Cartão de Crédito
16506;2025-12-09;1418;25;15;2;310;0%;620;Pix
16507;2026-03-20;79;12;9;2;180;5%;342;Cartão de Crédito
16508;2025-10-20;566;25;6;1;310;5%;294,5;Cartão de Crédito
16509;2026-04-15;1611;1;10;1;4500;0%;4500;Cartão de Crédito
16510;2026-01-12;1530;3;1;2;250;0%;500;Cartão de Crédito
16511;2026-07-01;1152;5;11;1;950;0%;950;Cartão de Débito
16512;2026-03-20;1817;3;8;1;250;0%;250;Cartão de Crédito
16513;2025-11-01;1174;34;5;1;890;5%;845,5;Cartão de Crédito
16514;2026-08-15;1737;28;14;2;420;0%;840;Cartão de Crédito
16515;2025-12-11;596;9;9;1;150;0%;150;Boleto
16516;2026-05-21;1796;6;14;1;220;0%;220;Cartão de Crédito
16517;2025-09-13;826;31;18;2;120;0%;240;Boleto
16518;2025-11-28;2058;34;2;1;890;0%;890;Cartão de Crédito
16519;2026-05-16;288;11;2;1;3800;0%;3800;Pix
16520;2025-10-07;592;7;9;2;320;0%;640;Pix
16521;2026-02-20;2153;25;17;1;310;0%;310;Boleto
16522;2026-08-24;1756;7;9;1;320;0%;320;Pix
16523;2025-11-08;1884;32;8;1;480;0%;480;Cartão de Crédito
16524;2026-07-15;2470;4;13;2;1400;10%;2520;Cartão de Crédito
16525;2026-07-22;1960;15;8;2;750;0%;1500;Pix
16526;2026-08-14;917;24;7;1;380;0%;380;Cartão de Crédito
16527;2026-01-15;2071;31;7;1;120;0%;120;Cartão de Crédito
16528;2025-12-21;2159;20;15;2;190;0%;380;Cartão de Crédito
16529;2026-04-19;2269;12;17;1;180;0%;180;Boleto
16530;2025-12-28;2260;24;13;2;380;0%;760;Pix
16531;2026-06-06;2380;25;17;1;310;0%;310;Cartão de Crédito
16532;2025-11-27;1416;3;17;3;250;0%;750;Cartão de Crédito
16533;2025-11-13;1833;4;7;2;1400;0%;2800;Cartão de Crédito
16534;2026-06-24;1777;13;18;2;2900;0%;5800;Pix
16535;2025-11-03;1552;34;12;1;890;0%;890;Cartão de Crédito
16536;2025-12-13;582;34;8;1;890;0%;890;Pix
16537;2026-03-01;153;39;16;2;290;5%;551;Cartão de Débito
16538;2026-08-03;2471;7;8;1;320;0%;320;Boleto
16539;2026-05-15;2226;23;16;2;400;0%;800;Cartão de Crédito
16540;2026-01-09;1475;8;5;2;110;0%;220;Pix
16541;2025-11-09;2375;39;17;1;290;0%;290;Boleto
16542;2025-09-24;1544;3;17;1;250;5%;237,5;Pix
16543;2026-01-20;2445;22;13;2;850;0%;1700;Boleto
16544;2025-09-27;807;3;7;1;250;0%;250;Boleto
16545;2026-02-07;723;6;12;1;220;0%;220;Cartão de Crédito
16546;2025-10-11;2217;31;13;2;120;5%;228;Pix
16547;2026-05-07;631;26;5;1;2200;0%;2200;Pix
16548;2026-04-09;1778;16;6;1;520;0%;520;Boleto
16549;2026-06-12;362;20;2;1;190;0%;190;Cartão de Crédito
16550;2026-04-30;1656;7;15;3;320;0%;960;Cartão de Crédito
16551;2026-05-03;1820;17;18;1;650;0%;650;Pix
16552;2026-04-11;1816;6;8;3;220;0%;660;Pix
16553;2026-09-06;2465;21;16;1;1600;0%;1600;Boleto
16554;2025-10-20;2183;19;3;1;490;0%;490;Boleto
16555;2026-07-20;186;30;12;1;160;5%;152;Cartão de Crédito
16556;2026-08-11;2361;26;15;3;2200;0%;6600;Cartão de Crédito
16557;2026-01-25;1763;15;17;2;750;0%;1500;Boleto
16558;2026-07-02;2329;4;8;3;1400;0%;4200;Boleto
16559;2026-01-01;136;26;12;2;2200;0%;4400;Pix
16560;2025-12-31;1991;5;9;1;950;0%;950;Cartão de Crédito
16561;2025-10-03;1739;12;6;1;180;0%;180;Pix
16562;2026-01-21;575;3;13;1;250;0%;250;Pix
16563;2025-11-11;227;3;8;1;250;5%;237,5;Cartão de Crédito
16564;2026-01-13;621;4;9;1;1400;5%;1330;Cartão de Crédito
16565;2026-06-23;1935;29;16;1;380;0%;380;Boleto
16566;2025-12-17;1596;2;12;2;80;0%;160;Cartão de Crédito
16567;2025-11-06;2164;20;18;2;190;0%;380;Cartão de Crédito
16568;2026-01-30;2481;14;4;1;350;10%;315;Cartão de Crédito
16569;2026-07-23;2198;3;14;2;250;0%;500;Cartão de Crédito
16570;2026-04-01;333;24;7;2;380;0%;760;Pix
16571;2025-11-23;2377;22;10;1;850;0%;850;Pix
16572;2025-09-22;1640;7;8;1;320;5%;304;Cartão de Débito
16573;2026-03-17;1936;15;6;2;750;0%;1500;Cartão de Crédito
16574;2026-01-25;1914;43;13;1;65;0%;65;Pix
16575;2025-12-25;2456;36;18;4;550;0%;2200;Cartão de Crédito
16576;2026-03-09;1949;34;5;1;890;5%;845,5;Cartão de Crédito
16577;2026-04-03;2144;21;11;1;1600;0%;1600;Cartão de Crédito
16578;2025-09-29;47;8;15;3;110;0%;330;Cartão de Crédito
16579;2025-11-22;2265;25;10;2;310;0%;620;Cartão de Crédito
16580;2026-01-06;2082;26;12;1;2200;0%;2200;Cartão de Crédito
16581;2026-06-07;34;4;1;1;1400;0%;1400;Pix
16582;2026-07-05;2412;11;17;1;3800;5%;3610;Cartão de Crédito
16583;2026-04-19;1777;29;6;2;380;5%;722;Boleto
16584;2026-09-04;1097;28;11;2;420;0%;840;Cartão de Crédito
16585;2026-08-31;68;3;11;1;250;0%;250;Pix
16586;2025-10-15;1095;24;1;3;380;5%;1083;Cartão de Crédito
16587;2026-02-17;2062;11;15;2;3800;5%;7220;Pix
16588;2026-01-04;1413;32;16;5;480;0%;2400;Cartão de Crédito
16589;2026-03-22;1120;19;8;3;490;5%;1396,5;Cartão de Crédito
16590;2026-02-05;1318;2;8;1;80;0%;80;Cartão de Crédito
16591;2026-03-26;1203;14;13;2;350;0%;700;Boleto
16592;2025-11-02;252;13;16;1;2900;0%;2900;Boleto
16593;2026-05-25;2351;22;15;1;850;10%;765;Pix
16594;2026-05-03;584;40;5;3;600;5%;1710;Pix
16595;2025-12-03;580;3;14;1;250;0%;250;Cartão de Crédito
16596;2026-02-16;1552;3;3;1;250;0%;250;Cartão de Crédito
16597;2026-02-24;992;2;8;1;80;0%;80;Boleto
16598;2025-09-29;43;37;5;2;140;0%;280;Cartão de Crédito
16599;2026-05-24;46;28;5;2;420;0%;840;Boleto
16600;2026-05-05;1489;20;2;1;190;0%;190;Boleto
16601;2026-05-13;1719;7;16;1;320;0%;320;Cartão de Débito
16602;2026-09-01;1790;27;8;1;350;0%;350;Cartão de Crédito
16603;2026-06-14;159;20;11;1;190;5%;180,5;Pix
16604;2025-11-06;1033;9;12;1;150;0%;150;Pix
16605;2026-01-13;2270;5;13;1;950;0%;950;Cartão de Débito
16606;2026-08-10;2435;21;1;1;1600;0%;1600;Cartão de Crédito
16607;2025-11-10;1782;17;17;2;650;0%;1300;Boleto
16608;2025-10-18;635;27;2;1;350;0%;350;Cartão de Crédito
16609;2026-05-24;1401;9;1;1;150;0%;150;Pix
16610;2025-10-09;104;13;13;1;2900;0%;2900;Pix
16611;2026-07-22;332;36;12;1;550;10%;495;Cartão de Débito
16612;2026-03-18;2170;24;12;2;380;0%;760;Pix
16613;2026-06-30;898;13;6;2;2900;0%;5800;Pix
16614;2025-11-24;1059;8;9;3;110;0%;330;Pix
16615;2026-02-22;1458;32;14;1;480;0%;480;Cartão de Crédito
16616;2026-03-04;749;9;7;2;150;0%;300;Cartão de Crédito
16617;2025-12-13;521;8;4;1;110;5%;104,5;Pix
16618;2026-02-14;2196;23;10;2;400;0%;800;Cartão de Crédito
16619;2026-02-02;344;1;7;2;4500;5%;8550;Pix
16620;2026-07-27;2343;29;12;2;380;0%;760;Cartão de Crédito
16621;2026-08-13;350;6;15;2;220;0%;440;Cartão de Crédito
16622;2026-04-05;2311;3;7;1;250;5%;237,5;Cartão de Crédito
16623;2025-12-27;213;21;8;1;1600;0%;1600;Pix
16624;2026-06-21;325;1;11;1;4500;0%;4500;Pix
16625;2026-04-22;2392;42;11;1;35;5%;33,25;Pix
16626;2026-07-09;171;11;16;1;3800;0%;3800;Cartão de Crédito
16627;2025-09-18;1431;5;14;5;950;0%;4750;Boleto
16628;2026-07-15;1513;15;3;1;750;10%;675;Cartão de Crédito
16629;2025-09-18;1767;3;7;2;250;0%;500;Cartão de Crédito
16630;2026-04-10;459;14;3;2;350;0%;700;Pix
16631;2025-11-22;2126;31;16;1;120;0%;120;Pix
16632;2026-02-08;169;38;17;1;390;0%;390;Cartão de Crédito
16633;2026-08-09;464;22;3;2;850;0%;1700;Cartão de Crédito
16634;2026-05-02;782;9;1;3;150;0%;450;Cartão de Crédito
16635;2026-08-29;1540;7;8;1;320;0%;320;Pix
16636;2026-06-10;596;26;3;2;2200;0%;4400;Cartão de Crédito
16637;2026-01-31;1287;25;5;1;310;0%;310;Pix
16638;2026-06-18;1806;14;17;2;350;0%;700;Cartão de Crédito
16639;2026-07-07;2468;14;13;1;350;0%;350;Cartão de Crédito
16640;2025-11-20;2070;8;8;1;110;0%;110;Pix
16641;2025-09-15;767;20;18;1;190;0%;190;Cartão de Crédito
16642;2026-02-05;232;38;12;2;390;0%;780;Cartão de Crédito
16643;2025-11-24;307;24;17;1;380;0%;380;Cartão de Débito
16644;2026-03-14;194;9;11;1;150;0%;150;Cartão de Débito
16645;2026-03-27;214;4;18;2;1400;0%;2800;Cartão de Crédito
16646;2025-12-18;438;21;4;2;1600;5%;3040;Cartão de Crédito
16647;2025-11-27;1673;2;2;3;80;0%;240;Cartão de Crédito
16648;2026-01-24;2238;42;12;1;35;0%;35;Cartão de Crédito
16649;2026-06-09;2324;26;14;3;2200;0%;6600;Cartão de Crédito
16650;2026-02-25;1080;16;18;2;520;0%;1040;Cartão de Crédito
16651;2025-10-16;2245;19;9;1;490;5%;465,5;Pix
16652;2026-01-29;64;27;8;2;350;0%;700;Pix
16653;2026-06-17;1753;19;12;2;490;0%;980;Pix
16654;2026-02-16;1881;29;3;1;380;5%;361;Cartão de Crédito
16655;2026-07-27;765;1;16;1;4500;0%;4500;Pix
16656;2026-08-06;211;5;12;2;950;5%;1805;Cartão de Crédito
16657;2026-01-19;2091;20;15;2;190;0%;380;Cartão de Crédito
16658;2026-02-15;2169;30;16;2;160;0%;320;Cartão de Crédito
16659;2025-09-30;1378;39;13;1;290;0%;290;Pix
16660;2026-03-25;628;11;8;3;3800;0%;11400;Pix
16661;2025-09-26;194;14;12;5;350;0%;1750;Cartão de Crédito
16662;2026-03-31;28;17;10;1;650;0%;650;Cartão de Crédito
16663;2026-01-29;1603;41;4;4;45;0%;180;Pix
16664;2026-03-15;44;15;4;3;750;0%;2250;Cartão de Crédito
16665;2025-11-21;906;30;11;1;160;0%;160;Pix
16666;2025-10-08;1709;13;13;1;2900;0%;2900;Cartão de Crédito
16667;2026-07-30;1536;31;13;2;120;0%;240;Cartão de Crédito
16668;2026-04-21;227;11;12;2;3800;0%;7600;Pix
16669;2025-09-26;1430;2;1;2;80;5%;152;Cartão de Crédito
16670;2026-05-31;1478;7;12;1;320;10%;288;Cartão de Crédito
16671;2026-09-03;1876;5;14;3;950;0%;2850;Pix
16672;2026-02-27;1986;30;18;2;160;0%;320;Boleto
16673;2026-07-03;872;11;16;1;3800;0%;3800;Cartão de Crédito
16674;2026-07-02;1019;19;4;1;490;10%;441;Pix
16675;2026-07-17;1264;30;16;1;160;0%;160;Pix
16676;2026-01-26;925;10;15;1;50;0%;50;Pix
16677;2025-11-28;2323;30;2;1;160;5%;152;Cartão de Crédito
16678;2026-09-07;782;6;11;2;220;0%;440;Pix
16679;2025-11-29;339;1;13;1;4500;0%;4500;Boleto
16680;2025-09-21;2427;1;4;1;4500;5%;4275;Cartão de Crédito
16681;2025-09-25;566;3;15;1;250;0%;250;Pix
16682;2026-04-16;1115;9;16;1;150;0%;150;Cartão de Crédito
16683;2025-10-18;1264;34;6;2;890;0%;1780;Cartão de Crédito
16684;2026-01-18;934;14;6;1;350;5%;332,5;Cartão de Crédito
16685;2025-10-23;413;4;3;3;1400;0%;4200;Boleto
16686;2026-08-01;2380;15;2;1;750;0%;750;Cartão de Crédito
16687;2025-11-17;1790;42;14;1;35;0%;35;Cartão de Crédito
16688;2026-08-22;548;5;8;2;950;0%;1900;Cartão de Crédito
16689;2026-05-18;1844;27;7;1;350;0%;350;Pix
16690;2026-08-01;2262;6;4;2;220;0%;440;Pix
16691;2026-01-02;1022;9;1;2;150;0%;300;Pix
16692;2026-07-22;2201;24;8;1;380;0%;380;Cartão de Crédito
16693;2025-11-01;1078;15;12;2;750;0%;1500;Cartão de Crédito
16694;2025-12-04;1024;3;16;1;250;0%;250;Cartão de Crédito
16695;2026-06-12;54;28;7;3;420;5%;1197;Cartão de Crédito
16696;2026-02-17;1581;3;7;1;250;0%;250;Cartão de Crédito
16697;2025-12-21;741;2;17;1;80;0%;80;Cartão de Crédito
16698;2026-04-26;1083;16;5;1;520;0%;520;Pix
16699;2026-03-17;1708;11;11;1;3800;0%;3800;Cartão de Crédito
16700;2026-04-06;2263;28;13;1;420;0%;420;Boleto
16701;2026-04-11;2177;26;2;1;2200;5%;2090;Boleto
16702;2026-08-15;1367;8;18;1;110;0%;110;Cartão de Crédito
16703;2025-10-02;129;26;2;2;2200;0%;4400;Cartão de Crédito
16704;2026-03-15;2279;3;12;1;250;0%;250;Cartão de Crédito
16705;2026-09-05;882;33;18;1;1200;0%;1200;Pix
16706;2025-11-10;1342;15;16;1;750;0%;750;Cartão de Crédito
16707;2026-03-21;218;25;3;1;310;10%;279;Cartão de Crédito
16708;2026-02-19;1105;6;8;5;220;0%;1100;Cartão de Débito
16709;2026-08-28;2227;15;11;1;750;0%;750;Boleto
16710;2026-05-02;2214;15;4;3;750;0%;2250;Cartão de Débito
16711;2026-06-25;203;16;16;1;520;10%;468;Cartão de Crédito
16712;2026-05-02;1122;23;4;1;400;0%;400;Boleto
16713;2026-02-03;2173;17;17;1;650;0%;650;Cartão de Crédito
16714;2025-11-09;1424;18;4;1;280;0%;280;Cartão de Crédito
16715;2026-02-10;1111;33;14;1;1200;0%;1200;Cartão de Crédito
16716;2026-04-08;380;1;11;2;4500;0%;9000;Pix
16717;2026-01-19;453;4;15;1;1400;0%;1400;Cartão de Débito
16718;2025-10-29;146;10;1;2;50;0%;100;Pix
16719;2026-04-08;1489;9;14;1;150;0%;150;Pix
16720;2025-11-23;1621;7;13;3;320;0%;960;Cartão de Crédito
16721;2026-04-19;2197;10;18;1;50;0%;50;Cartão de Crédito
16722;2026-03-16;1190;2;11;1;80;0%;80;Pix
16723;2026-08-19;1363;10;8;2;50;0%;100;Cartão de Crédito
16724;2026-08-02;1635;8;8;2;110;0%;220;Cartão de Crédito
16725;2026-05-24;2033;42;14;5;35;0%;175;Cartão de Crédito
16726;2026-04-21;1477;20;12;2;190;0%;380;Boleto
16727;2026-07-25;2456;38;2;1;390;5%;370,5;Pix
16728;2025-12-07;937;13;9;2;2900;0%;5800;Pix
16729;2026-02-03;544;10;8;1;50;0%;50;Cartão de Débito
16730;2026-06-26;419;13;14;1;2900;5%;2755;Cartão de Crédito
16731;2025-12-13;756;24;13;5;380;5%;1805;Boleto
16732;2026-04-19;1104;1;17;2;4500;0%;9000;Cartão de Crédito
16733;2026-02-17;442;24;17;3;380;0%;1140;Cartão de Crédito
16734;2026-08-09;1606;27;4;1;350;0%;350;Cartão de Crédito
16735;2026-02-18;1577;2;6;1;80;0%;80;Cartão de Crédito
16736;2026-06-19;2117;12;8;3;180;0%;540;Pix
16737;2026-04-06;893;9;11;2;150;0%;300;Cartão de Crédito
16738;2026-06-14;245;16;12;1;520;0%;520;Cartão de Crédito
16739;2025-12-26;823;22;3;1;850;5%;807,5;Cartão de Crédito
16740;2026-08-15;1478;10;3;1;50;0%;50;Cartão de Crédito
16741;2026-07-31;818;38;3;1;390;0%;390;Cartão de Débito
16742;2026-08-24;807;35;12;1;250;5%;237,5;Boleto
16743;2026-04-20;466;23;4;1;400;0%;400;Pix
16744;2026-04-27;20;30;6;1;160;10%;144;Boleto
16745;2026-05-18;2076;16;10;3;520;0%;1560;Cartão de Crédito
16746;2026-05-13;769;36;10;1;550;5%;522,5;Pix
16747;2026-02-16;1869;12;7;2;180;0%;360;Boleto
16748;2026-04-28;700;2;6;1;80;0%;80;Cartão de Crédito
16749;2026-01-06;452;11;16;1;3800;5%;3610;Boleto
16750;2026-03-25;312;26;14;1;2200;0%;2200;Pix
16751;2026-06-24;658;26;6;1;2200;0%;2200;Cartão de Crédito
16752;2026-03-08;2140;20;18;2;190;0%;380;Cartão de Crédito
16753;2026-03-05;2141;9;9;1;150;5%;142,5;Cartão de Débito
16754;2026-08-16;808;26;4;1;2200;0%;2200;Boleto
16755;2025-12-31;1287;6;16;1;220;0%;220;Pix
16756;2026-02-14;62;21;17;1;1600;0%;1600;Cartão de Crédito
16757;2026-04-29;1260;4;15;1;1400;5%;1330;Cartão de Crédito
16758;2026-01-30;114;17;15;3;650;0%;1950;Cartão de Crédito
16759;2025-12-20;2499;16;16;1;520;0%;520;Cartão de Crédito
16760;2025-11-28;2354;9;14;1;150;0%;150;Cartão de Débito
16761;2025-11-04;1996;32;12;1;480;0%;480;Cartão de Crédito
16762;2026-04-08;1399;32;15;1;480;0%;480;Pix
16763;2026-05-18;2416;43;2;1;65;0%;65;Cartão de Crédito
16764;2026-03-28;511;3;17;1;250;0%;250;Pix
16765;2026-01-14;1185;10;9;1;50;0%;50;Cartão de Crédito
16766;2025-11-27;1347;17;4;1;650;0%;650;Cartão de Crédito
16767;2025-10-26;2073;28;2;5;420;0%;2100;Pix
16768;2026-07-14;1296;6;9;1;220;0%;220;Cartão de Crédito
16769;2026-03-01;1283;12;3;2;180;0%;360;Cartão de Crédito
16770;2026-07-08;517;7;10;2;320;0%;640;Boleto
16771;2025-11-04;1512;35;5;2;250;0%;500;Pix
16772;2026-06-02;1770;10;8;2;50;0%;100;Cartão de Crédito
16773;2026-02-18;2242;33;9;1;1200;0%;1200;Cartão de Crédito
16774;2025-09-15;274;24;14;1;380;0%;380;Cartão de Crédito
16775;2025-10-26;1850;25;2;2;310;0%;620;Cartão de Débito
16776;2026-08-10;1560;25;9;2;310;0%;620;Cartão de Crédito
16777;2026-07-19;481;35;10;1;250;0%;250;Boleto
16778;2026-02-15;1333;15;7;1;750;0%;750;Pix
16779;2026-01-15;2017;5;12;2;950;0%;1900;Cartão de Crédito
16780;2025-12-12;83;18;4;2;280;0%;560;Pix
16781;2026-03-15;1562;39;4;1;290;0%;290;Cartão de Crédito
16782;2026-01-31;1784;21;4;2;1600;5%;3040;Cartão de Crédito
16783;2026-03-25;1224;5;3;1;950;0%;950;Pix
16784;2026-03-10;1942;32;8;2;480;0%;960;Pix
16785;2025-12-17;1947;19;14;1;490;5%;465,5;Cartão de Crédito
16786;2026-06-04;1107;21;1;1;1600;0%;1600;Pix
16787;2026-07-25;364;7;7;1;320;5%;304;Cartão de Crédito
16788;2026-01-26;294;6;16;1;220;10%;198;Cartão de Crédito
16789;2026-05-29;282;26;1;1;2200;0%;2200;Cartão de Crédito
16790;2026-07-25;24;33;16;1;1200;0%;1200;Cartão de Crédito
16791;2025-11-07;2351;9;12;1;150;0%;150;Pix
16792;2026-05-16;419;32;10;1;480;0%;480;Pix
16793;2026-03-07;417;10;10;1;50;0%;50;Cartão de Crédito
16794;2026-07-07;1469;18;4;2;280;0%;560;Cartão de Crédito
16795;2026-02-02;2386;28;12;1;420;0%;420;Boleto
16796;2026-02-26;2180;1;7;1;4500;5%;4275;Cartão de Débito
16797;2026-06-16;1993;7;7;1;320;0%;320;Cartão de Débito
16798;2026-03-27;2249;3;2;3;250;0%;750;Pix
16799;2026-05-09;717;19;13;1;490;0%;490;Pix
16800;2026-04-18;320;20;17;2;190;0%;380;Cartão de Crédito
16801;2025-10-07;2192;4;9;1;1400;0%;1400;Pix
16802;2026-01-13;2132;23;17;2;400;5%;760;Cartão de Crédito
16803;2025-10-17;1568;13;18;1;2900;0%;2900;Pix
16804;2026-02-18;2169;7;5;2;320;0%;640;Pix
16805;2026-05-09;696;25;7;1;310;0%;310;Pix
16806;2026-08-11;96;1;2;1;4500;0%;4500;Cartão de Crédito
16807;2026-05-03;72;13;10;2;2900;5%;5510;Boleto
16808;2026-03-28;1129;5;9;1;950;0%;950;Cartão de Crédito
16809;2026-03-05;14;4;8;1;1400;0%;1400;Pix
16810;2025-09-23;29;19;13;2;490;5%;931;Pix
16811;2026-08-21;11;25;9;3;310;0%;930;Cartão de Crédito
16812;2026-03-14;510;3;2;1;250;0%;250;Cartão de Crédito
16813;2026-05-31;343;12;17;2;180;0%;360;Cartão de Crédito
16814;2026-05-15;946;21;7;1;1600;5%;1520;Pix
16815;2025-10-09;117;2;6;1;80;0%;80;Cartão de Crédito
16816;2026-05-22;1547;4;8;2;1400;0%;2800;Pix
16817;2026-09-12;569;42;15;1;35;5%;33,25;Pix
16818;2025-12-14;682;2;7;1;80;0%;80;Cartão de Crédito
16819;2026-05-24;910;4;14;1;1400;0%;1400;Cartão de Crédito
16820;2026-07-22;1328;19;2;2;490;5%;931;Pix
16821;2026-01-24;851;21;5;1;1600;0%;1600;Boleto
16822;2026-08-10;1581;5;2;1;950;0%;950;Pix
16823;2026-02-28;2397;36;2;3;550;0%;1650;Boleto
16824;2026-01-23;1902;15;8;1;750;0%;750;Pix
16825;2026-03-13;864;12;11;1;180;0%;180;Cartão de Crédito
16826;2025-11-23;673;13;14;1;2900;0%;2900;Cartão de Crédito
16827;2026-08-14;1500;31;9;2;120;0%;240;Cartão de Crédito
16828;2026-07-10;844;21;2;1;1600;0%;1600;Cartão de Crédito
16829;2026-03-07;857;5;15;2;950;0%;1900;Cartão de Crédito
16830;2025-12-18;1251;34;12;1;890;0%;890;Pix
16831;2025-10-31;798;38;12;1;390;0%;390;Pix
16832;2026-07-23;2407;10;14;1;50;0%;50;Pix
16833;2026-02-10;595;11;14;2;3800;0%;7600;Cartão de Crédito
16834;2025-10-12;1556;18;2;1;280;0%;280;Boleto
16835;2025-09-25;2499;6;18;2;220;0%;440;Cartão de Crédito
16836;2026-07-27;1878;1;6;1;4500;0%;4500;Boleto
16837;2026-05-09;1046;36;1;1;550;5%;522,5;Pix
16838;2026-09-05;1288;7;3;1;320;0%;320;Pix
16839;2026-01-22;993;30;4;2;160;5%;304;Pix
16840;2026-03-29;1192;17;3;3;650;0%;1950;Cartão de Crédito
16841;2025-10-17;2491;21;3;1;1600;0%;1600;Cartão de Crédito
16842;2026-09-06;820;44;14;2;55;0%;110;Cartão de Crédito
16843;2026-03-18;1720;11;10;1;3800;0%;3800;Pix
16844;2025-10-07;641;18;12;1;280;0%;280;Cartão de Débito
16845;2026-02-06;710;39;14;1;290;0%;290;Cartão de Crédito
16846;2025-10-02;173;36;14;1;550;0%;550;Boleto
16847;2025-11-16;2212;4;6;1;1400;0%;1400;Pix
16848;2025-12-06;776;15;17;3;750;0%;2250;Pix
16849;2026-01-22;835;19;12;1;490;0%;490;Boleto
16850;2026-05-06;2496;18;7;2;280;0%;560;Cartão de Crédito
16851;2026-06-14;2445;18;11;1;280;0%;280;Boleto
16852;2026-07-02;1232;5;12;2;950;0%;1900;Pix
16853;2026-06-26;2316;5;6;1;950;0%;950;Pix
16854;2025-11-30;1336;21;3;1;1600;5%;1520;Pix
16855;2026-08-06;1977;23;9;4;400;0%;1600;Boleto
16856;2026-05-18;1320;43;6;1;65;0%;65;Cartão de Débito
16857;2026-07-14;1110;1;15;1;4500;0%;4500;Cartão de Crédito
16858;2026-05-04;1456;8;13;2;110;0%;220;Pix
16859;2026-03-18;1289;32;4;2;480;0%;960;Cartão de Crédito
16860;2025-12-04;2110;3;17;1;250;0%;250;Cartão de Débito
16861;2026-08-22;1365;15;14;1;750;5%;712,5;Boleto
16862;2025-12-24;2196;32;7;4;480;0%;1920;Cartão de Crédito
16863;2026-04-19;2009;6;14;1;220;0%;220;Boleto
16864;2026-04-16;1422;17;15;1;650;0%;650;Cartão de Crédito
16865;2025-10-11;861;38;3;1;390;5%;370,5;Cartão de Crédito
16866;2025-09-13;321;23;6;1;400;0%;400;Pix
16867;2025-11-16;293;26;8;2;2200;5%;4180;Pix
16868;2026-01-04;2113;35;16;1;250;0%;250;Boleto
16869;2026-03-13;862;3;9;2;250;0%;500;Pix
16870;2025-12-12;302;15;10;4;750;0%;3000;Cartão de Crédito
16871;2026-02-06;2095;20;7;1;190;0%;190;Pix
16872;2026-03-02;1182;32;11;1;480;0%;480;Cartão de Crédito
16873;2026-05-02;1182;22;17;1;850;5%;807,5;Pix
16874;2026-06-08;947;22;14;1;850;0%;850;Cartão de Crédito
16875;2026-06-05;821;15;18;1;750;0%;750;Pix
16876;2026-09-01;521;13;12;3;2900;0%;8700;Cartão de Crédito
16877;2025-11-28;1523;40;10;1;600;10%;540;Cartão de Crédito
16878;2025-12-31;148;24;7;1;380;0%;380;Pix
16879;2026-03-05;1020;34;11;2;890;0%;1780;Cartão de Crédito
16880;2025-12-09;263;42;12;1;35;0%;35;Cartão de Crédito
16881;2025-10-14;2008;7;7;1;320;0%;320;Cartão de Crédito
16882;2026-08-26;1174;6;13;3;220;0%;660;Cartão de Débito
16883;2026-04-15;88;21;14;4;1600;0%;6400;Cartão de Crédito
16884;2026-06-11;2352;43;5;2;65;0%;130;Pix
16885;2026-01-20;1927;10;4;1;50;0%;50;Cartão de Crédito
16886;2026-03-14;1949;14;11;2;350;0%;700;Pix
16887;2026-04-12;432;27;1;1;350;0%;350;Cartão de Débito
16888;2026-06-18;191;27;3;1;350;0%;350;Cartão de Crédito
16889;2025-10-01;874;12;1;1;180;0%;180;Cartão de Crédito
16890;2025-12-04;736;35;4;2;250;0%;500;Pix
16891;2025-11-22;859;31;11;1;120;0%;120;Cartão de Crédito
16892;2026-03-17;437;17;6;1;650;0%;650;Cartão de Crédito
16893;2025-10-31;1711;2;17;2;80;0%;160;Pix
16894;2026-01-04;559;5;7;1;950;0%;950;Cartão de Crédito
16895;2025-11-29;2276;11;12;1;3800;0%;3800;Cartão de Crédito
16896;2026-01-22;405;33;9;1;1200;0%;1200;Pix
16897;2025-11-15;673;29;14;1;380;0%;380;Cartão de Crédito
16898;2026-01-08;546;4;14;1;1400;0%;1400;Cartão de Crédito
16899;2025-11-16;467;10;10;2;50;0%;100;Pix
16900;2026-01-25;1309;26;7;1;2200;0%;2200;Cartão de Crédito
16901;2026-05-13;436;35;11;1;250;0%;250;Cartão de Crédito
16902;2026-08-08;149;18;9;2;280;5%;532;Pix
16903;2026-02-23;511;4;13;4;1400;0%;5600;Cartão de Crédito
16904;2026-05-20;2227;23;15;1;400;0%;400;Cartão de Crédito
16905;2026-05-22;2255;23;17;1;400;0%;400;Cartão de Débito
16906;2025-09-28;322;43;4;1;65;0%;65;Cartão de Crédito
16907;2026-08-05;1446;25;4;1;310;0%;310;Cartão de Crédito
16908;2025-12-27;732;35;14;4;250;0%;1000;Pix
16909;2026-06-13;1223;19;6;1;490;0%;490;Cartão de Crédito
16910;2025-12-21;717;8;13;1;110;0%;110;Cartão de Débito
16911;2025-12-18;1384;12;12;2;180;0%;360;Pix
16912;2026-01-27;1698;34;2;2;890;0%;1780;Pix
16913;2025-12-27;788;6;13;2;220;5%;418;Cartão de Crédito
16914;2026-06-27;772;20;3;1;190;0%;190;Cartão de Crédito
16915;2025-09-29;1398;1;15;2;4500;0%;9000;Pix
16916;2025-10-24;2325;2;15;3;80;0%;240;Cartão de Crédito
16917;2026-01-16;721;41;7;2;45;0%;90;Cartão de Débito
16918;2026-09-07;2246;21;4;3;1600;0%;4800;Boleto
16919;2026-03-12;1202;10;11;2;50;5%;95;Cartão de Crédito
16920;2026-03-04;564;8;15;2;110;0%;220;Pix
16921;2026-06-25;1923;29;14;1;380;5%;361;Cartão de Crédito
16922;2026-08-05;663;22;13;1;850;0%;850;Cartão de Crédito
16923;2025-09-15;747;32;7;2;480;0%;960;Pix
16924;2026-02-27;1760;11;10;1;3800;10%;3420;Cartão de Crédito
16925;2025-09-23;2390;12;8;1;180;0%;180;Cartão de Crédito
16926;2025-09-19;2188;31;14;1;120;0%;120;Pix
16927;2026-05-30;2487;5;3;3;950;5%;2707,5;Cartão de Crédito
16928;2026-07-16;1529;22;1;1;850;5%;807,5;Cartão de Crédito
16929;2026-05-16;2297;1;14;2;4500;0%;9000;Pix
16930;2026-05-23;2331;40;13;1;600;5%;570;Cartão de Crédito
16931;2026-06-30;2341;30;7;1;160;5%;152;Cartão de Crédito
16932;2026-08-19;2149;32;4;1;480;0%;480;Cartão de Crédito
16933;2026-06-30;506;18;10;1;280;0%;280;Pix
16934;2026-06-26;1885;28;9;1;420;0%;420;Cartão de Crédito
16935;2026-03-30;483;12;6;2;180;0%;360;Cartão de Débito
16936;2026-01-10;342;5;1;1;950;0%;950;Cartão de Crédito
16937;2025-09-30;582;6;10;2;220;0%;440;Cartão de Crédito
16938;2025-10-28;1484;27;11;2;350;0%;700;Pix
16939;2025-11-08;2026;9;11;2;150;0%;300;Cartão de Débito
16940;2026-06-05;1624;3;7;2;250;0%;500;Pix
16941;2026-05-01;864;24;11;1;380;0%;380;Boleto
16942;2025-12-25;831;25;6;1;310;0%;310;Cartão de Crédito
16943;2026-05-12;141;2;5;1;80;0%;80;Cartão de Crédito
16944;2026-05-28;2430;5;13;1;950;0%;950;Pix
16945;2026-04-09;1780;1;17;1;4500;5%;4275;Pix
16946;2026-04-21;2184;8;12;1;110;0%;110;Pix
16947;2026-06-15;1101;12;7;2;180;0%;360;Pix
16948;2025-10-17;365;3;13;1;250;0%;250;Cartão de Crédito
16949;2025-12-03;275;15;2;5;750;0%;3750;Cartão de Crédito
16950;2026-09-11;1660;21;12;3;1600;0%;4800;Boleto
16951;2025-10-25;1249;8;9;3;110;0%;330;Cartão de Débito
16952;2026-05-06;847;14;13;1;350;0%;350;Cartão de Crédito
16953;2026-03-17;1189;2;7;1;80;0%;80;Cartão de Crédito
16954;2025-10-22;75;6;11;1;220;5%;209;Cartão de Crédito
16955;2026-03-12;1798;4;16;2;1400;0%;2800;Cartão de Crédito
16956;2025-10-15;186;34;7;1;890;0%;890;Pix
16957;2026-08-26;226;26;5;2;2200;10%;3960;Cartão de Crédito
16958;2026-05-06;1354;21;14;3;1600;0%;4800;Cartão de Crédito
16959;2025-10-03;2283;6;18;2;220;0%;440;Cartão de Crédito
16960;2026-07-05;1355;19;18;2;490;0%;980;Cartão de Crédito
16961;2026-03-27;2498;1;15;2;4500;0%;9000;Pix
16962;2026-07-20;775;7;11;1;320;0%;320;Cartão de Crédito
16963;2026-06-05;1227;26;7;1;2200;10%;1980;Boleto
16964;2026-01-20;660;14;7;1;350;5%;332,5;Pix
16965;2025-11-02;1073;35;9;1;250;0%;250;Cartão de Débito
16966;2026-03-01;685;19;4;2;490;5%;931;Cartão de Crédito
16967;2025-12-07;1416;5;18;2;950;5%;1805;Cartão de Crédito
16968;2026-04-21;186;1;14;3;4500;0%;13500;Cartão de Crédito
16969;2025-11-22;21;16;17;2;520;5%;988;Pix
16970;2025-11-06;2260;4;2;2;1400;0%;2800;Boleto
16971;2026-08-27;1117;34;2;1;890;0%;890;Cartão de Crédito
16972;2026-08-12;2353;33;4;3;1200;0%;3600;Cartão de Crédito
16973;2026-02-21;509;1;10;3;4500;0%;13500;Pix
16974;2025-11-04;1196;15;1;1;750;0%;750;Boleto
16975;2026-03-14;245;17;18;4;650;0%;2600;Pix
16976;2026-03-09;59;40;3;1;600;0%;600;Cartão de Crédito
16977;2026-09-07;992;11;9;1;3800;0%;3800;Cartão de Crédito
16978;2026-05-15;1118;32;6;1;480;0%;480;Cartão de Crédito
16979;2026-07-16;1645;17;8;1;650;0%;650;Pix
16980;2026-04-12;1044;4;3;2;1400;0%;2800;Pix
16981;2025-12-14;704;3;14;3;250;0%;750;Cartão de Crédito
16982;2026-02-14;1853;13;5;1;2900;5%;2755;Cartão de Débito
16983;2026-02-22;1094;25;8;1;310;0%;310;Boleto
16984;2026-09-05;2355;45;6;1;180;0%;180;Cartão de Crédito
16985;2026-02-05;1395;13;7;1;2900;0%;2900;Pix
16986;2026-07-16;1630;40;1;2;600;0%;1200;Pix
16987;2026-02-07;519;32;9;2;480;0%;960;Cartão de Crédito
16988;2025-09-25;2200;19;3;1;490;5%;465,5;Boleto
16989;2026-05-02;1160;11;9;2;3800;0%;7600;Cartão de Crédito
16990;2025-11-21;1505;4;8;2;1400;0%;2800;Cartão de Crédito
16991;2026-07-01;1640;11;17;1;3800;10%;3420;Cartão de Crédito
16992;2026-08-11;1383;45;6;2;180;0%;360;Cartão de Débito
16993;2026-05-01;1772;44;17;1;55;5%;52,25;Boleto
16994;2025-12-11;79;35;4;1;250;5%;237,5;Boleto
16995;2026-06-19;2249;3;4;1;250;0%;250;Pix
16996;2025-12-05;625;41;10;1;45;0%;45;Cartão de Crédito
16997;2026-03-27;1597;26;4;1;2200;0%;2200;Cartão de Crédito
16998;2026-01-22;654;24;18;1;380;0%;380;Cartão de Crédito
16999;2025-10-02;2480;16;16;1;520;0%;520;Pix
17000;2025-09-12;662;12;1;1;180;0%;180;Cartão de Crédito
17001;2026-07-20;1918;14;1;1;350;0%;350;Cartão de Crédito
17002;2026-07-19;1784;34;8;1;890;0%;890;Pix
17003;2026-03-14;416;4;11;3;1400;0%;4200;Pix
17004;2026-07-27;318;45;3;2;180;0%;360;Pix
17005;2026-05-10;1400;33;7;3;1200;5%;3420;Cartão de Crédito
17006;2026-01-10;481;29;15;1;380;0%;380;Pix
17007;2025-10-10;555;20;12;1;190;5%;180,5;Cartão de Crédito
17008;2025-12-25;980;18;16;2;280;0%;560;Pix
17009;2026-07-15;1942;33;1;1;1200;0%;1200;Pix
17010;2026-06-11;1595;19;2;1;490;10%;441;Cartão de Crédito
17011;2026-02-16;966;30;15;1;160;0%;160;Pix
17012;2026-05-15;1416;7;18;1;320;0%;320;Boleto
17013;2026-05-05;738;32;12;1;480;0%;480;Boleto
17014;2025-12-22;1914;3;3;5;250;0%;1250;Cartão de Crédito
17015;2026-05-22;567;17;2;1;650;0%;650;Cartão de Crédito
17016;2026-08-28;471;2;11;1;80;0%;80;Cartão de Crédito
17017;2026-01-07;984;14;8;1;350;0%;350;Boleto
17018;2025-09-24;31;11;7;2;3800;0%;7600;Cartão de Débito
17019;2025-12-16;1379;12;13;1;180;10%;162;Cartão de Crédito
17020;2026-07-03;1703;17;9;1;650;0%;650;Cartão de Crédito
17021;2026-04-27;1030;14;3;1;350;5%;332,5;Pix
17022;2025-12-18;967;11;3;3;3800;0%;11400;Cartão de Crédito
17023;2025-11-02;1462;7;3;1;320;0%;320;Cartão de Crédito
17024;2026-07-13;1699;37;17;1;140;0%;140;Pix
17025;2026-01-06;2500;4;10;3;1400;5%;3990;Boleto
17026;2026-06-15;1234;37;6;1;140;5%;133;Cartão de Crédito
17027;2025-11-23;1689;18;14;2;280;5%;532;Pix
17028;2025-12-22;356;21;12;1;1600;0%;1600;Pix
17029;2026-02-13;870;23;1;2;400;10%;720;Pix
17030;2026-07-12;121;10;7;3;50;0%;150;Cartão de Crédito
17031;2026-08-06;1275;42;4;1;35;0%;35;Cartão de Crédito
17032;2026-01-16;312;31;12;1;120;0%;120;Cartão de Crédito
17033;2026-03-26;1404;3;7;1;250;0%;250;Boleto
17034;2026-09-10;1554;44;14;1;55;0%;55;Cartão de Crédito
17035;2026-05-24;361;11;7;2;3800;0%;7600;Cartão de Crédito
17036;2026-04-05;1254;6;14;2;220;5%;418;Pix
17037;2026-09-08;802;39;11;1;290;0%;290;Pix
17038;2025-10-24;1235;3;11;2;250;0%;500;Cartão de Crédito
17039;2025-12-07;753;1;17;1;4500;5%;4275;Pix
17040;2026-08-05;556;10;7;1;50;0%;50;Cartão de Crédito
17041;2025-11-22;1332;16;7;1;520;0%;520;Boleto
17042;2026-02-17;2096;35;11;1;250;0%;250;Cartão de Crédito
17043;2025-12-16;2440;7;15;1;320;10%;288;Cartão de Crédito
17044;2026-07-22;2328;25;7;2;310;0%;620;Cartão de Crédito
17045;2026-09-11;1048;16;14;1;520;10%;468;Pix
17046;2026-03-12;1795;20;15;4;190;0%;760;Cartão de Crédito
17047;2026-02-20;2252;14;8;2;350;0%;700;Cartão de Crédito
17048;2026-08-06;907;19;12;1;490;5%;465,5;Pix
17049;2025-12-11;489;23;16;2;400;0%;800;Cartão de Crédito
17050;2025-09-12;1588;9;10;3;150;0%;450;Cartão de Crédito
17051;2025-09-15;1775;17;10;1;650;0%;650;Pix
17052;2025-10-27;589;17;7;1;650;0%;650;Boleto
17053;2026-09-01;313;7;11;1;320;5%;304;Cartão de Crédito
17054;2026-02-02;168;24;5;2;380;0%;760;Boleto
17055;2026-02-16;1071;27;15;1;350;0%;350;Pix
17056;2026-05-27;838;21;1;4;1600;0%;6400;Cartão de Crédito
17057;2026-05-01;1369;15;1;2;750;5%;1425;Boleto
17058;2025-11-05;1638;29;7;1;380;5%;361;Cartão de Crédito
17059;2025-11-23;2038;1;1;1;4500;0%;4500;Cartão de Débito
17060;2025-12-18;1104;13;4;1;2900;0%;2900;Cartão de Crédito
17061;2026-01-19;419;26;1;1;2200;0%;2200;Cartão de Crédito
17062;2026-08-23;1419;39;5;2;290;0%;580;Cartão de Crédito
17063;2026-03-25;2479;10;13;1;50;0%;50;Pix
17064;2025-12-23;1694;11;10;1;3800;0%;3800;Cartão de Crédito
17065;2025-12-06;1903;25;5;3;310;0%;930;Cartão de Crédito
17066;2025-10-19;768;16;13;2;520;0%;1040;Cartão de Crédito
17067;2026-01-23;1284;22;10;1;850;0%;850;Cartão de Crédito
17068;2025-12-24;1588;10;16;1;50;0%;50;Cartão de Crédito
17069;2026-04-14;2088;14;16;1;350;0%;350;Cartão de Crédito
17070;2026-07-21;1776;13;16;1;2900;0%;2900;Cartão de Crédito
17071;2026-08-15;1253;44;13;1;55;0%;55;Cartão de Crédito
17072;2026-05-15;762;35;13;1;250;5%;237,5;Cartão de Débito
17073;2026-07-14;2105;6;14;3;220;0%;660;Pix
17074;2026-09-10;797;4;1;2;1400;0%;2800;Cartão de Débito
17075;2025-10-27;953;5;7;3;950;0%;2850;Boleto
17076;2026-01-02;544;30;16;1;160;0%;160;Pix
17077;2026-07-23;2298;37;18;1;140;0%;140;Pix
17078;2025-11-20;388;23;15;1;400;0%;400;Pix
17079;2025-09-12;701;36;14;1;550;0%;550;Boleto
17080;2026-08-19;1983;11;4;2;3800;0%;7600;Cartão de Débito
17081;2026-07-17;2322;26;13;1;2200;0%;2200;Boleto
17082;2025-10-18;1215;39;10;2;290;5%;551;Pix
17083;2026-07-28;386;7;18;1;320;0%;320;Cartão de Crédito
17084;2026-03-11;490;34;10;1;890;0%;890;Cartão de Crédito
17085;2026-05-05;1453;34;14;1;890;0%;890;Cartão de Crédito
17086;2025-11-14;1704;9;2;1;150;0%;150;Pix
17087;2025-12-27;2232;38;10;2;390;5%;741;Pix
17088;2026-07-07;1337;7;5;1;320;0%;320;Boleto
17089;2026-04-03;120;39;14;1;290;0%;290;Cartão de Crédito
17090;2026-06-02;754;35;6;2;250;0%;500;Cartão de Crédito
17091;2026-05-26;1878;2;11;1;80;0%;80;Cartão de Crédito
17092;2026-09-10;1655;16;3;1;520;0%;520;Pix
17093;2026-02-16;347;13;1;2;2900;0%;5800;Cartão de Crédito
17094;2026-06-28;1558;10;13;1;50;0%;50;Cartão de Crédito
17095;2025-10-17;1510;44;6;2;55;5%;104,5;Boleto
17096;2026-07-26;779;40;6;2;600;0%;1200;Cartão de Crédito
17097;2026-03-03;1851;10;17;1;50;0%;50;Cartão de Crédito
17098;2026-07-15;189;27;18;1;350;5%;332,5;Cartão de Débito
17099;2026-05-28;1373;41;2;1;45;0%;45;Cartão de Crédito
17100;2026-04-16;2329;12;1;1;180;0%;180;Pix
17101;2025-12-18;225;8;8;1;110;5%;104,5;Pix
17102;2026-02-05;1977;26;3;1;2200;0%;2200;Cartão de Crédito
17103;2025-10-22;754;4;2;2;1400;0%;2800;Pix
17104;2025-11-21;1921;1;7;2;4500;0%;9000;Cartão de Débito
17105;2025-09-24;570;35;8;2;250;0%;500;Cartão de Crédito
17106;2026-06-09;1486;27;11;1;350;5%;332,5;Boleto
17107;2026-09-06;399;22;5;1;850;10%;765;Cartão de Crédito
17108;2026-07-12;632;37;2;1;140;5%;133;Cartão de Crédito
17109;2026-05-07;625;23;5;1;400;5%;380;Pix
17110;2025-12-21;188;34;7;1;890;0%;890;Pix
17111;2026-01-14;1523;12;18;1;180;0%;180;Cartão de Crédito
17112;2025-11-27;912;6;8;3;220;0%;660;Pix
17113;2026-07-04;2216;19;12;1;490;0%;490;Cartão de Crédito
17114;2025-10-16;433;2;4;1;80;5%;76;Pix
17115;2026-01-13;2387;13;16;1;2900;0%;2900;Cartão de Crédito
17116;2026-05-10;998;8;18;2;110;0%;220;Cartão de Débito
17117;2026-08-16;1875;23;6;1;400;0%;400;Cartão de Crédito
17118;2026-04-24;2259;5;15;1;950;0%;950;Boleto
17119;2026-03-30;1793;2;18;4;80;0%;320;Pix
17120;2025-12-01;1008;23;13;1;400;0%;400;Pix
17121;2025-09-15;2259;2;10;1;80;5%;76;Cartão de Crédito
17122;2025-12-14;534;18;13;4;280;0%;1120;Pix
17123;2026-04-08;1348;8;4;1;110;5%;104,5;Cartão de Crédito
17124;2026-02-14;1048;17;9;1;650;0%;650;Cartão de Crédito
17125;2026-05-30;1544;13;11;1;2900;5%;2755;Boleto
17126;2026-05-05;1110;33;7;3;1200;0%;3600;Boleto
17127;2025-09-24;1651;11;5;1;3800;0%;3800;Cartão de Débito
17128;2025-09-23;1566;7;17;2;320;5%;608;Pix
17129;2025-10-15;1268;28;18;2;420;0%;840;Cartão de Crédito
17130;2026-08-03;1224;41;4;1;45;0%;45;Pix
17131;2026-07-09;2072;37;15;1;140;0%;140;Pix
17132;2025-11-23;207;2;6;1;80;0%;80;Cartão de Crédito
17133;2026-07-11;2106;19;3;2;490;5%;931;Cartão de Crédito
17134;2025-10-14;854;21;1;1;1600;0%;1600;Pix
17135;2025-09-14;2121;4;9;1;1400;0%;1400;Cartão de Crédito
17136;2026-01-11;895;15;4;3;750;0%;2250;Cartão de Crédito
17137;2026-02-07;345;30;18;2;160;0%;320;Cartão de Crédito
17138;2025-11-10;310;11;15;3;3800;0%;11400;Cartão de Crédito
17139;2026-07-11;1681;29;8;1;380;0%;380;Cartão de Crédito
17140;2025-12-20;87;10;11;1;50;0%;50;Pix
17141;2025-09-12;1862;21;9;4;1600;0%;6400;Pix
17142;2026-07-01;1392;22;2;1;850;0%;850;Pix
17143;2026-02-03;1159;12;8;1;180;0%;180;Pix
17144;2025-12-08;1807;25;4;2;310;0%;620;Boleto
17145;2026-07-11;681;6;18;1;220;0%;220;Pix
17146;2026-08-10;25;6;5;1;220;0%;220;Pix
17147;2026-09-08;2131;19;9;1;490;10%;441;Boleto
17148;2026-08-10;1081;28;4;1;420;0%;420;Cartão de Crédito
17149;2026-04-09;355;30;13;1;160;0%;160;Pix
17150;2026-07-12;873;39;14;1;290;0%;290;Cartão de Débito
17151;2025-12-12;1119;20;2;1;190;0%;190;Cartão de Crédito
17152;2026-06-05;2156;7;11;1;320;10%;288;Pix
17153;2025-11-09;1753;24;8;1;380;0%;380;Cartão de Crédito
17154;2025-11-18;986;31;17;5;120;0%;600;Pix
17155;2025-11-04;803;6;16;2;220;5%;418;Boleto
17156;2025-09-19;1312;7;16;2;320;0%;640;Cartão de Crédito
17157;2026-09-11;1206;40;3;1;600;5%;570;Cartão de Crédito
17158;2025-10-01;995;8;16;2;110;0%;220;Cartão de Crédito
17159;2026-04-10;651;1;6;1;4500;0%;4500;Pix
17160;2026-04-12;1371;16;9;1;520;5%;494;Cartão de Crédito
17161;2025-11-13;1337;12;5;2;180;0%;360;Cartão de Crédito
17162;2026-03-15;2188;27;7;1;350;0%;350;Cartão de Crédito
17163;2026-06-08;1434;14;3;1;350;0%;350;Cartão de Crédito
17164;2026-04-20;960;10;11;1;50;0%;50;Cartão de Crédito
17165;2026-05-22;2118;33;3;2;1200;5%;2280;Cartão de Crédito
17166;2025-11-11;1685;20;10;1;190;5%;180,5;Boleto
17167;2026-02-01;1777;20;14;2;190;0%;380;Cartão de Crédito
17168;2026-05-26;1126;5;16;1;950;0%;950;Boleto
17169;2025-11-05;779;1;6;4;4500;5%;17100;Cartão de Débito
17170;2026-08-28;241;15;4;1;750;5%;712,5;Cartão de Crédito
17171;2025-10-12;729;9;4;2;150;0%;300;Cartão de Crédito
17172;2026-03-04;2136;31;11;1;120;0%;120;Pix
17173;2026-08-28;495;37;4;3;140;5%;399;Pix
17174;2026-06-21;1506;15;17;2;750;0%;1500;Cartão de Crédito
17175;2025-10-23;495;2;2;1;80;0%;80;Cartão de Crédito
17176;2025-10-30;1169;4;13;1;1400;0%;1400;Boleto
17177;2025-10-05;540;19;7;1;490;0%;490;Pix
17178;2026-03-20;1024;5;11;2;950;10%;1710;Boleto
17179;2026-08-02;2426;12;13;5;180;5%;855;Cartão de Crédito
17180;2026-05-30;668;40;17;2;600;0%;1200;Cartão de Crédito
17181;2026-07-12;61;30;4;1;160;0%;160;Pix
17182;2026-01-28;198;33;18;2;1200;5%;2280;Cartão de Crédito
17183;2025-11-09;576;38;8;1;390;0%;390;Cartão de Crédito
17184;2026-03-03;1757;27;8;3;350;0%;1050;Cartão de Crédito
17185;2025-10-23;1635;1;16;3;4500;0%;13500;Cartão de Débito
17186;2026-03-26;1619;22;2;1;850;0%;850;Cartão de Crédito
17187;2025-11-24;1856;29;4;2;380;0%;760;Pix
17188;2026-04-03;2298;19;6;1;490;0%;490;Pix
17189;2026-05-07;2166;9;18;3;150;0%;450;Cartão de Crédito
17190;2026-06-23;1125;15;15;2;750;0%;1500;Cartão de Crédito
17191;2026-06-01;1884;29;3;5;380;0%;1900;Pix
17192;2026-06-18;315;41;7;1;45;0%;45;Cartão de Crédito
17193;2026-06-11;941;10;10;4;50;0%;200;Pix
17194;2026-05-25;1818;41;2;1;45;0%;45;Cartão de Crédito
17195;2026-03-09;364;35;1;1;250;0%;250;Cartão de Crédito
17196;2026-08-09;1047;13;16;1;2900;0%;2900;Cartão de Crédito
17197;2026-01-09;7;3;18;1;250;0%;250;Cartão de Crédito
17198;2025-09-27;757;3;17;1;250;5%;237,5;Cartão de Crédito
17199;2025-12-05;387;32;7;2;480;10%;864;Pix
17200;2025-11-09;323;5;10;1;950;0%;950;Boleto
17201;2026-05-31;708;28;10;1;420;0%;420;Boleto
17202;2026-07-31;379;3;10;2;250;0%;500;Cartão de Crédito
17203;2026-01-09;86;40;9;2;600;5%;1140;Cartão de Crédito
17204;2026-02-10;1267;29;13;1;380;0%;380;Cartão de Crédito
17205;2026-06-29;1903;1;18;2;4500;0%;9000;Boleto
17206;2026-07-29;2412;2;10;1;80;10%;72;Cartão de Crédito
17207;2025-11-26;1343;3;14;1;250;0%;250;Cartão de Crédito
17208;2026-01-03;1231;25;1;2;310;0%;620;Boleto
17209;2025-09-22;375;12;15;5;180;0%;900;Pix
17210;2026-04-14;2155;1;8;1;4500;0%;4500;Pix
17211;2026-01-16;1134;20;12;5;190;0%;950;Pix
17212;2025-09-15;251;27;9;1;350;0%;350;Cartão de Crédito
17213;2025-11-04;1492;7;3;2;320;0%;640;Cartão de Crédito
17214;2026-08-19;355;8;7;1;110;0%;110;Cartão de Crédito
17215;2026-07-31;180;10;7;1;50;5%;47,5;Boleto
17216;2025-09-25;1816;16;13;1;520;0%;520;Cartão de Crédito
17217;2026-03-30;289;27;16;5;350;0%;1750;Cartão de Crédito
17218;2025-09-14;1586;10;4;1;50;0%;50;Pix
17219;2026-03-29;1647;25;18;1;310;5%;294,5;Cartão de Crédito
17220;2026-01-27;1695;40;10;1;600;0%;600;Cartão de Crédito
17221;2026-08-31;2206;9;5;2;150;0%;300;Cartão de Crédito
17222;2026-08-06;127;29;17;3;380;0%;1140;Cartão de Crédito
17223;2026-05-20;519;39;17;1;290;0%;290;Cartão de Crédito
17224;2026-02-17;2144;39;3;3;290;0%;870;Cartão de Débito
17225;2026-06-01;433;27;18;1;350;0%;350;Pix
17226;2026-03-30;2352;18;13;3;280;0%;840;Cartão de Crédito
17227;2026-07-18;573;2;8;1;80;0%;80;Pix
17228;2026-02-02;1043;11;9;1;3800;0%;3800;Pix
17229;2025-10-10;1338;3;12;1;250;0%;250;Pix
17230;2026-04-25;583;33;10;2;1200;0%;2400;Cartão de Débito
17231;2026-05-25;1890;28;6;5;420;0%;2100;Cartão de Crédito
17232;2025-10-24;912;5;14;2;950;0%;1900;Boleto
17233;2025-12-21;1654;9;5;1;150;10%;135;Pix
17234;2025-09-25;2388;11;3;1;3800;0%;3800;Pix
17235;2026-04-08;32;6;9;2;220;0%;440;Pix
17236;2026-07-08;1207;22;4;2;850;0%;1700;Cartão de Crédito
17237;2026-05-14;646;27;7;2;350;0%;700;Cartão de Crédito
17238;2025-10-16;118;11;3;1;3800;0%;3800;Boleto
17239;2026-04-24;229;42;13;2;35;5%;66,5;Pix
17240;2026-04-16;2159;35;13;1;250;0%;250;Cartão de Crédito
17241;2026-01-14;1794;2;5;1;80;0%;80;Cartão de Crédito
17242;2025-11-02;2235;19;12;1;490;0%;490;Pix
17243;2026-06-23;2360;13;7;1;2900;0%;2900;Pix
17244;2026-03-08;2104;4;9;2;1400;0%;2800;Cartão de Crédito
17245;2026-08-13;209;8;10;1;110;0%;110;Cartão de Crédito
17246;2026-05-16;162;34;12;4;890;0%;3560;Boleto
17247;2026-09-02;1871;4;3;1;1400;0%;1400;Pix
17248;2025-12-02;1707;7;11;3;320;0%;960;Boleto
17249;2026-03-29;1420;25;13;1;310;0%;310;Cartão de Crédito
17250;2026-09-01;1140;14;4;2;350;0%;700;Boleto
17251;2026-08-26;1755;13;11;1;2900;0%;2900;Cartão de Crédito
17252;2026-04-02;1597;6;14;1;220;0%;220;Cartão de Crédito
17253;2026-05-04;390;8;11;2;110;0%;220;Cartão de Crédito
17254;2026-05-04;460;8;3;1;110;5%;104,5;Cartão de Crédito
17255;2025-11-11;575;1;2;1;4500;0%;4500;Cartão de Débito
17256;2026-05-23;74;20;4;1;190;0%;190;Cartão de Débito
17257;2026-06-06;73;2;11;2;80;0%;160;Cartão de Crédito
17258;2026-07-29;2157;9;7;1;150;0%;150;Pix
17259;2026-03-19;2334;20;14;1;190;5%;180,5;Cartão de Crédito
17260;2026-05-21;2416;1;6;2;4500;0%;9000;Cartão de Débito
17261;2026-04-09;748;22;12;2;850;0%;1700;Cartão de Crédito
17262;2026-03-04;563;21;12;1;1600;0%;1600;Cartão de Crédito
17263;2026-05-05;1725;19;3;1;490;10%;441;Pix
17264;2026-03-09;116;28;8;1;420;0%;420;Cartão de Crédito
17265;2025-12-17;1423;29;17;1;380;0%;380;Cartão de Crédito
17266;2026-08-08;1058;17;18;1;650;0%;650;Cartão de Crédito
17267;2025-10-06;2113;24;14;1;380;0%;380;Cartão de Crédito
17268;2025-10-15;2065;28;14;2;420;0%;840;Cartão de Débito
17269;2026-08-22;2116;10;7;1;50;0%;50;Boleto
17270;2025-09-17;1036;24;7;2;380;0%;760;Pix
17271;2026-02-02;595;34;6;1;890;0%;890;Cartão de Crédito
17272;2026-07-12;2470;17;16;4;650;0%;2600;Cartão de Crédito
17273;2026-06-15;1531;11;7;2;3800;0%;7600;Cartão de Crédito
17274;2025-11-17;508;38;1;1;390;10%;351;Cartão de Débito
17275;2025-10-15;985;29;8;1;380;0%;380;Pix
17276;2026-07-07;2229;32;7;2;480;0%;960;Cartão de Débito
17277;2025-09-16;2315;26;1;2;2200;5%;4180;Pix
17278;2026-02-02;31;21;2;2;1600;0%;3200;Cartão de Crédito
17279;2026-01-16;2007;36;14;2;550;10%;990;Cartão de Crédito
17280;2026-03-07;2270;24;10;1;380;5%;361;Pix
17281;2026-08-14;2324;26;1;1;2200;0%;2200;Pix
17282;2025-11-05;1246;2;2;1;80;0%;80;Cartão de Crédito
17283;2026-03-04;1773;16;11;1;520;0%;520;Cartão de Crédito
17284;2025-09-12;607;7;12;1;320;0%;320;Cartão de Crédito
17285;2026-04-30;2246;18;16;1;280;0%;280;Boleto
17286;2025-10-01;2449;32;2;2;480;0%;960;Cartão de Crédito
17287;2026-07-21;1331;25;2;1;310;0%;310;Pix
17288;2025-11-24;1889;38;1;2;390;5%;741;Boleto
17289;2026-01-28;1602;43;7;1;65;0%;65;Pix
17290;2026-04-02;2477;16;3;1;520;0%;520;Cartão de Crédito
17291;2026-07-13;2357;18;4;1;280;0%;280;Cartão de Crédito
17292;2026-06-03;791;4;17;1;1400;0%;1400;Cartão de Crédito
17293;2026-04-15;1093;1;17;4;4500;0%;18000;Cartão de Crédito
17294;2026-06-15;769;6;13;1;220;10%;198;Cartão de Crédito
17295;2025-11-19;1674;21;14;1;1600;0%;1600;Pix
17296;2025-10-22;1692;21;7;1;1600;10%;1440;Boleto
17297;2026-03-30;1824;16;16;1;520;0%;520;Pix
17298;2025-10-16;1866;4;15;1;1400;0%;1400;Cartão de Crédito
17299;2026-02-21;759;7;14;1;320;10%;288;Boleto
17300;2026-08-26;2337;7;10;1;320;0%;320;Pix
17301;2026-08-22;737;44;13;1;55;0%;55;Cartão de Débito
17302;2026-07-27;407;22;12;1;850;0%;850;Cartão de Crédito
17303;2026-01-29;2213;15;15;2;750;0%;1500;Cartão de Crédito
17304;2026-06-15;2230;26;3;1;2200;0%;2200;Boleto
17305;2026-08-21;1085;13;4;4;2900;0%;11600;Cartão de Crédito
17306;2026-08-31;567;28;9;1;420;0%;420;Cartão de Crédito
17307;2026-02-26;672;21;15;2;1600;0%;3200;Cartão de Crédito
17308;2026-05-11;146;12;12;3;180;10%;486;Pix
17309;2025-10-01;2185;20;16;1;190;0%;190;Boleto
17310;2026-03-03;1385;42;2;1;35;0%;35;Cartão de Crédito
17311;2026-02-23;1762;18;6;1;280;5%;266;Cartão de Crédito
17312;2026-01-25;1210;6;18;1;220;0%;220;Pix
17313;2025-10-23;2227;14;18;2;350;0%;700;Cartão de Crédito
17314;2026-06-11;1579;1;15;2;4500;0%;9000;Cartão de Crédito
17315;2026-06-03;2424;1;12;1;4500;5%;4275;Cartão de Crédito
17316;2025-09-24;416;34;8;2;890;0%;1780;Pix
17317;2026-07-02;463;18;7;2;280;0%;560;Cartão de Crédito
17318;2026-06-08;1890;21;2;1;1600;0%;1600;Cartão de Crédito
17319;2026-04-24;1141;30;3;1;160;0%;160;Cartão de Débito
17320;2026-02-11;690;23;1;1;400;0%;400;Cartão de Crédito
17321;2025-11-02;987;20;9;2;190;5%;361;Pix
17322;2026-07-28;2204;29;10;1;380;0%;380;Cartão de Crédito
17323;2025-12-29;2262;34;6;1;890;0%;890;Pix
17324;2026-06-18;308;32;10;1;480;5%;456;Cartão de Crédito
17325;2025-09-20;1200;17;13;2;650;0%;1300;Boleto
17326;2025-12-11;1278;12;16;4;180;0%;720;Cartão de Crédito
17327;2026-06-11;1792;26;7;2;2200;0%;4400;Cartão de Crédito
17328;2026-03-14;1803;9;6;1;150;0%;150;Cartão de Crédito
17329;2025-12-31;1682;12;6;3;180;0%;540;Boleto
17330;2026-05-16;931;21;8;1;1600;5%;1520;Cartão de Crédito
17331;2025-10-06;2055;12;1;5;180;0%;900;Boleto
17332;2026-01-13;1253;24;11;1;380;0%;380;Pix
17333;2026-02-10;1270;11;13;1;3800;0%;3800;Cartão de Crédito
17334;2026-08-13;2049;42;10;2;35;0%;70;Boleto
17335;2026-01-17;732;38;3;1;390;5%;370,5;Pix
17336;2025-10-03;2433;28;11;1;420;5%;399;Cartão de Crédito
17337;2026-02-10;2463;14;13;1;350;5%;332,5;Cartão de Crédito
17338;2026-06-26;1715;11;4;1;3800;5%;3610;Cartão de Crédito
17339;2026-05-19;1887;1;7;4;4500;0%;18000;Cartão de Crédito
17340;2025-10-11;1935;27;1;1;350;5%;332,5;Pix
17341;2026-07-02;312;15;17;4;750;10%;2700;Cartão de Crédito
17342;2026-02-01;1626;2;15;2;80;0%;160;Cartão de Crédito
17343;2026-04-14;280;25;15;2;310;0%;620;Boleto
17344;2025-09-21;2445;1;12;3;4500;5%;12825;Pix
17345;2025-11-11;380;6;2;2;220;0%;440;Pix
17346;2025-12-31;1439;19;13;1;490;0%;490;Pix
17347;2025-12-04;1305;22;16;2;850;0%;1700;Cartão de Crédito
17348;2026-09-01;1630;33;5;2;1200;0%;2400;Boleto
17349;2025-10-17;233;11;2;1;3800;0%;3800;Pix
17350;2025-11-23;2158;32;1;1;480;5%;456;Cartão de Débito
17351;2026-03-08;1859;38;11;1;390;0%;390;Pix
17352;2026-03-22;96;23;1;3;400;0%;1200;Pix
17353;2025-10-10;1052;40;10;2;600;5%;1140;Pix
17354;2026-01-30;302;11;12;1;3800;0%;3800;Cartão de Crédito
17355;2026-04-18;1566;32;8;2;480;0%;960;Boleto
17356;2025-10-03;1534;14;15;2;350;0%;700;Pix
17357;2025-12-01;2036;15;12;1;750;0%;750;Cartão de Crédito
17358;2026-04-22;634;9;6;3;150;0%;450;Cartão de Débito
17359;2025-09-23;671;4;4;2;1400;5%;2660;Pix
17360;2026-04-30;1308;25;18;1;310;5%;294,5;Cartão de Crédito
17361;2026-06-29;733;3;18;2;250;0%;500;Cartão de Crédito
17362;2025-12-29;2312;6;1;2;220;0%;440;Cartão de Crédito
17363;2026-02-23;795;4;15;2;1400;0%;2800;Pix
17364;2025-09-26;482;19;8;1;490;0%;490;Pix
17365;2026-08-06;1959;3;13;3;250;5%;712,5;Boleto
17366;2026-09-06;119;23;15;1;400;0%;400;Pix
17367;2025-12-15;20;10;7;1;50;0%;50;Cartão de Crédito
17368;2025-11-29;1144;34;17;1;890;0%;890;Pix
17369;2026-07-20;792;12;5;1;180;0%;180;Cartão de Crédito
17370;2026-01-06;1907;16;16;1;520;0%;520;Cartão de Crédito
17371;2026-03-18;1723;23;16;1;400;0%;400;Cartão de Crédito
17372;2026-05-13;1110;3;13;2;250;0%;500;Pix
17373;2026-03-29;2234;10;11;1;50;0%;50;Cartão de Crédito
17374;2025-12-25;763;7;9;1;320;0%;320;Cartão de Débito
17375;2025-11-10;1203;18;17;1;280;0%;280;Pix
17376;2026-02-03;640;26;14;1;2200;5%;2090;Cartão de Crédito
17377;2026-08-10;2301;44;17;1;55;5%;52,25;Cartão de Crédito
17378;2026-06-20;145;24;16;3;380;0%;1140;Boleto
17379;2026-04-25;1471;32;16;2;480;0%;960;Pix
17380;2026-08-02;1171;27;14;1;350;0%;350;Cartão de Crédito
17381;2026-03-07;2170;4;11;2;1400;5%;2660;Pix
17382;2026-08-24;1799;13;18;1;2900;0%;2900;Pix
17383;2026-03-21;1616;34;10;2;890;0%;1780;Pix
17384;2026-03-18;360;28;6;2;420;5%;798;Boleto
17385;2026-01-31;564;28;15;2;420;5%;798;Boleto
17386;2026-06-29;992;29;9;1;380;5%;361;Cartão de Crédito
17387;2026-03-28;2205;3;5;1;250;0%;250;Boleto
17388;2026-08-12;2292;28;12;1;420;5%;399;Boleto
17389;2025-10-28;1633;16;12;1;520;0%;520;Cartão de Crédito
17390;2025-11-24;752;4;17;1;1400;0%;1400;Cartão de Crédito
17391;2026-05-21;852;33;11;1;1200;0%;1200;Pix
17392;2025-11-06;355;2;18;2;80;0%;160;Cartão de Crédito
17393;2026-05-09;1969;10;17;1;50;0%;50;Cartão de Crédito
17394;2026-04-01;986;21;9;4;1600;0%;6400;Pix
17395;2026-07-30;279;4;9;2;1400;0%;2800;Cartão de Débito
17396;2026-02-04;2293;21;16;1;1600;5%;1520;Pix
17397;2026-08-18;1988;9;15;5;150;5%;712,5;Pix
17398;2026-02-12;1823;35;14;1;250;10%;225;Cartão de Crédito
17399;2025-12-21;2393;6;15;3;220;0%;660;Cartão de Crédito
17400;2026-08-15;317;28;1;3;420;0%;1260;Pix
17401;2025-12-19;276;28;17;1;420;0%;420;Cartão de Crédito
17402;2026-06-13;1798;20;6;2;190;0%;380;Pix
17403;2026-05-24;1993;25;14;1;310;0%;310;Cartão de Crédito
17404;2025-10-10;1679;28;18;2;420;5%;798;Pix
17405;2026-05-28;2138;19;13;3;490;0%;1470;Cartão de Crédito
17406;2026-04-24;1159;25;6;2;310;0%;620;Cartão de Crédito
17407;2025-09-16;1354;4;1;1;1400;0%;1400;Cartão de Crédito
17408;2026-08-18;1329;37;16;2;140;5%;266;Pix
17409;2026-06-12;1213;36;13;1;550;0%;550;Cartão de Crédito
17410;2025-12-10;591;19;3;1;490;0%;490;Cartão de Crédito
17411;2026-04-07;858;27;9;2;350;0%;700;Pix
17412;2026-04-08;1354;1;3;2;4500;0%;9000;Cartão de Crédito
17413;2026-06-11;1658;30;11;2;160;0%;320;Cartão de Crédito
17414;2025-11-09;1418;13;8;1;2900;0%;2900;Cartão de Crédito
17415;2025-10-25;544;4;3;1;1400;0%;1400;Boleto
17416;2026-02-09;294;6;8;1;220;10%;198;Cartão de Crédito
17417;2026-09-11;2136;13;5;1;2900;0%;2900;Pix
17418;2026-07-30;2056;7;16;1;320;10%;288;Cartão de Crédito
17419;2026-07-28;193;35;18;1;250;5%;237,5;Cartão de Crédito
17420;2026-04-20;2085;26;14;4;2200;0%;8800;Pix
17421;2026-02-20;443;14;9;1;350;0%;350;Cartão de Crédito
17422;2026-04-23;1679;8;2;2;110;0%;220;Cartão de Crédito
17423;2025-11-03;2025;28;1;1;420;0%;420;Pix
17424;2026-03-10;2322;8;8;2;110;0%;220;Cartão de Crédito
17425;2026-07-23;1699;33;15;2;1200;0%;2400;Cartão de Crédito
17426;2025-09-30;439;7;11;1;320;10%;288;Cartão de Crédito
17427;2026-03-20;676;30;6;1;160;0%;160;Pix
17428;2026-03-29;1263;25;3;1;310;0%;310;Cartão de Crédito
17429;2025-11-19;1078;33;13;1;1200;0%;1200;Pix
17430;2026-03-22;1372;22;5;2;850;0%;1700;Pix
17431;2026-08-30;2463;12;12;3;180;0%;540;Pix
17432;2026-05-18;2299;37;15;1;140;0%;140;Cartão de Crédito
17433;2025-12-21;1300;16;4;2;520;0%;1040;Pix
17434;2026-03-25;2225;26;8;1;2200;0%;2200;Boleto
17435;2025-11-22;24;11;6;2;3800;0%;7600;Cartão de Crédito
17436;2025-12-02;1897;1;4;2;4500;0%;9000;Cartão de Crédito
17437;2025-10-24;878;13;3;3;2900;0%;8700;Cartão de Crédito
17438;2026-05-26;206;10;2;1;50;0%;50;Cartão de Débito
17439;2025-11-24;337;23;9;1;400;0%;400;Pix
17440;2026-07-16;2126;15;2;1;750;0%;750;Boleto
17441;2025-09-28;2186;32;9;1;480;0%;480;Cartão de Crédito
17442;2026-04-26;1291;31;11;1;120;0%;120;Pix
17443;2026-03-15;1830;13;16;1;2900;5%;2755;Cartão de Débito
17444;2026-01-16;1189;28;7;2;420;0%;840;Pix
17445;2025-11-27;2296;42;6;1;35;0%;35;Pix
17446;2026-01-07;2484;43;3;1;65;0%;65;Cartão de Débito
17447;2025-12-17;522;2;3;2;80;0%;160;Boleto
17448;2026-06-20;988;34;14;1;890;0%;890;Cartão de Crédito
17449;2026-03-30;2377;1;9;1;4500;0%;4500;Boleto
17450;2026-07-28;2120;9;8;2;150;0%;300;Cartão de Crédito
17451;2026-03-14;2407;22;17;3;850;0%;2550;Pix
17452;2026-08-06;41;30;17;5;160;0%;800;Boleto
17453;2026-01-29;1598;3;17;2;250;5%;475;Boleto
17454;2026-05-24;846;17;5;1;650;0%;650;Boleto
17455;2026-07-04;1857;20;11;1;190;0%;190;Cartão de Crédito
17456;2026-05-31;1118;16;11;5;520;5%;2470;Boleto
17457;2026-04-18;581;44;16;5;55;0%;275;Cartão de Débito
17458;2025-11-05;777;21;15;1;1600;5%;1520;Boleto
17459;2025-10-09;589;14;9;1;350;0%;350;Cartão de Crédito
17460;2026-02-12;1608;31;17;2;120;5%;228;Cartão de Crédito
17461;2026-01-31;1425;1;18;1;4500;0%;4500;Cartão de Crédito
17462;2026-07-23;120;13;2;3;2900;0%;8700;Pix
17463;2026-03-25;1636;13;1;1;2900;0%;2900;Cartão de Crédito
17464;2026-07-02;1217;13;15;1;2900;0%;2900;Pix
17465;2026-06-07;813;16;2;1;520;0%;520;Cartão de Débito
17466;2026-04-13;603;39;14;1;290;0%;290;Boleto
17467;2026-02-07;1661;44;11;1;55;5%;52,25;Cartão de Crédito
17468;2026-05-27;2179;19;18;1;490;0%;490;Pix
17469;2026-05-25;727;27;9;1;350;0%;350;Cartão de Crédito
17470;2026-01-27;1231;10;13;1;50;0%;50;Pix
17471;2026-01-14;337;8;5;2;110;0%;220;Cartão de Crédito
17472;2026-06-10;1148;23;5;4;400;0%;1600;Pix
17473;2026-08-29;176;6;6;1;220;0%;220;Cartão de Débito
17474;2026-05-04;1253;19;8;1;490;0%;490;Pix
17475;2026-08-28;2323;9;2;1;150;0%;150;Cartão de Crédito
17476;2026-07-10;2113;10;3;2;50;0%;100;Cartão de Crédito
17477;2026-08-28;328;4;5;2;1400;0%;2800;Cartão de Crédito
17478;2025-11-21;156;21;6;1;1600;0%;1600;Cartão de Débito
17479;2025-10-19;1398;2;4;3;80;0%;240;Cartão de Crédito
17480;2025-11-21;2080;12;12;3;180;0%;540;Pix
17481;2025-10-22;862;20;13;1;190;0%;190;Cartão de Crédito
17482;2026-05-30;1143;11;2;1;3800;0%;3800;Boleto
17483;2026-02-25;1191;36;4;3;550;0%;1650;Cartão de Crédito
17484;2026-03-29;1360;24;6;1;380;0%;380;Cartão de Crédito
17485;2026-01-07;2002;19;1;1;490;0%;490;Cartão de Débito
17486;2025-09-12;2202;2;15;2;80;0%;160;Cartão de Crédito
17487;2026-05-25;1951;9;12;1;150;0%;150;Pix
17488;2025-10-21;221;20;2;1;190;10%;171;Pix
17489;2025-12-26;721;12;6;4;180;0%;720;Cartão de Crédito
17490;2026-04-20;109;12;16;3;180;10%;486;Pix
17491;2026-01-13;1176;3;15;1;250;0%;250;Cartão de Crédito
17492;2026-05-30;1176;17;8;2;650;0%;1300;Pix
17493;2025-12-03;1746;4;15;3;1400;0%;4200;Pix
17494;2026-01-21;2179;3;10;1;250;0%;250;Pix
17495;2026-04-16;1115;38;8;2;390;0%;780;Cartão de Débito
17496;2025-10-21;254;35;7;1;250;0%;250;Cartão de Débito
17497;2025-11-22;895;27;8;1;350;0%;350;Cartão de Crédito
17498;2026-06-17;1450;25;9;1;310;0%;310;Cartão de Crédito
17499;2026-01-14;1830;21;14;1;1600;0%;1600;Pix
17500;2026-05-16;968;38;2;3;390;0%;1170;Cartão de Crédito
17501;2026-03-13;2245;32;11;1;480;0%;480;Cartão de Crédito
17502;2026-06-14;713;33;3;1;1200;10%;1080;Pix
17503;2026-07-26;1732;22;9;2;850;0%;1700;Pix
17504;2026-03-05;2468;2;14;1;80;0%;80;Cartão de Crédito
17505;2026-06-18;609;29;5;1;380;0%;380;Boleto
17506;2026-01-28;844;9;3;1;150;0%;150;Cartão de Crédito
17507;2025-11-20;328;2;5;1;80;0%;80;Cartão de Crédito
17508;2026-03-13;1498;20;17;1;190;0%;190;Cartão de Crédito
17509;2026-05-26;2129;5;7;2;950;10%;1710;Cartão de Crédito
17510;2026-07-24;690;6;7;2;220;10%;396;Boleto
17511;2025-09-22;1955;14;18;1;350;0%;350;Cartão de Crédito
17512;2025-11-12;1095;15;4;1;750;0%;750;Cartão de Crédito
17513;2025-11-16;1352;12;15;2;180;0%;360;Pix
17514;2025-09-22;1690;11;15;1;3800;0%;3800;Cartão de Crédito
17515;2025-10-11;1873;33;16;1;1200;5%;1140;Boleto
17516;2026-07-26;764;9;10;1;150;0%;150;Cartão de Débito
17517;2026-01-19;1408;37;10;1;140;0%;140;Cartão de Débito
17518;2026-05-10;1335;13;15;1;2900;0%;2900;Pix
17519;2025-10-17;423;37;8;2;140;5%;266;Cartão de Crédito
17520;2025-11-07;1532;13;14;1;2900;10%;2610;Cartão de Crédito
17521;2026-06-08;1993;9;7;2;150;0%;300;Cartão de Crédito
17522;2025-11-10;170;34;5;1;890;0%;890;Pix
17523;2026-02-11;645;5;13;5;950;0%;4750;Cartão de Crédito
17524;2026-02-10;1300;19;14;3;490;0%;1470;Cartão de Crédito
17525;2026-01-08;2343;11;9;4;3800;0%;15200;Cartão de Crédito
17526;2026-04-18;2165;15;10;1;750;0%;750;Boleto
17527;2026-03-21;2104;16;7;1;520;0%;520;Cartão de Crédito
17528;2026-09-09;408;3;1;2;250;0%;500;Cartão de Crédito
17529;2026-07-02;60;6;7;1;220;0%;220;Pix
17530;2026-03-08;2273;34;12;1;890;0%;890;Pix
17531;2026-05-27;1951;12;5;1;180;0%;180;Cartão de Crédito
17532;2026-03-24;780;18;6;1;280;0%;280;Pix
17533;2026-09-02;1940;4;12;1;1400;0%;1400;Pix
17534;2025-09-29;768;14;16;5;350;0%;1750;Cartão de Crédito
17535;2026-08-02;291;6;5;2;220;0%;440;Boleto
17536;2026-03-30;1253;23;6;2;400;0%;800;Cartão de Crédito
17537;2025-11-07;28;29;6;1;380;0%;380;Pix
17538;2026-01-10;2252;6;15;1;220;5%;209;Cartão de Crédito
17539;2025-12-04;2115;42;18;2;35;5%;66,5;Cartão de Crédito
17540;2025-09-27;2002;17;8;2;650;0%;1300;Cartão de Crédito
17541;2026-04-22;1697;4;10;1;1400;0%;1400;Cartão de Débito
17542;2026-06-30;2022;27;2;2;350;0%;700;Cartão de Crédito
17543;2026-03-24;1282;27;1;1;350;10%;315;Boleto
17544;2026-08-27;480;8;13;3;110;0%;330;Cartão de Crédito
17545;2026-08-17;1095;30;8;1;160;5%;152;Cartão de Crédito
17546;2026-08-16;982;2;12;3;80;0%;240;Pix
17547;2026-04-11;588;29;7;1;380;0%;380;Cartão de Crédito
17548;2026-07-06;1366;11;1;2;3800;5%;7220;Boleto
17549;2025-12-09;300;14;3;1;350;0%;350;Cartão de Crédito
17550;2025-11-12;2084;3;16;1;250;5%;237,5;Cartão de Crédito
17551;2025-09-14;181;24;1;1;380;0%;380;Cartão de Débito
17552;2025-10-02;2202;11;5;2;3800;10%;6840;Cartão de Crédito
17553;2025-12-12;524;11;2;2;3800;0%;7600;Pix
17554;2026-03-14;966;11;5;1;3800;0%;3800;Cartão de Crédito
17555;2025-12-06;175;13;18;1;2900;5%;2755;Cartão de Crédito
17556;2026-07-09;963;4;12;1;1400;0%;1400;Cartão de Crédito
17557;2026-03-27;202;9;17;2;150;0%;300;Cartão de Crédito
17558;2026-07-01;2165;31;1;2;120;0%;240;Cartão de Crédito
17559;2026-02-08;1740;33;13;2;1200;0%;2400;Pix
17560;2025-10-18;1831;8;4;2;110;0%;220;Cartão de Crédito
17561;2025-09-19;378;25;10;4;310;0%;1240;Cartão de Crédito
17562;2026-05-10;2198;11;6;1;3800;0%;3800;Pix
17563;2026-01-24;1908;2;12;1;80;0%;80;Pix
17564;2026-06-28;409;33;4;1;1200;0%;1200;Cartão de Crédito
17565;2026-05-19;785;2;2;1;80;5%;76;Cartão de Crédito
17566;2026-03-31;1716;16;11;1;520;0%;520;Cartão de Crédito
17567;2025-10-11;1651;16;17;1;520;0%;520;Pix
17568;2026-06-10;2059;2;12;2;80;5%;152;Cartão de Crédito
17569;2026-05-06;1760;21;2;1;1600;10%;1440;Cartão de Crédito
17570;2025-12-14;1905;25;7;2;310;0%;620;Cartão de Crédito
17571;2025-11-13;1740;4;1;1;1400;0%;1400;Pix
17572;2026-01-12;1427;36;2;2;550;0%;1100;Cartão de Crédito
17573;2025-11-29;1251;12;11;1;180;0%;180;Pix
17574;2025-09-19;1614;26;7;1;2200;0%;2200;Pix
17575;2025-11-15;1897;6;2;2;220;0%;440;Pix
17576;2026-08-31;1432;14;5;2;350;0%;700;Cartão de Débito
17577;2026-01-30;361;26;14;2;2200;0%;4400;Pix
17578;2026-07-20;1054;20;11;5;190;0%;950;Cartão de Débito
17579;2026-04-20;1228;1;13;1;4500;0%;4500;Cartão de Crédito
17580;2026-06-13;1703;32;13;1;480;0%;480;Cartão de Crédito
17581;2026-05-09;1625;39;9;3;290;0%;870;Cartão de Crédito
17582;2026-04-10;492;6;9;5;220;0%;1100;Cartão de Crédito
17583;2025-12-05;2069;9;10;1;150;0%;150;Cartão de Crédito
17584;2025-09-16;72;11;1;2;3800;0%;7600;Pix
17585;2025-09-18;450;32;7;1;480;0%;480;Cartão de Crédito
17586;2026-04-27;1078;30;7;1;160;0%;160;Cartão de Débito
17587;2026-04-29;2092;1;9;2;4500;5%;8550;Cartão de Crédito
17588;2026-05-20;400;17;1;1;650;0%;650;Cartão de Crédito
17589;2026-05-13;985;23;17;1;400;0%;400;Pix
17590;2025-12-12;781;22;6;1;850;0%;850;Boleto
17591;2025-11-26;1332;38;18;5;390;0%;1950;Cartão de Crédito
17592;2026-08-31;914;33;8;1;1200;0%;1200;Pix
17593;2026-05-16;1752;4;6;1;1400;0%;1400;Cartão de Crédito
17594;2026-08-06;579;8;7;1;110;0%;110;Cartão de Crédito
17595;2026-01-10;1101;40;11;1;600;0%;600;Cartão de Crédito
17596;2025-10-04;474;18;11;1;280;5%;266;Cartão de Crédito
17597;2026-01-31;486;17;16;1;650;5%;617,5;Pix
17598;2026-05-22;1659;3;12;2;250;0%;500;Pix
17599;2026-05-06;2208;36;14;2;550;0%;1100;Cartão de Crédito
17600;2026-04-23;322;26;2;1;2200;0%;2200;Cartão de Débito
17601;2026-09-04;207;23;2;1;400;0%;400;Cartão de Crédito
17602;2025-09-21;1440;29;3;1;380;5%;361;Cartão de Crédito
17603;2025-11-13;2170;8;13;2;110;0%;220;Pix
17604;2025-12-04;1099;7;16;1;320;5%;304;Pix
17605;2026-07-20;978;33;7;3;1200;5%;3420;Cartão de Crédito
17606;2026-07-29;845;33;10;5;1200;0%;6000;Boleto
17607;2026-05-30;2368;26;3;2;2200;0%;4400;Cartão de Crédito
17608;2026-02-05;230;9;5;2;150;0%;300;Cartão de Crédito
17609;2026-04-02;2412;16;13;2;520;0%;1040;Boleto
17610;2026-01-05;354;1;11;1;4500;0%;4500;Cartão de Débito
17611;2026-09-05;1424;19;12;1;490;0%;490;Cartão de Crédito
17612;2026-08-24;2154;9;2;2;150;0%;300;Cartão de Crédito
17613;2026-08-10;78;12;17;1;180;0%;180;Boleto
17614;2026-05-16;1518;23;16;1;400;0%;400;Cartão de Crédito
17615;2026-03-04;1888;22;11;2;850;0%;1700;Pix
17616;2025-11-01;869;6;4;1;220;0%;220;Cartão de Crédito
17617;2026-05-30;915;17;18;1;650;0%;650;Pix
17618;2025-11-20;789;31;16;1;120;0%;120;Cartão de Crédito
17619;2025-10-09;2202;11;9;2;3800;5%;7220;Pix
17620;2026-01-30;1050;6;13;1;220;0%;220;Boleto
17621;2026-06-13;1310;9;1;1;150;0%;150;Cartão de Crédito
17622;2025-11-04;812;35;18;1;250;0%;250;Pix
17623;2025-10-26;1002;6;17;2;220;10%;396;Cartão de Crédito
17624;2026-03-18;1222;9;4;1;150;0%;150;Cartão de Crédito
17625;2026-06-20;1265;12;6;2;180;0%;360;Pix
17626;2026-07-24;925;31;6;3;120;0%;360;Cartão de Débito
17627;2026-04-06;1147;18;11;1;280;0%;280;Cartão de Crédito
17628;2026-05-02;189;20;3;1;190;0%;190;Cartão de Crédito
17629;2026-05-10;1839;12;8;1;180;0%;180;Pix
17630;2026-01-07;1996;14;2;1;350;0%;350;Cartão de Crédito
17631;2025-10-16;194;2;14;1;80;0%;80;Cartão de Crédito
17632;2026-03-16;789;24;13;1;380;0%;380;Pix
17633;2025-10-04;1418;15;10;1;750;0%;750;Pix
17634;2026-06-28;1993;1;3;1;4500;0%;4500;Pix
17635;2025-12-15;1938;35;8;1;250;0%;250;Cartão de Crédito
17636;2025-10-22;156;42;18;2;35;0%;70;Boleto
17637;2025-11-30;1590;4;6;1;1400;0%;1400;Pix
17638;2026-08-09;1969;16;15;1;520;0%;520;Pix
17639;2026-02-19;1714;5;1;2;950;0%;1900;Cartão de Crédito
17640;2026-04-22;91;18;10;1;280;0%;280;Pix
17641;2025-11-10;2071;6;14;1;220;0%;220;Cartão de Crédito
17642;2026-07-24;1591;8;1;1;110;0%;110;Pix
17643;2026-07-21;1473;7;13;2;320;5%;608;Cartão de Crédito
17644;2026-04-06;411;22;3;1;850;0%;850;Pix
17645;2026-06-23;766;3;18;2;250;0%;500;Cartão de Crédito
17646;2026-07-04;532;4;3;1;1400;0%;1400;Cartão de Crédito
17647;2026-09-08;72;7;16;1;320;0%;320;Cartão de Crédito
17648;2026-02-19;2059;41;14;2;45;0%;90;Pix
17649;2026-02-14;899;16;12;2;520;0%;1040;Cartão de Débito
17650;2026-06-26;973;7;1;3;320;0%;960;Pix
17651;2026-07-08;2020;32;11;1;480;0%;480;Pix
17652;2026-01-04;812;8;13;2;110;0%;220;Pix
17653;2025-12-22;463;45;9;3;180;0%;540;Cartão de Crédito
17654;2026-07-05;552;23;17;1;400;0%;400;Cartão de Crédito
17655;2026-07-31;2424;12;14;1;180;0%;180;Pix
17656;2026-07-05;387;38;17;3;390;0%;1170;Pix
17657;2026-08-29;1656;7;4;2;320;0%;640;Pix
17658;2026-08-15;1946;19;11;1;490;0%;490;Boleto
17659;2026-08-09;1617;33;18;1;1200;0%;1200;Cartão de Débito
17660;2026-04-21;893;7;9;2;320;10%;576;Cartão de Crédito
17661;2026-02-21;1126;40;13;1;600;0%;600;Boleto
17662;2026-02-02;695;34;6;4;890;5%;3382;Cartão de Crédito
17663;2025-09-26;1705;28;5;1;420;0%;420;Boleto
17664;2026-03-04;1406;19;17;1;490;0%;490;Cartão de Crédito
17665;2026-01-13;224;22;1;1;850;0%;850;Cartão de Crédito
17666;2025-12-22;1433;33;18;1;1200;0%;1200;Pix
17667;2025-10-12;2261;40;15;1;600;0%;600;Cartão de Crédito
17668;2026-03-19;1662;29;8;1;380;5%;361;Boleto
17669;2026-01-20;1188;2;4;2;80;0%;160;Cartão de Débito
17670;2025-10-02;2077;15;17;1;750;0%;750;Cartão de Crédito
17671;2026-03-09;953;23;10;3;400;0%;1200;Cartão de Crédito
17672;2026-06-24;2238;10;8;2;50;0%;100;Cartão de Crédito
17673;2025-10-25;2491;17;6;1;650;0%;650;Cartão de Débito
17674;2026-04-25;671;20;15;2;190;5%;361;Boleto
17675;2026-04-26;2073;2;7;2;80;0%;160;Cartão de Crédito
17676;2026-02-06;193;15;16;5;750;0%;3750;Boleto
17677;2026-07-07;770;1;5;2;4500;0%;9000;Boleto
17678;2026-05-26;324;18;18;2;280;0%;560;Cartão de Crédito
17679;2025-10-27;1582;20;16;1;190;0%;190;Cartão de Débito
17680;2025-10-26;2012;20;15;4;190;5%;722;Boleto
17681;2026-08-18;385;14;4;2;350;0%;700;Cartão de Crédito
17682;2025-09-15;926;32;10;3;480;0%;1440;Cartão de Crédito
17683;2025-10-04;715;13;2;1;2900;0%;2900;Pix
17684;2026-05-21;897;11;14;1;3800;5%;3610;Pix
17685;2025-10-15;2041;39;10;1;290;5%;275,5;Cartão de Crédito
17686;2026-02-22;1864;13;9;1;2900;5%;2755;Boleto
17687;2025-11-05;1941;17;3;1;650;0%;650;Cartão de Crédito
17688;2026-05-27;1115;12;17;2;180;0%;360;Cartão de Crédito
17689;2025-09-14;74;37;2;4;140;5%;532;Boleto
17690;2025-09-26;63;36;3;1;550;0%;550;Boleto
17691;2026-01-06;979;8;2;1;110;0%;110;Cartão de Crédito
17692;2026-08-29;691;21;4;2;1600;5%;3040;Cartão de Crédito
17693;2026-01-31;2243;30;1;2;160;0%;320;Cartão de Crédito
17694;2026-01-20;33;25;3;3;310;0%;930;Cartão de Crédito
17695;2025-10-29;1013;7;6;1;320;0%;320;Cartão de Crédito
17696;2025-11-06;1456;5;18;1;950;5%;902,5;Cartão de Crédito
17697;2025-10-21;2377;6;5;1;220;0%;220;Cartão de Crédito
17698;2026-05-08;2016;44;5;1;55;0%;55;Cartão de Crédito
17699;2026-01-26;1183;16;8;1;520;0%;520;Cartão de Crédito
17700;2026-08-08;1837;8;14;1;110;0%;110;Pix
17701;2026-02-06;1321;17;13;1;650;0%;650;Cartão de Crédito
17702;2025-10-20;2121;8;10;3;110;0%;330;Cartão de Crédito
17703;2026-04-18;2298;18;4;1;280;0%;280;Pix
17704;2026-03-22;2234;18;7;1;280;0%;280;Pix
17705;2025-12-26;1627;18;11;4;280;0%;1120;Cartão de Crédito
17706;2026-07-26;1816;9;10;1;150;0%;150;Cartão de Crédito
17707;2026-05-19;183;8;4;3;110;0%;330;Pix
17708;2026-02-08;2111;32;15;1;480;0%;480;Pix
17709;2026-08-30;487;3;6;1;250;0%;250;Pix
17710;2026-09-04;2495;27;1;3;350;0%;1050;Cartão de Débito
17711;2026-05-31;919;23;8;2;400;0%;800;Cartão de Crédito
17712;2026-06-06;538;11;13;1;3800;0%;3800;Cartão de Débito
17713;2026-03-08;1729;25;4;2;310;0%;620;Cartão de Crédito
17714;2026-06-29;1926;15;18;1;750;0%;750;Cartão de Crédito
17715;2026-08-03;2379;11;13;1;3800;0%;3800;Cartão de Crédito
17716;2026-06-17;289;22;5;2;850;0%;1700;Pix
17717;2026-03-24;1652;27;14;2;350;5%;665;Cartão de Crédito
17718;2026-08-27;2377;45;4;2;180;0%;360;Cartão de Crédito
17719;2026-03-28;2352;32;6;1;480;0%;480;Pix
17720;2026-05-04;1856;5;1;3;950;0%;2850;Cartão de Débito
17721;2026-08-23;2058;25;14;2;310;0%;620;Boleto
17722;2026-09-03;1544;27;12;3;350;0%;1050;Pix
17723;2026-05-03;1215;5;18;1;950;0%;950;Cartão de Crédito
17724;2026-04-17;1521;17;15;1;650;0%;650;Cartão de Crédito
17725;2026-04-26;1310;18;15;1;280;0%;280;Cartão de Crédito
17726;2026-05-21;1777;3;16;1;250;5%;237,5;Cartão de Crédito
17727;2025-12-30;2077;19;1;1;490;0%;490;Cartão de Crédito
17728;2025-10-02;1894;17;11;2;650;0%;1300;Pix
17729;2025-09-29;1686;28;17;1;420;0%;420;Pix
17730;2025-11-19;788;18;8;2;280;0%;560;Pix
17731;2026-05-13;963;15;8;2;750;0%;1500;Cartão de Crédito
17732;2026-06-28;979;35;9;1;250;0%;250;Pix
17733;2026-05-09;1158;7;3;2;320;0%;640;Cartão de Crédito
17734;2026-08-18;720;2;14;1;80;0%;80;Cartão de Crédito
17735;2026-05-25;2304;42;17;2;35;0%;70;Pix
17736;2026-04-07;1384;10;15;2;50;0%;100;Pix
17737;2025-10-08;1830;19;8;2;490;5%;931;Cartão de Débito
17738;2026-08-08;2231;9;12;2;150;0%;300;Boleto
17739;2026-01-23;1650;13;1;2;2900;0%;5800;Boleto
17740;2026-03-15;637;40;3;1;600;0%;600;Pix
17741;2026-05-05;861;20;5;1;190;0%;190;Cartão de Crédito
17742;2025-10-16;1019;20;7;1;190;0%;190;Boleto
17743;2025-09-13;1361;9;17;2;150;5%;285;Pix
17744;2026-04-24;2296;11;6;1;3800;0%;3800;Pix
17745;2026-07-30;2081;14;17;1;350;0%;350;Pix
17746;2025-09-19;674;45;6;1;180;0%;180;Cartão de Crédito
17747;2026-07-10;1420;5;11;1;950;0%;950;Cartão de Crédito
17748;2026-05-25;1632;21;7;1;1600;0%;1600;Cartão de Crédito
17749;2025-10-10;2098;34;17;2;890;0%;1780;Boleto
17750;2026-06-14;882;16;16;1;520;0%;520;Pix
17751;2026-08-28;131;20;15;1;190;10%;171;Pix
17752;2026-07-15;2385;15;3;3;750;0%;2250;Cartão de Crédito
17753;2026-09-02;2463;17;1;1;650;0%;650;Cartão de Crédito
17754;2026-04-13;522;10;7;1;50;0%;50;Cartão de Crédito
17755;2026-08-28;341;44;12;1;55;0%;55;Pix
17756;2026-02-03;921;11;10;2;3800;5%;7220;Cartão de Crédito
17757;2026-02-09;323;1;16;4;4500;0%;18000;Pix
17758;2026-02-17;1861;4;1;1;1400;0%;1400;Cartão de Crédito
17759;2026-08-04;2237;33;10;1;1200;0%;1200;Cartão de Crédito
17760;2026-06-16;1627;9;16;1;150;5%;142,5;Cartão de Crédito
17761;2025-11-14;458;6;15;1;220;0%;220;Cartão de Crédito
17762;2025-12-02;1201;4;17;1;1400;0%;1400;Cartão de Crédito
17763;2026-08-01;1296;12;13;1;180;0%;180;Cartão de Crédito
17764;2026-01-12;1049;6;7;1;220;5%;209;Cartão de Crédito
17765;2026-04-16;1531;20;2;1;190;0%;190;Pix
17766;2026-07-24;1027;18;4;1;280;0%;280;Cartão de Crédito
17767;2026-04-13;579;20;13;4;190;0%;760;Cartão de Crédito
17768;2026-05-03;732;15;9;2;750;5%;1425;Cartão de Crédito
17769;2025-09-17;2071;22;13;2;850;0%;1700;Cartão de Crédito
17770;2025-12-04;2293;33;16;1;1200;0%;1200;Pix
17771;2025-10-11;342;6;8;5;220;0%;1100;Cartão de Crédito
17772;2025-11-24;414;22;12;1;850;0%;850;Cartão de Crédito
17773;2026-04-03;1737;11;15;4;3800;5%;14440;Cartão de Crédito
17774;2025-10-13;259;11;3;1;3800;0%;3800;Pix
17775;2026-05-31;1906;21;4;1;1600;0%;1600;Pix
17776;2026-05-07;456;23;1;1;400;0%;400;Cartão de Crédito
17777;2026-01-27;1367;34;6;1;890;5%;845,5;Pix
17778;2025-10-05;1952;17;3;3;650;0%;1950;Pix
17779;2026-06-03;2492;21;18;3;1600;5%;4560;Cartão de Crédito
17780;2026-08-20;92;7;5;3;320;0%;960;Pix
17781;2025-12-09;323;9;8;2;150;10%;270;Cartão de Crédito
17782;2025-11-04;2275;33;13;1;1200;5%;1140;Pix
17783;2025-09-28;1283;4;2;2;1400;0%;2800;Cartão de Débito
17784;2025-12-18;1280;38;13;1;390;5%;370,5;Pix
17785;2025-11-06;369;12;16;1;180;0%;180;Pix
17786;2026-01-11;1210;18;3;2;280;0%;560;Cartão de Crédito
17787;2026-05-17;1052;23;3;1;400;0%;400;Cartão de Crédito
17788;2026-02-01;1670;9;12;1;150;5%;142,5;Cartão de Crédito
17789;2026-03-17;1229;13;11;1;2900;0%;2900;Cartão de Crédito
17790;2025-10-25;751;6;8;4;220;0%;880;Cartão de Crédito
17791;2025-12-26;1394;10;12;3;50;0%;150;Cartão de Crédito
17792;2026-07-09;308;45;14;5;180;0%;900;Pix
17793;2026-02-13;357;12;12;1;180;0%;180;Cartão de Crédito
17794;2026-08-13;1683;38;13;1;390;0%;390;Cartão de Crédito
17795;2025-12-20;97;8;7;2;110;0%;220;Cartão de Crédito
17796;2026-03-26;819;15;8;1;750;0%;750;Pix
17797;2026-06-01;1688;13;10;4;2900;0%;11600;Cartão de Crédito
17798;2026-05-30;1637;31;11;3;120;0%;360;Cartão de Crédito
17799;2025-09-21;224;9;15;1;150;10%;135;Cartão de Crédito
17800;2026-02-09;1073;5;7;1;950;0%;950;Pix
17801;2026-02-25;735;12;11;1;180;0%;180;Cartão de Crédito
17802;2026-08-11;6;43;3;1;65;0%;65;Cartão de Débito
17803;2026-06-29;359;35;14;1;250;0%;250;Pix
17804;2026-03-18;947;29;13;1;380;0%;380;Pix
17805;2026-01-22;1889;27;1;2;350;10%;630;Cartão de Crédito
17806;2026-04-01;1783;21;14;1;1600;0%;1600;Cartão de Crédito
17807;2026-07-29;1966;32;16;1;480;0%;480;Pix
17808;2026-05-29;406;8;7;1;110;0%;110;Cartão de Crédito
17809;2026-01-25;265;36;10;1;550;5%;522,5;Pix
17810;2026-03-06;614;12;9;1;180;0%;180;Cartão de Crédito
17811;2026-01-31;2243;37;14;1;140;0%;140;Pix
17812;2026-01-30;2392;11;3;3;3800;0%;11400;Pix
17813;2026-08-28;1296;34;7;3;890;0%;2670;Pix
17814;2026-03-08;101;24;1;1;380;0%;380;Cartão de Crédito
17815;2026-08-20;1088;24;7;2;380;0%;760;Cartão de Crédito
17816;2026-03-10;311;9;17;1;150;0%;150;Cartão de Crédito
17817;2026-01-31;161;17;13;2;650;0%;1300;Boleto
17818;2025-12-27;2452;16;5;2;520;0%;1040;Boleto
17819;2026-07-16;1055;23;13;1;400;0%;400;Cartão de Crédito
17820;2026-03-17;403;17;7;3;650;0%;1950;Pix
17821;2025-11-25;1867;1;3;5;4500;0%;22500;Boleto
17822;2025-10-07;142;35;10;1;250;0%;250;Cartão de Crédito
17823;2026-07-25;2388;13;4;1;2900;0%;2900;Cartão de Crédito
17824;2025-12-09;1759;8;9;2;110;0%;220;Cartão de Crédito
17825;2026-01-10;2116;21;9;1;1600;0%;1600;Cartão de Crédito
17826;2026-05-11;106;9;18;1;150;0%;150;Pix
17827;2025-11-01;2359;12;6;1;180;0%;180;Pix
17828;2026-08-09;71;10;12;2;50;0%;100;Cartão de Crédito
17829;2025-10-06;2481;4;4;1;1400;5%;1330;Pix
17830;2026-03-27;866;33;8;1;1200;0%;1200;Cartão de Crédito
17831;2026-06-29;621;11;8;5;3800;0%;19000;Pix
17832;2026-03-31;521;2;11;2;80;5%;152;Pix
17833;2026-07-07;902;4;5;3;1400;0%;4200;Cartão de Crédito
17834;2026-06-21;1756;8;12;1;110;0%;110;Cartão de Crédito
17835;2026-05-20;491;3;4;1;250;0%;250;Cartão de Crédito
17836;2026-09-02;2489;15;6;1;750;0%;750;Cartão de Crédito
17837;2026-09-09;1201;22;4;2;850;0%;1700;Cartão de Débito
17838;2025-11-22;2093;7;7;1;320;5%;304;Boleto
17839;2025-09-13;109;36;14;1;550;0%;550;Cartão de Débito
17840;2025-12-09;979;23;18;1;400;0%;400;Cartão de Crédito
17841;2025-11-08;2099;4;7;3;1400;5%;3990;Cartão de Crédito
17842;2026-08-13;697;8;9;2;110;0%;220;Pix
17843;2026-03-17;475;10;14;1;50;0%;50;Cartão de Crédito
17844;2026-05-22;2337;21;3;2;1600;0%;3200;Cartão de Crédito
17845;2026-05-22;1844;22;13;1;850;0%;850;Cartão de Crédito
17846;2025-11-13;2348;23;14;1;400;0%;400;Cartão de Crédito
17847;2025-09-16;2013;6;3;1;220;0%;220;Pix
17848;2025-10-30;1935;16;5;1;520;0%;520;Boleto
17849;2026-07-22;612;6;8;1;220;0%;220;Cartão de Crédito
17850;2026-01-06;1337;24;4;1;380;0%;380;Cartão de Crédito
17851;2026-01-17;859;5;12;1;950;5%;902,5;Cartão de Crédito
17852;2025-12-26;338;2;12;2;80;5%;152;Pix
17853;2026-01-16;1443;13;14;1;2900;0%;2900;Cartão de Crédito
17854;2025-12-06;2226;16;15;3;520;0%;1560;Pix
17855;2025-11-21;1275;15;12;1;750;0%;750;Pix
17856;2026-09-04;91;34;9;2;890;0%;1780;Pix
17857;2026-09-01;115;1;9;1;4500;0%;4500;Cartão de Crédito
17858;2025-11-04;1092;27;15;2;350;0%;700;Cartão de Crédito
17859;2026-08-18;2034;20;3;1;190;0%;190;Pix
17860;2026-04-19;2256;14;6;3;350;0%;1050;Boleto
17861;2026-06-11;2499;10;18;1;50;0%;50;Pix
17862;2025-12-09;318;28;18;2;420;0%;840;Cartão de Débito
17863;2026-08-11;527;34;10;2;890;0%;1780;Pix
17864;2026-02-05;1582;35;18;4;250;0%;1000;Pix
17865;2025-12-03;397;19;13;1;490;0%;490;Cartão de Crédito
17866;2025-12-20;1538;27;5;1;350;5%;332,5;Cartão de Crédito
17867;2026-07-15;2000;34;1;1;890;0%;890;Pix
17868;2025-12-29;2143;7;14;1;320;0%;320;Cartão de Débito
17869;2026-08-06;1167;3;15;2;250;0%;500;Pix
17870;2026-01-08;580;8;6;1;110;0%;110;Cartão de Crédito
17871;2026-01-01;570;37;5;1;140;0%;140;Cartão de Crédito
17872;2026-01-19;651;39;14;1;290;0%;290;Cartão de Crédito
17873;2025-12-23;1856;17;18;3;650;0%;1950;Cartão de Débito
17874;2025-12-30;1609;13;17;1;2900;0%;2900;Cartão de Débito
17875;2025-10-22;650;29;11;4;380;0%;1520;Boleto
17876;2026-01-18;427;22;10;1;850;0%;850;Pix
17877;2026-03-06;559;29;17;1;380;0%;380;Cartão de Crédito
17878;2026-05-18;2218;14;9;2;350;0%;700;Boleto
17879;2026-05-14;1423;16;1;1;520;5%;494;Boleto
17880;2026-02-01;1058;34;15;4;890;0%;3560;Cartão de Crédito
17881;2026-02-03;370;7;15;1;320;0%;320;Boleto
17882;2026-04-17;1279;3;7;1;250;0%;250;Cartão de Crédito
17883;2026-01-29;1102;6;3;1;220;0%;220;Pix
17884;2025-09-13;1410;20;15;1;190;0%;190;Cartão de Crédito
17885;2026-07-09;1227;3;2;1;250;0%;250;Pix
17886;2026-03-28;1318;4;6;1;1400;5%;1330;Cartão de Crédito
17887;2026-03-10;889;28;6;2;420;0%;840;Cartão de Crédito
17888;2026-07-05;1011;19;5;1;490;0%;490;Cartão de Crédito
17889;2026-01-27;1225;17;9;2;650;10%;1170;Pix
17890;2026-08-17;2203;17;8;1;650;5%;617,5;Cartão de Crédito
17891;2026-02-01;1533;1;4;2;4500;5%;8550;Pix
17892;2026-07-04;2406;35;12;1;250;0%;250;Cartão de Crédito
17893;2026-02-22;22;39;18;2;290;0%;580;Boleto
17894;2026-08-11;2473;1;15;1;4500;0%;4500;Pix
17895;2026-05-17;1304;2;9;1;80;10%;72;Cartão de Crédito
17896;2026-05-22;559;21;18;1;1600;0%;1600;Cartão de Crédito
17897;2025-11-12;1320;22;15;1;850;5%;807,5;Cartão de Crédito
17898;2025-09-26;1753;24;14;3;380;0%;1140;Cartão de Crédito
17899;2025-12-12;1419;20;1;1;190;0%;190;Pix
17900;2025-11-04;1757;20;6;1;190;0%;190;Cartão de Crédito
17901;2025-12-16;108;35;10;1;250;10%;225;Cartão de Crédito
17902;2025-12-20;1838;10;15;5;50;0%;250;Pix
17903;2025-11-14;1062;21;10;2;1600;0%;3200;Cartão de Crédito
17904;2026-06-19;1950;33;6;2;1200;0%;2400;Cartão de Crédito
17905;2026-02-03;2122;15;9;4;750;0%;3000;Boleto
17906;2026-07-08;530;11;14;1;3800;0%;3800;Cartão de Crédito
17907;2025-11-10;1428;26;6;2;2200;0%;4400;Pix
17908;2026-06-04;974;27;1;1;350;0%;350;Cartão de Crédito
17909;2026-02-24;1741;9;18;3;150;0%;450;Cartão de Crédito
17910;2025-11-19;211;2;18;1;80;0%;80;Boleto
17911;2025-10-06;2084;2;6;2;80;0%;160;Cartão de Crédito
17912;2025-09-22;1942;4;17;1;1400;5%;1330;Cartão de Crédito
17913;2025-09-14;2433;16;17;1;520;0%;520;Pix
17914;2026-06-02;748;7;6;4;320;0%;1280;Cartão de Crédito
17915;2025-09-30;2377;31;5;1;120;0%;120;Pix
17916;2026-03-13;725;26;4;1;2200;0%;2200;Boleto
17917;2025-09-14;2431;11;9;1;3800;0%;3800;Cartão de Crédito
17918;2025-11-24;801;32;12;1;480;0%;480;Pix
17919;2026-08-25;1062;4;16;3;1400;0%;4200;Pix
17920;2026-06-28;336;11;7;2;3800;0%;7600;Pix
17921;2025-10-07;643;16;16;1;520;0%;520;Cartão de Crédito
17922;2026-07-06;536;14;1;2;350;0%;700;Cartão de Crédito
17923;2025-12-06;1291;41;3;1;45;10%;40,5;Boleto
17924;2025-09-23;64;31;6;1;120;5%;114;Cartão de Crédito
17925;2025-12-07;1963;41;18;1;45;0%;45;Pix
17926;2025-11-20;1480;15;15;2;750;0%;1500;Cartão de Crédito
17927;2026-07-01;2338;5;17;1;950;0%;950;Pix
17928;2026-06-08;1015;8;11;4;110;0%;440;Cartão de Crédito
17929;2026-07-22;1027;7;7;1;320;0%;320;Pix
17930;2025-12-07;1767;28;2;1;420;5%;399;Cartão de Crédito
17931;2026-01-08;730;14;6;2;350;0%;700;Pix
17932;2026-02-12;202;30;18;1;160;0%;160;Cartão de Débito
17933;2025-09-14;1917;7;16;1;320;0%;320;Boleto
17934;2026-08-06;132;41;1;1;45;0%;45;Cartão de Crédito
17935;2026-01-09;1971;9;18;2;150;0%;300;Cartão de Crédito
17936;2025-11-04;2010;8;4;1;110;0%;110;Cartão de Crédito
17937;2026-03-08;202;7;13;1;320;0%;320;Cartão de Crédito
17938;2026-06-16;1343;1;5;3;4500;5%;12825;Pix
17939;2026-02-09;1562;10;1;2;50;0%;100;Cartão de Débito
17940;2026-05-29;2090;16;18;1;520;10%;468;Cartão de Crédito
17941;2026-07-08;1513;20;6;1;190;0%;190;Pix
17942;2026-08-23;205;10;18;4;50;0%;200;Cartão de Crédito
17943;2026-02-26;480;5;12;2;950;0%;1900;Cartão de Crédito
17944;2025-10-25;766;5;5;1;950;10%;855;Pix
17945;2026-08-08;2090;43;14;1;65;0%;65;Pix
17946;2026-03-27;187;26;1;1;2200;0%;2200;Pix
17947;2026-07-02;2390;10;15;3;50;5%;142,5;Cartão de Crédito
17948;2026-08-31;1187;13;9;1;2900;0%;2900;Boleto
17949;2025-11-07;422;15;15;3;750;0%;2250;Cartão de Crédito
17950;2025-11-07;1529;17;2;1;650;0%;650;Pix
17951;2026-01-10;1662;23;10;2;400;0%;800;Pix
17952;2026-05-26;2001;15;8;1;750;0%;750;Pix
17953;2026-05-11;516;7;12;1;320;0%;320;Cartão de Crédito
17954;2026-07-23;88;17;4;3;650;0%;1950;Cartão de Débito
17955;2025-11-25;1295;39;14;1;290;0%;290;Boleto
17956;2026-05-29;1144;9;17;1;150;0%;150;Pix
17957;2026-08-31;835;30;9;1;160;0%;160;Cartão de Crédito
17958;2026-01-07;555;27;15;1;350;5%;332,5;Boleto
17959;2026-06-15;1747;8;16;1;110;0%;110;Pix
17960;2025-10-20;1374;34;10;1;890;0%;890;Pix
17961;2026-08-14;755;18;11;1;280;0%;280;Cartão de Débito
17962;2026-08-22;2437;43;11;1;65;0%;65;Pix
17963;2026-05-18;335;33;10;2;1200;0%;2400;Pix
17964;2026-04-24;2035;44;2;2;55;0%;110;Cartão de Crédito
17965;2025-10-04;1916;6;3;2;220;0%;440;Cartão de Crédito
17966;2026-07-16;342;29;2;1;380;0%;380;Cartão de Crédito
17967;2026-01-08;1502;4;7;1;1400;5%;1330;Pix
17968;2026-01-02;1646;24;8;3;380;10%;1026;Pix
17969;2026-03-09;609;5;4;1;950;0%;950;Cartão de Crédito
17970;2026-07-29;1926;8;6;1;110;0%;110;Pix
17971;2025-12-24;1089;3;1;3;250;0%;750;Pix
17972;2026-03-04;355;25;12;1;310;0%;310;Cartão de Crédito
17973;2026-02-23;2184;9;18;2;150;0%;300;Cartão de Crédito
17974;2026-08-08;1778;12;14;1;180;0%;180;Cartão de Crédito
17975;2026-01-16;452;6;9;1;220;0%;220;Cartão de Crédito
17976;2026-08-19;907;31;18;1;120;0%;120;Pix
17977;2026-05-08;232;14;13;1;350;0%;350;Cartão de Crédito
17978;2025-11-07;264;31;11;1;120;5%;114;Pix
17979;2026-02-14;598;27;4;3;350;0%;1050;Pix
17980;2025-11-08;2138;18;17;2;280;5%;532;Cartão de Crédito
17981;2026-07-26;1385;22;9;1;850;0%;850;Pix
17982;2026-07-14;470;24;5;1;380;0%;380;Pix
17983;2026-09-10;1583;19;11;2;490;0%;980;Pix
17984;2026-08-21;2379;32;11;1;480;0%;480;Cartão de Crédito
17985;2025-11-11;1950;29;7;1;380;0%;380;Cartão de Crédito
17986;2026-01-09;1614;13;13;2;2900;0%;5800;Pix
17987;2026-04-16;1252;30;18;1;160;0%;160;Cartão de Crédito
17988;2025-11-12;1142;4;8;1;1400;0%;1400;Pix
17989;2025-10-27;893;11;15;1;3800;5%;3610;Pix
17990;2026-01-25;96;4;1;2;1400;0%;2800;Cartão de Crédito
17991;2026-09-05;381;39;18;1;290;0%;290;Cartão de Crédito
17992;2025-10-11;480;10;4;1;50;0%;50;Cartão de Crédito
17993;2025-09-14;1679;29;8;2;380;0%;760;Cartão de Crédito
17994;2026-06-23;675;26;6;1;2200;0%;2200;Boleto
17995;2026-01-30;1112;33;8;1;1200;0%;1200;Cartão de Crédito
17996;2025-12-02;1575;38;12;1;390;0%;390;Cartão de Crédito
17997;2026-01-25;2329;38;11;3;390;0%;1170;Cartão de Crédito
17998;2025-10-23;2105;14;17;1;350;0%;350;Cartão de Crédito
17999;2025-11-12;2373;11;16;1;3800;0%;3800;Boleto
18000;2026-05-26;1354;32;11;1;480;5%;456;Cartão de Crédito
18001;2025-10-15;1844;43;4;1;65;5%;61,75;Pix
18002;2026-03-08;1168;15;8;1;750;5%;712,5;Boleto
18003;2026-04-05;2373;9;18;1;150;0%;150;Pix
18004;2025-10-02;875;8;9;1;110;0%;110;Cartão de Crédito
18005;2026-03-18;2468;4;9;2;1400;5%;2660;Cartão de Crédito
18006;2026-06-12;2435;32;7;2;480;0%;960;Boleto
18007;2025-09-26;1162;44;9;1;55;0%;55;Cartão de Débito
18008;2025-10-07;2149;2;2;1;80;0%;80;Pix
18009;2026-07-20;285;32;2;1;480;0%;480;Cartão de Crédito
18010;2025-09-14;1706;9;11;2;150;0%;300;Cartão de Débito
18011;2026-04-05;2216;15;3;1;750;0%;750;Pix
18012;2026-07-17;2195;24;7;2;380;0%;760;Cartão de Crédito
18013;2025-12-17;781;20;3;1;190;0%;190;Cartão de Crédito
18014;2026-04-03;1928;4;6;4;1400;0%;5600;Cartão de Crédito
18015;2026-03-30;1577;2;10;2;80;10%;144;Cartão de Débito
18016;2025-09-20;974;13;2;1;2900;0%;2900;Cartão de Crédito
18017;2026-04-28;1422;32;1;1;480;0%;480;Cartão de Débito
18018;2026-03-03;2310;19;1;3;490;0%;1470;Pix
18019;2026-08-13;1764;27;9;1;350;0%;350;Cartão de Crédito
18020;2025-09-22;2114;9;4;1;150;0%;150;Pix
18021;2025-10-12;1539;10;15;1;50;5%;47,5;Pix
18022;2025-11-07;236;21;4;2;1600;0%;3200;Cartão de Crédito
18023;2026-04-26;1540;39;12;1;290;0%;290;Boleto
18024;2025-11-01;73;26;11;1;2200;0%;2200;Pix
18025;2026-07-18;665;26;1;1;2200;0%;2200;Cartão de Crédito
18026;2026-06-15;1567;9;11;1;150;0%;150;Pix
18027;2025-12-31;2044;9;10;1;150;0%;150;Cartão de Crédito
18028;2026-07-05;1113;1;12;1;4500;10%;4050;Pix
18029;2026-08-31;1464;38;18;1;390;5%;370,5;Cartão de Crédito
18030;2025-12-21;2433;8;7;1;110;0%;110;Pix
18031;2025-10-25;2152;33;12;1;1200;0%;1200;Pix
18032;2026-04-22;1578;21;11;1;1600;0%;1600;Pix
18033;2026-01-21;2314;9;8;2;150;0%;300;Cartão de Crédito
18034;2026-01-20;1894;9;17;2;150;0%;300;Boleto
18035;2025-11-05;606;9;14;1;150;0%;150;Cartão de Débito
18036;2026-06-03;2246;32;17;1;480;0%;480;Cartão de Crédito
18037;2025-11-14;30;26;16;1;2200;5%;2090;Cartão de Crédito
18038;2026-07-30;2286;10;13;2;50;5%;95;Cartão de Crédito
18039;2026-09-07;977;5;6;2;950;10%;1710;Cartão de Crédito
18040;2025-10-12;332;24;15;1;380;5%;361;Cartão de Débito
18041;2025-10-02;893;10;1;1;50;5%;47,5;Cartão de Crédito
18042;2026-05-21;2152;14;4;2;350;0%;700;Pix
18043;2026-05-07;1736;24;5;1;380;0%;380;Pix
18044;2026-01-17;708;26;11;1;2200;0%;2200;Pix
18045;2026-03-02;2176;10;18;2;50;0%;100;Cartão de Débito
18046;2025-11-09;348;29;4;1;380;0%;380;Cartão de Crédito
18047;2025-12-05;1802;31;15;1;120;0%;120;Cartão de Crédito
18048;2026-04-14;404;7;12;1;320;0%;320;Cartão de Crédito
18049;2025-10-30;2235;11;1;3;3800;0%;11400;Cartão de Crédito
18050;2026-04-30;2060;14;9;4;350;0%;1400;Pix
18051;2026-02-18;520;1;9;1;4500;0%;4500;Pix
18052;2026-03-30;1919;15;14;1;750;0%;750;Cartão de Débito
18053;2026-09-05;80;15;2;1;750;0%;750;Cartão de Crédito
18054;2026-01-20;570;16;12;1;520;0%;520;Pix
18055;2026-07-20;1818;9;14;2;150;0%;300;Cartão de Crédito
18056;2026-02-20;2036;23;3;2;400;0%;800;Cartão de Crédito
18057;2025-12-15;1387;42;9;1;35;0%;35;Cartão de Crédito
18058;2026-02-11;1434;16;18;1;520;10%;468;Cartão de Crédito
18059;2026-02-13;1805;12;12;1;180;0%;180;Pix
18060;2025-10-26;2438;20;13;1;190;0%;190;Cartão de Crédito
18061;2025-10-14;1042;18;1;1;280;0%;280;Cartão de Crédito
18062;2025-10-16;1084;11;1;1;3800;0%;3800;Pix
18063;2026-09-01;2407;23;1;1;400;5%;380;Cartão de Crédito
18064;2026-03-02;1244;9;10;1;150;0%;150;Pix
18065;2026-02-18;2341;4;14;1;1400;0%;1400;Pix
18066;2025-12-08;1533;17;5;1;650;0%;650;Cartão de Crédito
18067;2025-11-07;1725;26;12;1;2200;0%;2200;Pix
18068;2026-01-16;2260;18;15;1;280;0%;280;Cartão de Crédito
18069;2026-01-01;2385;20;2;3;190;0%;570;Cartão de Crédito
18070;2026-05-04;1654;24;13;2;380;0%;760;Cartão de Crédito
18071;2026-04-05;1991;12;12;1;180;5%;171;Cartão de Débito
18072;2026-09-06;622;19;9;1;490;0%;490;Cartão de Crédito
18073;2026-08-07;1219;26;6;1;2200;0%;2200;Pix
18074;2025-09-19;986;33;4;1;1200;5%;1140;Boleto
18075;2026-02-23;1970;30;16;1;160;0%;160;Cartão de Crédito
18076;2025-09-16;1657;42;12;1;35;0%;35;Cartão de Crédito
18077;2026-06-24;270;8;4;1;110;0%;110;Cartão de Débito
18078;2025-11-18;1137;12;12;1;180;0%;180;Boleto
18079;2025-10-11;1937;10;15;4;50;0%;200;Cartão de Débito
18080;2026-06-20;958;15;14;1;750;0%;750;Cartão de Crédito
18081;2026-01-04;1341;25;2;1;310;10%;279;Pix
18082;2026-08-23;1727;14;17;1;350;0%;350;Cartão de Crédito
18083;2025-10-06;422;15;5;1;750;0%;750;Cartão de Crédito
18084;2025-11-25;1883;21;4;1;1600;0%;1600;Pix
18085;2026-04-14;1701;6;6;1;220;0%;220;Cartão de Crédito
18086;2025-12-26;2488;6;8;1;220;0%;220;Pix
18087;2026-03-14;739;5;14;1;950;0%;950;Cartão de Crédito
18088;2025-09-12;348;1;15;1;4500;0%;4500;Boleto
18089;2026-07-31;1833;2;6;1;80;0%;80;Cartão de Crédito
18090;2026-04-13;1407;12;11;3;180;0%;540;Cartão de Crédito
18091;2026-05-28;276;2;7;2;80;0%;160;Cartão de Débito
18092;2025-11-16;1781;38;4;2;390;0%;780;Pix
18093;2025-12-18;1375;16;9;1;520;0%;520;Cartão de Crédito
18094;2025-11-20;1854;7;1;1;320;0%;320;Cartão de Crédito
18095;2025-10-24;2257;5;5;2;950;0%;1900;Cartão de Crédito
18096;2025-12-30;829;22;5;1;850;0%;850;Cartão de Crédito
18097;2026-08-07;236;23;2;2;400;5%;760;Pix
18098;2025-12-06;1329;31;8;2;120;0%;240;Pix
18099;2025-10-04;1129;32;13;1;480;0%;480;Pix
18100;2026-05-11;1266;23;1;1;400;0%;400;Pix
18101;2026-05-02;385;7;18;1;320;0%;320;Cartão de Crédito
18102;2026-03-21;902;7;8;1;320;0%;320;Boleto
18103;2025-11-08;318;26;11;1;2200;0%;2200;Boleto
18104;2026-04-06;1209;28;17;2;420;0%;840;Boleto
18105;2026-01-02;1327;21;14;1;1600;0%;1600;Cartão de Débito
18106;2025-12-11;2276;4;15;1;1400;0%;1400;Boleto
18107;2026-03-04;792;9;4;1;150;0%;150;Cartão de Crédito
18108;2026-05-30;1060;32;18;1;480;0%;480;Cartão de Crédito
18109;2026-01-11;974;30;13;1;160;0%;160;Pix
18110;2026-02-06;2305;40;5;2;600;0%;1200;Boleto
18111;2025-11-07;1412;15;5;1;750;0%;750;Cartão de Crédito
18112;2026-09-07;2405;37;14;1;140;0%;140;Pix
18113;2026-01-19;1491;10;17;2;50;0%;100;Pix
18114;2026-05-09;259;23;13;1;400;0%;400;Cartão de Crédito
18115;2026-03-27;796;43;7;2;65;0%;130;Pix
18116;2025-10-06;850;33;5;1;1200;0%;1200;Cartão de Débito
18117;2025-12-03;394;44;14;1;55;5%;52,25;Boleto
18118;2026-06-21;2104;34;2;2;890;5%;1691;Boleto
18119;2026-05-08;13;40;4;1;600;0%;600;Pix
18120;2026-06-01;639;32;3;2;480;0%;960;Cartão de Crédito
18121;2026-09-05;1370;1;11;2;4500;0%;9000;Boleto
18122;2026-05-20;1077;33;3;2;1200;0%;2400;Cartão de Crédito
18123;2025-11-19;1507;17;4;1;650;0%;650;Cartão de Crédito
18124;2025-12-12;426;17;18;3;650;0%;1950;Cartão de Crédito
18125;2026-06-18;781;3;7;1;250;5%;237,5;Cartão de Crédito
18126;2026-02-07;63;24;3;2;380;0%;760;Cartão de Crédito
18127;2026-05-10;2356;32;3;3;480;5%;1368;Cartão de Crédito
18128;2026-07-12;1246;20;9;2;190;0%;380;Pix
18129;2026-09-04;1401;3;12;1;250;0%;250;Pix
18130;2026-05-12;1790;39;13;3;290;5%;826,5;Cartão de Crédito
18131;2026-07-06;1544;14;5;1;350;0%;350;Cartão de Crédito
18132;2026-03-07;826;5;14;1;950;0%;950;Cartão de Crédito
18133;2026-05-01;423;15;4;1;750;0%;750;Pix
18134;2026-05-18;504;2;5;1;80;0%;80;Cartão de Crédito
18135;2025-10-04;935;2;10;1;80;0%;80;Cartão de Crédito
18136;2026-03-18;1965;11;9;1;3800;0%;3800;Pix
18137;2025-11-13;1821;11;11;1;3800;0%;3800;Cartão de Débito
18138;2026-03-25;1412;5;6;1;950;5%;902,5;Cartão de Crédito
18139;2025-12-27;24;14;2;2;350;0%;700;Cartão de Crédito
18140;2025-11-17;758;15;10;1;750;0%;750;Cartão de Débito
18141;2025-12-12;529;25;8;1;310;0%;310;Cartão de Crédito
18142;2026-04-30;376;42;13;1;35;0%;35;Cartão de Crédito
18143;2026-03-28;1275;10;8;1;50;0%;50;Cartão de Crédito
18144;2026-01-01;789;17;12;1;650;0%;650;Pix
18145;2025-10-25;2455;5;15;2;950;0%;1900;Boleto
18146;2026-07-29;655;32;3;2;480;0%;960;Cartão de Crédito
18147;2025-10-15;282;35;11;1;250;0%;250;Boleto
18148;2025-11-19;663;9;15;1;150;0%;150;Cartão de Crédito
18149;2025-09-16;2370;13;7;3;2900;0%;8700;Cartão de Crédito
18150;2025-10-10;1728;1;16;1;4500;0%;4500;Cartão de Crédito
18151;2026-04-19;1052;45;5;1;180;0%;180;Pix
18152;2025-10-06;478;35;3;2;250;0%;500;Pix
18153;2026-05-25;1006;19;3;1;490;0%;490;Cartão de Crédito
18154;2025-10-02;319;2;2;2;80;5%;152;Cartão de Crédito
18155;2026-07-22;470;28;1;1;420;0%;420;Boleto
18156;2026-08-26;1075;45;13;1;180;0%;180;Pix
18157;2025-09-30;197;13;11;1;2900;0%;2900;Cartão de Crédito
18158;2025-12-16;192;29;10;1;380;5%;361;Cartão de Crédito
18159;2026-07-08;1395;14;13;1;350;0%;350;Cartão de Crédito
18160;2026-04-13;2191;30;13;2;160;0%;320;Pix
18161;2026-09-10;1419;38;3;5;390;0%;1950;Pix
18162;2025-09-22;821;15;18;1;750;0%;750;Pix
18163;2026-07-14;1468;2;7;5;80;0%;400;Cartão de Crédito
18164;2026-05-11;744;14;5;2;350;0%;700;Cartão de Crédito
18165;2026-05-05;2169;17;8;2;650;0%;1300;Cartão de Crédito
18166;2026-07-02;749;8;1;2;110;5%;209;Pix
18167;2025-12-06;1395;3;7;1;250;0%;250;Cartão de Crédito
18168;2025-12-13;1260;44;9;2;55;0%;110;Cartão de Crédito
18169;2026-06-09;2228;31;18;1;120;10%;108;Cartão de Crédito
18170;2025-09-23;2015;15;14;1;750;0%;750;Pix
18171;2026-07-15;1785;11;12;1;3800;0%;3800;Cartão de Crédito
18172;2026-05-06;1938;3;13;2;250;0%;500;Cartão de Crédito
18173;2026-02-20;1278;44;7;1;55;0%;55;Pix
18174;2026-07-01;1444;10;6;1;50;0%;50;Cartão de Crédito
18175;2026-06-22;2322;19;4;2;490;0%;980;Boleto
18176;2026-01-21;1736;13;8;2;2900;0%;5800;Boleto
18177;2025-10-19;681;9;10;1;150;0%;150;Cartão de Crédito
18178;2026-03-06;969;37;9;1;140;0%;140;Pix
18179;2026-05-02;1072;21;3;1;1600;0%;1600;Pix
18180;2025-10-21;1664;4;2;1;1400;5%;1330;Cartão de Crédito
18181;2026-05-30;1087;14;15;1;350;5%;332,5;Pix
18182;2026-06-17;494;25;18;1;310;5%;294,5;Cartão de Crédito
18183;2025-12-01;594;4;6;1;1400;0%;1400;Cartão de Crédito
18184;2025-12-30;1092;36;9;2;550;0%;1100;Cartão de Crédito
18185;2026-08-02;2347;17;10;1;650;5%;617,5;Cartão de Débito
18186;2026-02-01;1860;17;10;2;650;0%;1300;Boleto
18187;2026-06-13;1245;5;17;1;950;0%;950;Pix
18188;2026-03-12;1619;11;10;1;3800;0%;3800;Cartão de Crédito
18189;2026-02-13;1346;26;3;1;2200;0%;2200;Boleto
18190;2026-09-05;1076;14;6;1;350;0%;350;Cartão de Crédito
18191;2025-11-11;1508;11;15;1;3800;0%;3800;Cartão de Crédito
18192;2025-11-22;2402;24;3;1;380;0%;380;Cartão de Crédito
18193;2026-01-21;543;5;13;3;950;0%;2850;Cartão de Crédito
18194;2025-10-10;1965;1;3;1;4500;0%;4500;Boleto
18195;2026-01-02;832;10;3;1;50;5%;47,5;Cartão de Crédito
18196;2026-01-28;960;8;18;1;110;0%;110;Cartão de Crédito
18197;2025-11-17;1806;15;13;1;750;10%;675;Cartão de Crédito
18198;2026-02-03;1625;2;4;2;80;0%;160;Cartão de Crédito
18199;2025-11-18;867;26;12;3;2200;0%;6600;Cartão de Débito
18200;2026-02-24;1082;41;12;2;45;0%;90;Cartão de Crédito
18201;2026-08-04;604;43;11;1;65;0%;65;Pix
18202;2026-07-01;458;15;7;1;750;0%;750;Cartão de Crédito
18203;2026-04-26;708;2;1;2;80;0%;160;Pix
18204;2026-04-11;1920;8;15;3;110;0%;330;Cartão de Crédito
18205;2026-08-04;892;22;2;1;850;10%;765;Pix
18206;2026-07-26;1888;27;18;1;350;0%;350;Cartão de Crédito
18207;2025-09-25;988;7;7;1;320;0%;320;Cartão de Crédito
18208;2026-01-20;1640;11;18;3;3800;0%;11400;Cartão de Crédito
18209;2026-04-02;660;17;2;1;650;5%;617,5;Cartão de Crédito
18210;2026-09-12;1962;1;11;2;4500;0%;9000;Cartão de Crédito
18211;2025-12-29;2307;36;4;1;550;0%;550;Pix
18212;2026-07-15;358;12;7;3;180;0%;540;Cartão de Crédito
18213;2026-06-20;648;27;17;1;350;5%;332,5;Pix
18214;2026-08-28;2312;4;3;1;1400;0%;1400;Cartão de Débito
18215;2026-05-31;864;7;11;2;320;0%;640;Boleto
18216;2025-09-18;1813;5;8;1;950;0%;950;Cartão de Crédito
18217;2026-07-27;2050;5;10;1;950;5%;902,5;Cartão de Crédito
18218;2026-06-11;1319;10;11;3;50;5%;142,5;Cartão de Débito
18219;2025-09-17;1488;29;2;1;380;0%;380;Cartão de Crédito
18220;2026-03-31;2087;33;4;1;1200;0%;1200;Cartão de Crédito
18221;2026-03-08;385;34;3;1;890;0%;890;Cartão de Crédito
18222;2026-01-25;1698;5;5;1;950;0%;950;Boleto
18223;2026-05-05;2058;20;11;2;190;0%;380;Pix
18224;2026-04-02;1667;25;6;1;310;10%;279;Cartão de Crédito
18225;2025-10-18;1923;45;13;5;180;0%;900;Cartão de Débito
18226;2025-12-03;1893;15;6;2;750;0%;1500;Pix
18227;2026-02-17;943;1;17;2;4500;0%;9000;Pix
18228;2025-11-14;1250;36;9;1;550;10%;495;Pix
18229;2026-03-16;1678;39;12;1;290;5%;275,5;Cartão de Crédito
18230;2025-10-24;1100;4;15;1;1400;0%;1400;Cartão de Crédito
18231;2026-03-06;834;35;2;1;250;0%;250;Pix
18232;2025-10-17;1213;22;9;4;850;5%;3230;Boleto
18233;2026-03-28;871;23;8;2;400;0%;800;Pix
18234;2026-06-17;1072;18;11;1;280;0%;280;Boleto
18235;2026-02-25;1163;4;11;3;1400;0%;4200;Cartão de Débito
18236;2025-09-13;366;30;5;1;160;0%;160;Cartão de Crédito
18237;2026-08-13;583;1;5;1;4500;5%;4275;Cartão de Crédito
18238;2025-10-19;2135;28;17;1;420;0%;420;Cartão de Crédito
18239;2026-02-11;2294;32;4;3;480;10%;1296;Pix
18240;2025-12-25;324;10;5;2;50;0%;100;Cartão de Crédito
18241;2025-10-09;1466;4;8;1;1400;5%;1330;Pix
18242;2025-10-10;2268;9;17;1;150;0%;150;Boleto
18243;2026-07-25;960;21;1;2;1600;0%;3200;Boleto
18244;2026-06-28;623;32;6;2;480;0%;960;Pix
18245;2025-11-28;163;8;6;4;110;0%;440;Cartão de Crédito
18246;2026-02-17;283;16;16;1;520;5%;494;Cartão de Crédito
18247;2026-04-18;1670;29;15;5;380;0%;1900;Cartão de Crédito
18248;2025-10-05;1655;35;17;1;250;0%;250;Pix
18249;2025-12-24;2243;4;6;1;1400;0%;1400;Cartão de Crédito
18250;2026-06-21;675;5;13;1;950;0%;950;Pix
18251;2026-09-09;1675;27;15;1;350;0%;350;Cartão de Crédito
18252;2026-02-07;248;5;1;2;950;0%;1900;Cartão de Crédito
18253;2026-08-19;30;21;16;1;1600;0%;1600;Cartão de Crédito
18254;2026-05-19;907;35;11;1;250;0%;250;Cartão de Crédito
18255;2026-08-31;1203;17;14;1;650;0%;650;Cartão de Crédito
18256;2025-12-15;1497;29;12;1;380;0%;380;Boleto
18257;2026-07-11;75;21;4;1;1600;10%;1440;Cartão de Débito
18258;2025-11-23;372;2;7;1;80;5%;76;Cartão de Crédito
18259;2026-03-17;1362;27;7;3;350;5%;997,5;Pix
18260;2025-10-08;485;15;6;5;750;0%;3750;Cartão de Crédito
18261;2026-03-04;909;13;9;1;2900;5%;2755;Pix
18262;2026-08-28;814;9;14;2;150;10%;270;Cartão de Crédito
18263;2026-01-22;1593;29;14;1;380;5%;361;Cartão de Crédito
18264;2026-07-06;912;13;15;1;2900;0%;2900;Boleto
18265;2025-10-13;1746;16;16;2;520;0%;1040;Cartão de Crédito
18266;2026-08-02;1345;38;14;1;390;0%;390;Pix
18267;2026-02-11;1190;39;1;1;290;0%;290;Cartão de Crédito
18268;2025-12-28;354;14;9;1;350;10%;315;Cartão de Crédito
18269;2026-06-02;719;4;6;2;1400;0%;2800;Pix
18270;2025-11-12;304;15;9;2;750;0%;1500;Cartão de Débito
18271;2026-02-28;2023;11;6;3;3800;0%;11400;Pix
18272;2025-09-21;1422;13;12;2;2900;0%;5800;Pix
18273;2026-02-22;931;4;6;1;1400;0%;1400;Pix
18274;2025-11-02;1625;32;18;1;480;0%;480;Cartão de Crédito
18275;2026-02-25;1441;6;11;4;220;0%;880;Cartão de Crédito
18276;2025-09-12;632;7;13;1;320;5%;304;Cartão de Crédito
18277;2026-07-14;1168;37;12;1;140;0%;140;Pix
18278;2025-09-19;1445;39;17;1;290;0%;290;Pix
18279;2025-12-27;1605;8;2;2;110;5%;209;Pix
18280;2026-05-06;652;38;5;4;390;0%;1560;Pix
18281;2026-06-25;2060;1;10;3;4500;0%;13500;Cartão de Crédito
18282;2026-07-05;2362;30;7;2;160;0%;320;Cartão de Débito
18283;2026-07-05;614;19;18;1;490;0%;490;Cartão de Débito
18284;2026-08-02;2290;44;14;3;55;10%;148,5;Boleto
18285;2026-03-29;2071;4;17;3;1400;0%;4200;Boleto
18286;2025-09-19;402;35;1;2;250;0%;500;Cartão de Crédito
18287;2026-04-04;1395;29;6;3;380;0%;1140;Pix
18288;2026-06-10;1412;13;10;1;2900;5%;2755;Boleto
18289;2026-02-18;802;2;2;1;80;0%;80;Pix
18290;2026-02-19;716;11;7;2;3800;0%;7600;Boleto
18291;2026-04-17;423;8;9;1;110;0%;110;Boleto
18292;2025-10-30;1771;6;8;1;220;10%;198;Cartão de Crédito
18293;2026-08-12;1824;7;1;2;320;0%;640;Cartão de Crédito
18294;2026-05-05;664;14;16;1;350;0%;350;Pix
18295;2026-01-23;571;12;1;3;180;0%;540;Cartão de Débito
18296;2025-10-05;1432;9;2;1;150;0%;150;Cartão de Crédito
18297;2025-12-14;1204;18;1;1;280;5%;266;Cartão de Crédito
18298;2026-04-26;2336;4;8;1;1400;5%;1330;Cartão de Crédito
18299;2026-07-17;1814;42;16;1;35;0%;35;Boleto
18300;2026-06-26;2100;14;3;1;350;5%;332,5;Cartão de Débito
18301;2025-10-06;1076;38;17;1;390;5%;370,5;Pix
18302;2026-03-20;2400;7;4;3;320;5%;912;Cartão de Crédito
18303;2026-03-09;2448;30;1;1;160;5%;152;Cartão de Crédito
18304;2026-03-14;1087;28;6;1;420;0%;420;Cartão de Crédito
18305;2026-02-10;2278;15;15;1;750;0%;750;Cartão de Crédito
18306;2026-06-06;1158;17;2;2;650;5%;1235;Pix
18307;2026-02-16;430;9;10;1;150;0%;150;Cartão de Crédito
18308;2026-05-25;428;19;9;1;490;5%;465,5;Cartão de Crédito
18309;2025-09-15;2099;35;17;1;250;0%;250;Cartão de Crédito
18310;2026-05-07;1999;9;12;1;150;0%;150;Boleto
18311;2025-10-21;1325;34;13;1;890;5%;845,5;Cartão de Crédito
18312;2026-07-21;2412;43;6;1;65;0%;65;Cartão de Crédito
18313;2025-11-19;2423;17;4;1;650;0%;650;Cartão de Crédito
18314;2026-08-08;818;7;15;1;320;0%;320;Cartão de Crédito
18315;2026-08-01;2386;20;2;1;190;5%;180,5;Boleto
18316;2026-07-30;259;27;13;2;350;10%;630;Cartão de Débito
18317;2026-06-22;2145;26;10;2;2200;0%;4400;Cartão de Crédito
18318;2026-08-23;57;27;10;1;350;0%;350;Boleto
18319;2026-09-04;1957;6;13;1;220;0%;220;Pix
18320;2026-08-31;966;6;8;1;220;0%;220;Boleto
18321;2025-09-17;2384;18;10;1;280;0%;280;Pix
18322;2026-05-11;2443;9;4;1;150;5%;142,5;Cartão de Débito
18323;2026-02-15;420;19;11;1;490;0%;490;Pix
18324;2026-08-13;2362;4;6;1;1400;0%;1400;Pix
18325;2026-05-26;1237;11;5;1;3800;0%;3800;Boleto
18326;2026-05-09;1557;15;16;2;750;0%;1500;Boleto
18327;2026-05-03;1140;16;4;3;520;0%;1560;Boleto
18328;2026-04-21;1377;30;8;1;160;5%;152;Pix
18329;2026-04-27;1147;2;14;2;80;0%;160;Pix
18330;2026-03-23;1806;2;18;2;80;0%;160;Cartão de Crédito
18331;2026-03-06;1717;17;7;1;650;0%;650;Cartão de Crédito
18332;2026-08-28;1816;9;4;2;150;0%;300;Cartão de Crédito
18333;2026-03-24;1215;16;8;2;520;0%;1040;Cartão de Crédito
18334;2026-04-03;279;23;4;1;400;0%;400;Boleto
18335;2025-10-30;1659;30;17;2;160;0%;320;Cartão de Crédito
18336;2026-03-19;2408;7;12;1;320;0%;320;Pix
18337;2025-11-21;1273;5;3;1;950;0%;950;Pix
18338;2026-05-23;482;28;14;3;420;0%;1260;Boleto
18339;2026-06-06;2024;26;10;4;2200;0%;8800;Cartão de Crédito
18340;2026-05-21;2244;6;6;5;220;0%;1100;Cartão de Crédito
18341;2026-02-20;1667;9;8;1;150;0%;150;Pix
18342;2026-01-29;836;14;6;3;350;0%;1050;Pix
18343;2026-02-25;360;41;1;1;45;0%;45;Boleto
18344;2025-11-13;336;3;1;5;250;5%;1187,5;Pix
18345;2025-12-05;2281;4;17;2;1400;5%;2660;Pix
18346;2025-12-24;481;19;9;1;490;0%;490;Cartão de Crédito
18347;2026-07-01;277;10;9;3;50;5%;142,5;Cartão de Crédito
18348;2025-10-21;219;33;3;3;1200;0%;3600;Pix
18349;2025-10-27;530;16;2;1;520;0%;520;Cartão de Crédito
18350;2025-10-23;1857;14;10;4;350;0%;1400;Pix
18351;2026-05-09;1058;11;18;5;3800;0%;19000;Pix
18352;2025-10-29;1284;34;16;3;890;0%;2670;Cartão de Crédito
18353;2026-06-30;1787;32;4;2;480;5%;912;Cartão de Crédito
18354;2026-07-10;1123;5;5;1;950;0%;950;Pix
18355;2025-12-17;2051;1;2;1;4500;10%;4050;Cartão de Crédito
18356;2025-12-16;278;15;6;1;750;0%;750;Cartão de Crédito
18357;2026-01-21;1320;21;18;2;1600;5%;3040;Pix
18358;2025-11-29;1076;14;16;2;350;10%;630;Pix
18359;2025-09-16;2085;3;1;2;250;0%;500;Cartão de Crédito
18360;2026-05-25;177;17;6;1;650;0%;650;Cartão de Crédito
18361;2026-05-06;2120;5;12;1;950;0%;950;Boleto
18362;2026-04-29;1103;16;7;2;520;0%;1040;Pix
18363;2026-04-09;1181;21;6;1;1600;5%;1520;Pix
18364;2026-02-27;1125;18;6;1;280;0%;280;Pix
18365;2026-08-24;1269;7;15;1;320;0%;320;Pix
18366;2025-10-13;706;8;13;1;110;0%;110;Cartão de Crédito
18367;2026-07-28;443;13;11;1;2900;0%;2900;Cartão de Débito
18368;2026-08-16;1197;31;13;3;120;5%;342;Pix
18369;2026-04-07;1788;16;5;1;520;0%;520;Pix
18370;2025-09-12;1982;6;6;1;220;0%;220;Cartão de Crédito
18371;2026-07-01;1881;32;5;1;480;0%;480;Cartão de Crédito
18372;2025-11-18;965;24;4;1;380;0%;380;Boleto
18373;2026-06-06;1793;9;1;1;150;0%;150;Pix
18374;2026-05-30;1681;13;8;2;2900;0%;5800;Cartão de Crédito
18375;2025-12-27;1240;11;9;3;3800;0%;11400;Cartão de Crédito
18376;2026-03-10;945;35;15;2;250;0%;500;Cartão de Débito
18377;2026-03-15;192;43;18;1;65;0%;65;Pix
18378;2025-12-09;2333;1;1;2;4500;0%;9000;Cartão de Crédito
18379;2026-08-30;824;40;17;1;600;0%;600;Cartão de Crédito
18380;2026-02-23;1595;22;17;1;850;0%;850;Pix
18381;2025-10-05;567;13;18;2;2900;10%;5220;Cartão de Crédito
18382;2026-02-14;1141;32;1;1;480;0%;480;Pix
18383;2025-11-29;1847;6;17;1;220;0%;220;Pix
18384;2025-12-23;1720;17;5;1;650;0%;650;Pix
18385;2026-08-15;1551;15;18;1;750;5%;712,5;Cartão de Crédito
18386;2026-01-31;1213;14;4;5;350;0%;1750;Cartão de Crédito
18387;2026-08-28;1202;28;15;1;420;0%;420;Cartão de Crédito
18388;2026-07-15;227;32;9;3;480;0%;1440;Cartão de Crédito
18389;2026-02-05;1867;23;11;1;400;0%;400;Cartão de Crédito
18390;2025-10-23;1419;45;8;2;180;0%;360;Pix
18391;2026-05-21;2481;1;6;1;4500;10%;4050;Pix
18392;2026-04-05;74;1;14;2;4500;0%;9000;Pix
18393;2025-09-22;2212;22;5;1;850;5%;807,5;Cartão de Crédito
18394;2026-01-17;2120;36;5;1;550;0%;550;Boleto
18395;2025-09-17;67;29;1;1;380;5%;361;Pix
18396;2026-08-27;706;2;16;1;80;0%;80;Boleto
18397;2026-06-13;36;2;14;2;80;5%;152;Cartão de Crédito
18398;2026-08-04;1974;4;18;1;1400;0%;1400;Cartão de Crédito
18399;2025-11-22;1099;23;14;2;400;0%;800;Cartão de Crédito
18400;2026-02-19;1285;5;7;1;950;5%;902,5;Boleto
18401;2025-09-14;2497;6;5;2;220;5%;418;Cartão de Crédito
18402;2025-11-27;742;27;6;1;350;0%;350;Pix
18403;2025-11-12;524;17;17;1;650;0%;650;Pix
18404;2026-06-19;424;10;13;1;50;5%;47,5;Cartão de Débito
18405;2026-07-28;86;20;7;2;190;5%;361;Pix
18406;2026-02-22;2198;1;7;1;4500;0%;4500;Pix
18407;2025-12-10;613;32;8;3;480;0%;1440;Cartão de Crédito
18408;2025-12-06;2028;14;5;1;350;0%;350;Pix
18409;2026-01-05;1250;22;9;1;850;0%;850;Cartão de Crédito
18410;2025-11-21;1098;4;3;1;1400;0%;1400;Cartão de Crédito
18411;2026-03-31;238;34;17;1;890;0%;890;Cartão de Crédito
18412;2025-12-30;2279;19;17;3;490;0%;1470;Pix
18413;2026-08-07;334;18;9;1;280;0%;280;Cartão de Crédito
18414;2026-06-17;2393;8;9;3;110;0%;330;Boleto
18415;2026-06-16;684;22;6;1;850;10%;765;Boleto
18416;2025-12-30;785;14;5;2;350;0%;700;Cartão de Crédito
18417;2025-12-11;2057;5;10;2;950;5%;1805;Cartão de Crédito
18418;2026-04-17;1619;16;4;1;520;0%;520;Cartão de Crédito
18419;2026-07-17;2391;9;15;1;150;0%;150;Pix
18420;2025-10-23;186;31;17;1;120;0%;120;Cartão de Crédito
18421;2026-09-09;385;2;17;1;80;0%;80;Boleto
18422;2026-04-04;807;2;5;1;80;0%;80;Cartão de Crédito
18423;2025-11-07;983;12;8;1;180;0%;180;Cartão de Crédito
18424;2026-04-28;1303;21;6;1;1600;5%;1520;Cartão de Crédito
18425;2025-10-23;1065;19;12;1;490;0%;490;Pix
18426;2026-08-16;1464;22;10;1;850;0%;850;Cartão de Crédito
18427;2026-01-21;1830;16;5;2;520;0%;1040;Cartão de Débito
18428;2025-11-30;1959;24;1;2;380;0%;760;Cartão de Crédito
18429;2026-09-12;211;23;9;1;400;0%;400;Cartão de Crédito
18430;2026-06-03;2017;29;9;2;380;5%;722;Cartão de Crédito
18431;2026-01-20;678;39;6;1;290;0%;290;Cartão de Crédito
18432;2026-08-14;1406;1;15;1;4500;0%;4500;Cartão de Crédito
18433;2025-12-23;131;16;7;1;520;0%;520;Cartão de Crédito
18434;2026-05-21;1037;26;17;1;2200;0%;2200;Boleto
18435;2026-03-17;214;17;17;2;650;0%;1300;Cartão de Crédito
18436;2025-12-29;1794;4;9;1;1400;0%;1400;Cartão de Crédito
18437;2026-01-03;595;9;2;2;150;5%;285;Cartão de Crédito
18438;2025-10-08;1640;14;1;1;350;0%;350;Cartão de Crédito
18439;2026-08-09;2256;4;8;1;1400;0%;1400;Cartão de Crédito
18440;2025-09-13;1863;13;16;2;2900;0%;5800;Cartão de Crédito
18441;2026-01-14;1781;17;13;1;650;0%;650;Pix
18442;2026-05-17;1489;1;17;1;4500;0%;4500;Cartão de Débito
18443;2026-03-13;2383;21;17;1;1600;0%;1600;Pix
18444;2026-04-26;1993;27;3;2;350;0%;700;Cartão de Crédito
18445;2026-02-21;1917;23;8;1;400;0%;400;Pix
18446;2026-01-05;953;19;11;1;490;0%;490;Boleto
18447;2026-01-03;2055;11;7;1;3800;0%;3800;Cartão de Crédito
18448;2026-05-25;2416;24;2;3;380;0%;1140;Cartão de Crédito
18449;2025-12-15;1011;33;18;1;1200;5%;1140;Cartão de Débito
18450;2026-07-12;1193;1;2;1;4500;5%;4275;Cartão de Débito
18451;2026-02-26;1790;29;10;3;380;0%;1140;Cartão de Crédito
18452;2026-08-25;1879;5;13;2;950;10%;1710;Cartão de Crédito
18453;2025-11-04;692;5;15;1;950;0%;950;Pix
18454;2026-06-07;491;7;5;2;320;0%;640;Cartão de Crédito
18455;2026-08-24;180;18;15;1;280;0%;280;Boleto
18456;2026-07-19;1642;4;5;1;1400;5%;1330;Cartão de Crédito
18457;2026-02-02;2216;34;2;1;890;0%;890;Cartão de Crédito
18458;2026-07-03;1447;22;6;1;850;5%;807,5;Cartão de Crédito
18459;2025-12-02;1074;38;5;1;390;0%;390;Cartão de Crédito
18460;2026-05-02;1343;24;14;1;380;5%;361;Cartão de Crédito
18461;2025-11-10;1843;32;8;1;480;0%;480;Cartão de Crédito
18462;2026-04-28;620;5;2;2;950;5%;1805;Cartão de Crédito
18463;2025-10-22;1950;4;1;1;1400;0%;1400;Boleto
18464;2025-10-14;461;10;15;2;50;0%;100;Pix
18465;2026-02-23;1353;15;11;2;750;0%;1500;Cartão de Crédito
18466;2026-09-02;1604;19;15;1;490;0%;490;Cartão de Crédito
18467;2026-05-05;1206;11;16;1;3800;0%;3800;Cartão de Crédito
18468;2026-01-16;1509;42;4;2;35;0%;70;Cartão de Débito
18469;2025-10-04;1715;28;15;1;420;0%;420;Cartão de Crédito
18470;2026-02-14;1217;37;9;2;140;5%;266;Pix
18471;2026-09-01;2478;3;17;2;250;0%;500;Cartão de Crédito
18472;2026-06-27;174;12;16;1;180;0%;180;Cartão de Crédito
18473;2025-11-14;1633;26;16;2;2200;0%;4400;Boleto
18474;2026-07-30;2014;29;17;2;380;0%;760;Pix
18475;2026-09-11;2111;27;2;1;350;0%;350;Cartão de Débito
18476;2026-01-10;75;6;6;1;220;0%;220;Boleto
18477;2026-02-05;2358;18;5;1;280;0%;280;Pix
18478;2026-01-02;8;13;1;1;2900;0%;2900;Cartão de Crédito
18479;2026-06-25;879;15;8;3;750;0%;2250;Pix
18480;2026-02-13;495;38;18;3;390;0%;1170;Cartão de Crédito
18481;2026-05-15;494;2;11;3;80;0%;240;Cartão de Crédito
18482;2026-09-08;1282;41;1;1;45;0%;45;Pix
18483;2025-12-21;796;9;2;1;150;0%;150;Boleto
18484;2026-01-07;2088;4;1;1;1400;0%;1400;Boleto
18485;2025-12-18;1513;7;9;1;320;0%;320;Cartão de Crédito
18486;2025-12-26;432;44;8;1;55;0%;55;Pix
18487;2026-04-25;902;7;4;2;320;5%;608;Cartão de Crédito
18488;2025-11-28;2340;7;12;3;320;10%;864;Pix
18489;2026-09-02;119;5;9;1;950;0%;950;Cartão de Crédito
18490;2026-06-21;2109;17;18;2;650;0%;1300;Cartão de Crédito
18491;2025-11-06;2217;25;16;1;310;5%;294,5;Cartão de Crédito
18492;2026-09-06;1495;10;15;1;50;0%;50;Pix
18493;2026-01-06;566;36;6;1;550;0%;550;Cartão de Crédito
18494;2026-08-06;2390;15;5;1;750;0%;750;Boleto
18495;2026-05-16;2152;1;2;1;4500;5%;4275;Cartão de Crédito
18496;2026-07-27;2419;19;5;2;490;0%;980;Cartão de Crédito
18497;2026-06-06;964;31;18;2;120;0%;240;Cartão de Crédito
18498;2026-04-02;863;17;4;2;650;0%;1300;Cartão de Crédito
18499;2026-07-31;160;8;14;2;110;0%;220;Cartão de Crédito
18500;2025-12-12;128;2;9;2;80;10%;144;Pix
